message;severity;node;stamp;location
"Spawning turtle [turtle1] at x=[5.544445], y=[5.544445], theta=[0.000000]";"20";"turtlesim1.sim1";"1758613229.600839910";"./src/turtle_frame.cpp:spawnTurtle:209"
"Spawning turtle [turtle1] at x=[5.544445], y=[5.544445], theta=[0.000000]";"20";"turtlesim2.sim2";"1758613229.597198861";"./src/turtle_frame.cpp:spawnTurtle:209"
"Spawning turtle [turtle1] at x=[5.544445], y=[5.544445], theta=[0.000000]";"20";"turtlesim3.sim3";"1758613229.595008528";"./src/turtle_frame.cpp:spawnTurtle:209"
"Starting turtlesim with node name /turtlesim1/sim1";"20";"turtlesim1.sim1";"1758613229.581292600";"./src/turtle_frame.cpp:TurtleFrame:112"
"Starting turtlesim with node name /turtlesim2/sim2";"20";"turtlesim2.sim2";"1758613229.579170209";"./src/turtle_frame.cpp:TurtleFrame:112"
"Starting turtlesim with node name /turtlesim3/sim3";"20";"turtlesim3.sim3";"1758613229.578920041";"./src/turtle_frame.cpp:TurtleFrame:112"
"Oh no! I hit the wall! (Clamping from [x=4.051012, y=11.117064])";"30";"turtlesim3.sim3";"1758613521.988765396";"./src/turtle.cpp:update:260"
"Oh no! I hit the wall! (Clamping from [x=4.035839, y=11.117064])";"30";"turtlesim3.sim3";"1758613521.972890739";"./src/turtle.cpp:update:260"
"Oh no! I hit the wall! (Clamping from [x=4.051012, y=11.117064])";"30";"turtlesim2.sim2";"1758613521.956651415";"./src/turtle.cpp:update:260"
"Oh no! I hit the wall! (Clamping from [x=4.020667, y=11.117064])";"30";"turtlesim3.sim3";"1758613521.956531762";"./src/turtle.cpp:update:260"
"Oh no! I hit the wall! (Clamping from [x=4.035839, y=11.117064])";"30";"turtlesim2.sim2";"1758613521.940227442";"./src/turtle.cpp:update:260"
"Oh no! I hit the wall! (Clamping from [x=4.005495, y=11.117064])";"30";"turtlesim3.sim3";"1758613521.940008512";"./src/turtle.cpp:update:260"
"Oh no! I hit the wall! (Clamping from [x=5.124129, y=11.117064])";"30";"turtlesim1.sim1";"1758613521.924704160";"./src/turtle.cpp:update:260"
"Oh no! I hit the wall! (Clamping from [x=4.020667, y=11.117064])";"30";"turtlesim2.sim2";"1758613521.924383550";"./src/turtle.cpp:update:260"
"Oh no! I hit the wall! (Clamping from [x=3.990322, y=11.117064])";"30";"turtlesim3.sim3";"1758613521.923976246";"./src/turtle.cpp:update:260"
"Oh no! I hit the wall! (Clamping from [x=3.975150, y=11.117064])";"30";"turtlesim3.sim3";"1758613521.908406387";"./src/turtle.cpp:update:260"
"Oh no! I hit the wall! (Clamping from [x=4.005495, y=11.117064])";"30";"turtlesim2.sim2";"1758613521.908406520";"./src/turtle.cpp:update:260"
"Oh no! I hit the wall! (Clamping from [x=5.108956, y=11.117064])";"30";"turtlesim1.sim1";"1758613521.908363450";"./src/turtle.cpp:update:260"
"Oh no! I hit the wall! (Clamping from [x=5.093784, y=11.117064])";"30";"turtlesim1.sim1";"1758613521.892851271";"./src/turtle.cpp:update:260"
"Oh no! I hit the wall! (Clamping from [x=3.990322, y=11.117064])";"30";"turtlesim2.sim2";"1758613521.892835221";"./src/turtle.cpp:update:260"
"Oh no! I hit the wall! (Clamping from [x=3.959978, y=11.117064])";"30";"turtlesim3.sim3";"1758613521.892170118";"./src/turtle.cpp:update:260"
"Oh no! I hit the wall! (Clamping from [x=5.078612, y=11.117064])";"30";"turtlesim1.sim1";"1758613521.876824789";"./src/turtle.cpp:update:260"
"Oh no! I hit the wall! (Clamping from [x=3.944805, y=11.117064])";"30";"turtlesim3.sim3";"1758613521.876647851";"./src/turtle.cpp:update:260"
"Oh no! I hit the wall! (Clamping from [x=3.975150, y=11.117064])";"30";"turtlesim2.sim2";"1758613521.876648597";"./src/turtle.cpp:update:260"
"Oh no! I hit the wall! (Clamping from [x=5.063439, y=11.117064])";"30";"turtlesim1.sim1";"1758613521.860810257";"./src/turtle.cpp:update:260"
"Oh no! I hit the wall! (Clamping from [x=3.959978, y=11.117064])";"30";"turtlesim2.sim2";"1758613521.860572337";"./src/turtle.cpp:update:260"
"Oh no! I hit the wall! (Clamping from [x=3.929633, y=11.117064])";"30";"turtlesim3.sim3";"1758613521.860220562";"./src/turtle.cpp:update:260"
"Oh no! I hit the wall! (Clamping from [x=3.914461, y=11.117064])";"30";"turtlesim3.sim3";"1758613521.844876313";"./src/turtle.cpp:update:260"
"Oh no! I hit the wall! (Clamping from [x=5.048267, y=11.117064])";"30";"turtlesim1.sim1";"1758613521.844703665";"./src/turtle.cpp:update:260"
"Oh no! I hit the wall! (Clamping from [x=3.944805, y=11.117064])";"30";"turtlesim2.sim2";"1758613521.843994345";"./src/turtle.cpp:update:260"
"Oh no! I hit the wall! (Clamping from [x=5.033095, y=11.117064])";"30";"turtlesim1.sim1";"1758613521.829157623";"./src/turtle.cpp:update:260"
"Oh no! I hit the wall! (Clamping from [x=3.899288, y=11.117064])";"30";"turtlesim3.sim3";"1758613521.828347726";"./src/turtle.cpp:update:260"
"Oh no! I hit the wall! (Clamping from [x=3.929633, y=11.117064])";"30";"turtlesim2.sim2";"1758613521.827875591";"./src/turtle.cpp:update:260"
"Oh no! I hit the wall! (Clamping from [x=3.914461, y=11.117064])";"30";"turtlesim2.sim2";"1758613521.812421268";"./src/turtle.cpp:update:260"
"Oh no! I hit the wall! (Clamping from [x=5.017923, y=11.117064])";"30";"turtlesim1.sim1";"1758613521.812292768";"./src/turtle.cpp:update:260"
"Oh no! I hit the wall! (Clamping from [x=3.884116, y=11.117064])";"30";"turtlesim3.sim3";"1758613521.811978641";"./src/turtle.cpp:update:260"
"Oh no! I hit the wall! (Clamping from [x=3.899288, y=11.117064])";"30";"turtlesim2.sim2";"1758613521.796901060";"./src/turtle.cpp:update:260"
"Oh no! I hit the wall! (Clamping from [x=5.002750, y=11.117064])";"30";"turtlesim1.sim1";"1758613521.796722154";"./src/turtle.cpp:update:260"
"Oh no! I hit the wall! (Clamping from [x=3.868944, y=11.117064])";"30";"turtlesim3.sim3";"1758613521.796482307";"./src/turtle.cpp:update:260"
"Oh no! I hit the wall! (Clamping from [x=4.987578, y=11.117064])";"30";"turtlesim1.sim1";"1758613521.780865070";"./src/turtle.cpp:update:260"
"Oh no! I hit the wall! (Clamping from [x=3.884116, y=11.117064])";"30";"turtlesim2.sim2";"1758613521.780466531";"./src/turtle.cpp:update:260"
"Oh no! I hit the wall! (Clamping from [x=3.853771, y=11.117064])";"30";"turtlesim3.sim3";"1758613521.780043285";"./src/turtle.cpp:update:260"
"Oh no! I hit the wall! (Clamping from [x=3.868944, y=11.117064])";"30";"turtlesim2.sim2";"1758613521.764868900";"./src/turtle.cpp:update:260"
"Oh no! I hit the wall! (Clamping from [x=3.838599, y=11.117064])";"30";"turtlesim3.sim3";"1758613521.764743170";"./src/turtle.cpp:update:260"
"Oh no! I hit the wall! (Clamping from [x=4.972406, y=11.117064])";"30";"turtlesim1.sim1";"1758613521.764047608";"./src/turtle.cpp:update:260"
"Oh no! I hit the wall! (Clamping from [x=3.823427, y=11.117064])";"30";"turtlesim3.sim3";"1758613521.748609791";"./src/turtle.cpp:update:260"
"Oh no! I hit the wall! (Clamping from [x=4.957233, y=11.117064])";"30";"turtlesim1.sim1";"1758613521.748464748";"./src/turtle.cpp:update:260"
"Oh no! I hit the wall! (Clamping from [x=3.853771, y=11.117064])";"30";"turtlesim2.sim2";"1758613521.747951957";"./src/turtle.cpp:update:260"
"Oh no! I hit the wall! (Clamping from [x=4.942061, y=11.117064])";"30";"turtlesim1.sim1";"1758613521.732475453";"./src/turtle.cpp:update:260"
"Oh no! I hit the wall! (Clamping from [x=3.838599, y=11.117064])";"30";"turtlesim2.sim2";"1758613521.732459229";"./src/turtle.cpp:update:260"
"Oh no! I hit the wall! (Clamping from [x=3.808254, y=11.117064])";"30";"turtlesim3.sim3";"1758613521.732249774";"./src/turtle.cpp:update:260"
"Oh no! I hit the wall! (Clamping from [x=4.926889, y=11.117064])";"30";"turtlesim1.sim1";"1758613521.716988171";"./src/turtle.cpp:update:260"
"Oh no! I hit the wall! (Clamping from [x=3.823427, y=11.117064])";"30";"turtlesim2.sim2";"1758613521.716062348";"./src/turtle.cpp:update:260"
"Oh no! I hit the wall! (Clamping from [x=3.793082, y=11.117064])";"30";"turtlesim3.sim3";"1758613521.715916958";"./src/turtle.cpp:update:260"
"Oh no! I hit the wall! (Clamping from [x=3.777910, y=11.117064])";"30";"turtlesim3.sim3";"1758613521.700918678";"./src/turtle.cpp:update:260"
"Oh no! I hit the wall! (Clamping from [x=4.911716, y=11.117064])";"30";"turtlesim1.sim1";"1758613521.700818557";"./src/turtle.cpp:update:260"
"Oh no! I hit the wall! (Clamping from [x=3.808254, y=11.117064])";"30";"turtlesim2.sim2";"1758613521.700536109";"./src/turtle.cpp:update:260"
"Oh no! I hit the wall! (Clamping from [x=3.762737, y=11.117064])";"30";"turtlesim3.sim3";"1758613521.684639506";"./src/turtle.cpp:update:260"
"Oh no! I hit the wall! (Clamping from [x=4.896544, y=11.117064])";"30";"turtlesim1.sim1";"1758613521.684303003";"./src/turtle.cpp:update:260"
"Oh no! I hit the wall! (Clamping from [x=3.793082, y=11.117064])";"30";"turtlesim2.sim2";"1758613521.683996585";"./src/turtle.cpp:update:260"
"Oh no! I hit the wall! (Clamping from [x=4.881372, y=11.117064])";"30";"turtlesim1.sim1";"1758613521.668692010";"./src/turtle.cpp:update:260"
"Oh no! I hit the wall! (Clamping from [x=3.777910, y=11.117064])";"30";"turtlesim2.sim2";"1758613521.668590383";"./src/turtle.cpp:update:260"
"Oh no! I hit the wall! (Clamping from [x=3.747565, y=11.117064])";"30";"turtlesim3.sim3";"1758613521.668430227";"./src/turtle.cpp:update:260"
"Oh no! I hit the wall! (Clamping from [x=3.762737, y=11.117064])";"30";"turtlesim2.sim2";"1758613521.652521329";"./src/turtle.cpp:update:260"
"Oh no! I hit the wall! (Clamping from [x=4.866199, y=11.117064])";"30";"turtlesim1.sim1";"1758613521.652204892";"./src/turtle.cpp:update:260"
"Oh no! I hit the wall! (Clamping from [x=3.732393, y=11.117064])";"30";"turtlesim3.sim3";"1758613521.652122491";"./src/turtle.cpp:update:260"
"Oh no! I hit the wall! (Clamping from [x=3.747565, y=11.117064])";"30";"turtlesim2.sim2";"1758613521.636732012";"./src/turtle.cpp:update:260"
"Oh no! I hit the wall! (Clamping from [x=4.851027, y=11.117064])";"30";"turtlesim1.sim1";"1758613521.636645738";"./src/turtle.cpp:update:260"
"Oh no! I hit the wall! (Clamping from [x=3.717221, y=11.117064])";"30";"turtlesim3.sim3";"1758613521.636592731";"./src/turtle.cpp:update:260"
"Oh no! I hit the wall! (Clamping from [x=4.835855, y=11.117064])";"30";"turtlesim1.sim1";"1758613521.620791542";"./src/turtle.cpp:update:260"
"Oh no! I hit the wall! (Clamping from [x=3.732393, y=11.117064])";"30";"turtlesim2.sim2";"1758613521.620604502";"./src/turtle.cpp:update:260"
"Oh no! I hit the wall! (Clamping from [x=3.702048, y=11.117064])";"30";"turtlesim3.sim3";"1758613521.620378988";"./src/turtle.cpp:update:260"
"Oh no! I hit the wall! (Clamping from [x=3.686876, y=11.117064])";"30";"turtlesim3.sim3";"1758613521.604910864";"./src/turtle.cpp:update:260"
"Oh no! I hit the wall! (Clamping from [x=4.820682, y=11.117064])";"30";"turtlesim1.sim1";"1758613521.604157717";"./src/turtle.cpp:update:260"
"Oh no! I hit the wall! (Clamping from [x=3.717221, y=11.117064])";"30";"turtlesim2.sim2";"1758613521.603957290";"./src/turtle.cpp:update:260"
"Oh no! I hit the wall! (Clamping from [x=3.702048, y=11.117064])";"30";"turtlesim2.sim2";"1758613521.588850821";"./src/turtle.cpp:update:260"
"Oh no! I hit the wall! (Clamping from [x=4.805510, y=11.117064])";"30";"turtlesim1.sim1";"1758613521.588800657";"./src/turtle.cpp:update:260"
"Oh no! I hit the wall! (Clamping from [x=3.671704, y=11.117064])";"30";"turtlesim3.sim3";"1758613521.588492081";"./src/turtle.cpp:update:260"
"Oh no! I hit the wall! (Clamping from [x=3.686876, y=11.117064])";"30";"turtlesim2.sim2";"1758613521.572633468";"./src/turtle.cpp:update:260"
"Oh no! I hit the wall! (Clamping from [x=3.656531, y=11.117064])";"30";"turtlesim3.sim3";"1758613521.572285546";"./src/turtle.cpp:update:260"
"Oh no! I hit the wall! (Clamping from [x=4.790338, y=11.117064])";"30";"turtlesim1.sim1";"1758613521.572086773";"./src/turtle.cpp:update:260"
"Oh no! I hit the wall! (Clamping from [x=4.775165, y=11.117064])";"30";"turtlesim1.sim1";"1758613521.556616199";"./src/turtle.cpp:update:260"
"Oh no! I hit the wall! (Clamping from [x=3.671704, y=11.117064])";"30";"turtlesim2.sim2";"1758613521.556295491";"./src/turtle.cpp:update:260"
"Oh no! I hit the wall! (Clamping from [x=3.641359, y=11.117064])";"30";"turtlesim3.sim3";"1758613521.555967692";"./src/turtle.cpp:update:260"
"Oh no! I hit the wall! (Clamping from [x=3.626187, y=11.117064])";"30";"turtlesim3.sim3";"1758613521.541048075";"./src/turtle.cpp:update:260"
"Oh no! I hit the wall! (Clamping from [x=4.759993, y=11.117064])";"30";"turtlesim1.sim1";"1758613521.540276532";"./src/turtle.cpp:update:260"
"Oh no! I hit the wall! (Clamping from [x=3.656531, y=11.117064])";"30";"turtlesim2.sim2";"1758613521.539951966";"./src/turtle.cpp:update:260"
"Oh no! I hit the wall! (Clamping from [x=4.744821, y=11.117064])";"30";"turtlesim1.sim1";"1758613521.525024370";"./src/turtle.cpp:update:260"
"Oh no! I hit the wall! (Clamping from [x=3.641359, y=11.117064])";"30";"turtlesim2.sim2";"1758613521.524339008";"./src/turtle.cpp:update:260"
"Oh no! I hit the wall! (Clamping from [x=3.611014, y=11.117064])";"30";"turtlesim3.sim3";"1758613521.524139492";"./src/turtle.cpp:update:260"
"Oh no! I hit the wall! (Clamping from [x=3.626187, y=11.117064])";"30";"turtlesim2.sim2";"1758613521.508738616";"./src/turtle.cpp:update:260"
"Oh no! I hit the wall! (Clamping from [x=4.729648, y=11.117064])";"30";"turtlesim1.sim1";"1758613521.508495846";"./src/turtle.cpp:update:260"
"Oh no! I hit the wall! (Clamping from [x=3.595842, y=11.117064])";"30";"turtlesim3.sim3";"1758613521.508452476";"./src/turtle.cpp:update:260"
"Oh no! I hit the wall! (Clamping from [x=4.714476, y=11.117064])";"30";"turtlesim1.sim1";"1758613521.492830610";"./src/turtle.cpp:update:260"
"Oh no! I hit the wall! (Clamping from [x=3.611014, y=11.117064])";"30";"turtlesim2.sim2";"1758613521.492566155";"./src/turtle.cpp:update:260"
"Oh no! I hit the wall! (Clamping from [x=3.580670, y=11.117064])";"30";"turtlesim3.sim3";"1758613521.492075877";"./src/turtle.cpp:update:260"
"Oh no! I hit the wall! (Clamping from [x=3.565497, y=11.117064])";"30";"turtlesim3.sim3";"1758613521.476578029";"./src/turtle.cpp:update:260"
"Oh no! I hit the wall! (Clamping from [x=4.699304, y=11.117064])";"30";"turtlesim1.sim1";"1758613521.476374418";"./src/turtle.cpp:update:260"
"Oh no! I hit the wall! (Clamping from [x=3.595842, y=11.117064])";"30";"turtlesim2.sim2";"1758613521.476370976";"./src/turtle.cpp:update:260"
"Oh no! I hit the wall! (Clamping from [x=3.550325, y=11.117064])";"30";"turtlesim3.sim3";"1758613521.460382195";"./src/turtle.cpp:update:260"
"Oh no! I hit the wall! (Clamping from [x=4.684131, y=11.117064])";"30";"turtlesim1.sim1";"1758613521.460045703";"./src/turtle.cpp:update:260"
"Oh no! I hit the wall! (Clamping from [x=3.580670, y=11.117064])";"30";"turtlesim2.sim2";"1758613521.460070187";"./src/turtle.cpp:update:260"
"Oh no! I hit the wall! (Clamping from [x=3.565497, y=11.117064])";"30";"turtlesim2.sim2";"1758613521.444766540";"./src/turtle.cpp:update:260"
"Oh no! I hit the wall! (Clamping from [x=4.668959, y=11.117064])";"30";"turtlesim1.sim1";"1758613521.444676312";"./src/turtle.cpp:update:260"
"Oh no! I hit the wall! (Clamping from [x=3.535153, y=11.117064])";"30";"turtlesim3.sim3";"1758613521.444655776";"./src/turtle.cpp:update:260"
"Oh no! I hit the wall! (Clamping from [x=3.550325, y=11.117064])";"30";"turtlesim2.sim2";"1758613521.428240429";"./src/turtle.cpp:update:260"
"Oh no! I hit the wall! (Clamping from [x=3.519980, y=11.117064])";"30";"turtlesim3.sim3";"1758613521.428246535";"./src/turtle.cpp:update:260"
"Oh no! I hit the wall! (Clamping from [x=4.653787, y=11.117064])";"30";"turtlesim1.sim1";"1758613521.428114987";"./src/turtle.cpp:update:260"
"Oh no! I hit the wall! (Clamping from [x=3.504808, y=11.117064])";"30";"turtlesim3.sim3";"1758613521.412790261";"./src/turtle.cpp:update:260"
"Oh no! I hit the wall! (Clamping from [x=4.638614, y=11.117064])";"30";"turtlesim1.sim1";"1758613521.412698491";"./src/turtle.cpp:update:260"
"Oh no! I hit the wall! (Clamping from [x=3.535153, y=11.117064])";"30";"turtlesim2.sim2";"1758613521.412697211";"./src/turtle.cpp:update:260"
"Oh no! I hit the wall! (Clamping from [x=3.519980, y=11.117064])";"30";"turtlesim2.sim2";"1758613521.396427803";"./src/turtle.cpp:update:260"
"Oh no! I hit the wall! (Clamping from [x=4.623442, y=11.117064])";"30";"turtlesim1.sim1";"1758613521.396410532";"./src/turtle.cpp:update:260"
"Oh no! I hit the wall! (Clamping from [x=3.489636, y=11.117064])";"30";"turtlesim3.sim3";"1758613521.396245146";"./src/turtle.cpp:update:260"
"Oh no! I hit the wall! (Clamping from [x=4.608270, y=11.117064])";"30";"turtlesim1.sim1";"1758613521.380972684";"./src/turtle.cpp:update:260"
"Oh no! I hit the wall! (Clamping from [x=3.504808, y=11.117064])";"30";"turtlesim2.sim2";"1758613521.380878968";"./src/turtle.cpp:update:260"
"Oh no! I hit the wall! (Clamping from [x=3.474463, y=11.117064])";"30";"turtlesim3.sim3";"1758613521.380385725";"./src/turtle.cpp:update:260"
"Oh no! I hit the wall! (Clamping from [x=3.459291, y=11.117064])";"30";"turtlesim3.sim3";"1758613521.364746073";"./src/turtle.cpp:update:260"
"Oh no! I hit the wall! (Clamping from [x=3.489636, y=11.117064])";"30";"turtlesim2.sim2";"1758613521.364695617";"./src/turtle.cpp:update:260"
"Oh no! I hit the wall! (Clamping from [x=4.593097, y=11.117064])";"30";"turtlesim1.sim1";"1758613521.364235309";"./src/turtle.cpp:update:260"
"Oh no! I hit the wall! (Clamping from [x=4.577925, y=11.117064])";"30";"turtlesim1.sim1";"1758613521.348530182";"./src/turtle.cpp:update:260"
"Oh no! I hit the wall! (Clamping from [x=3.474463, y=11.117064])";"30";"turtlesim2.sim2";"1758613521.348445195";"./src/turtle.cpp:update:260"
"Oh no! I hit the wall! (Clamping from [x=3.444119, y=11.117064])";"30";"turtlesim3.sim3";"1758613521.348010391";"./src/turtle.cpp:update:260"
"Oh no! I hit the wall! (Clamping from [x=3.428946, y=11.117064])";"30";"turtlesim3.sim3";"1758613521.332501723";"./src/turtle.cpp:update:260"
"Oh no! I hit the wall! (Clamping from [x=4.562753, y=11.117064])";"30";"turtlesim1.sim1";"1758613521.332140802";"./src/turtle.cpp:update:260"
"Oh no! I hit the wall! (Clamping from [x=3.459291, y=11.117064])";"30";"turtlesim2.sim2";"1758613521.332081118";"./src/turtle.cpp:update:260"
"Oh no! I hit the wall! (Clamping from [x=4.547580, y=11.117064])";"30";"turtlesim1.sim1";"1758613521.316957550";"./src/turtle.cpp:update:260"
"Oh no! I hit the wall! (Clamping from [x=3.444119, y=11.117064])";"30";"turtlesim2.sim2";"1758613521.316738567";"./src/turtle.cpp:update:260"
"Oh no! I hit the wall! (Clamping from [x=3.413774, y=11.117064])";"30";"turtlesim3.sim3";"1758613521.316610495";"./src/turtle.cpp:update:260"
"Oh no! I hit the wall! (Clamping from [x=3.398602, y=11.117064])";"30";"turtlesim3.sim3";"1758613521.301040960";"./src/turtle.cpp:update:260"
"Oh no! I hit the wall! (Clamping from [x=4.532408, y=11.117064])";"30";"turtlesim1.sim1";"1758613521.300763461";"./src/turtle.cpp:update:260"
"Oh no! I hit the wall! (Clamping from [x=3.428946, y=11.117064])";"30";"turtlesim2.sim2";"1758613521.300163843";"./src/turtle.cpp:update:260"
"Oh no! I hit the wall! (Clamping from [x=3.383429, y=11.117064])";"30";"turtlesim3.sim3";"1758613521.284882006";"./src/turtle.cpp:update:260"
"Oh no! I hit the wall! (Clamping from [x=4.517236, y=11.117064])";"30";"turtlesim1.sim1";"1758613521.284219692";"./src/turtle.cpp:update:260"
"Oh no! I hit the wall! (Clamping from [x=3.413774, y=11.117064])";"30";"turtlesim2.sim2";"1758613521.284197077";"./src/turtle.cpp:update:260"
"Oh no! I hit the wall! (Clamping from [x=4.502063, y=11.117064])";"30";"turtlesim1.sim1";"1758613521.268848260";"./src/turtle.cpp:update:260"
"Oh no! I hit the wall! (Clamping from [x=3.398602, y=11.117064])";"30";"turtlesim2.sim2";"1758613521.268370356";"./src/turtle.cpp:update:260"
"Oh no! I hit the wall! (Clamping from [x=3.368257, y=11.117064])";"30";"turtlesim3.sim3";"1758613521.268288716";"./src/turtle.cpp:update:260"
"Oh no! I hit the wall! (Clamping from [x=3.383429, y=11.117064])";"30";"turtlesim2.sim2";"1758613521.252910673";"./src/turtle.cpp:update:260"
"Oh no! I hit the wall! (Clamping from [x=3.353085, y=11.117064])";"30";"turtlesim3.sim3";"1758613521.252781109";"./src/turtle.cpp:update:260"
"Oh no! I hit the wall! (Clamping from [x=4.486891, y=11.117064])";"30";"turtlesim1.sim1";"1758613521.252440506";"./src/turtle.cpp:update:260"
"Oh no! I hit the wall! (Clamping from [x=3.368257, y=11.117064])";"30";"turtlesim2.sim2";"1758613521.236849823";"./src/turtle.cpp:update:260"
"Oh no! I hit the wall! (Clamping from [x=3.337912, y=11.117064])";"30";"turtlesim3.sim3";"1758613521.236865171";"./src/turtle.cpp:update:260"
"Oh no! I hit the wall! (Clamping from [x=4.471719, y=11.117064])";"30";"turtlesim1.sim1";"1758613521.235983365";"./src/turtle.cpp:update:260"
"Oh no! I hit the wall! (Clamping from [x=4.456546, y=11.117064])";"30";"turtlesim1.sim1";"1758613521.220699777";"./src/turtle.cpp:update:260"
"Oh no! I hit the wall! (Clamping from [x=3.353085, y=11.117064])";"30";"turtlesim2.sim2";"1758613521.220301536";"./src/turtle.cpp:update:260"
"Oh no! I hit the wall! (Clamping from [x=3.322740, y=11.117064])";"30";"turtlesim3.sim3";"1758613521.220010969";"./src/turtle.cpp:update:260"
"Oh no! I hit the wall! (Clamping from [x=3.307568, y=11.117064])";"30";"turtlesim3.sim3";"1758613521.204347752";"./src/turtle.cpp:update:260"
"Oh no! I hit the wall! (Clamping from [x=4.441374, y=11.117064])";"30";"turtlesim1.sim1";"1758613521.204042289";"./src/turtle.cpp:update:260"
"Oh no! I hit the wall! (Clamping from [x=3.337912, y=11.117064])";"30";"turtlesim2.sim2";"1758613521.204061192";"./src/turtle.cpp:update:260"
"Oh no! I hit the wall! (Clamping from [x=3.322740, y=11.117064])";"30";"turtlesim2.sim2";"1758613521.188879607";"./src/turtle.cpp:update:260"
"Oh no! I hit the wall! (Clamping from [x=3.292395, y=11.117064])";"30";"turtlesim3.sim3";"1758613521.188880074";"./src/turtle.cpp:update:260"
"Oh no! I hit the wall! (Clamping from [x=4.426202, y=11.117064])";"30";"turtlesim1.sim1";"1758613521.188672111";"./src/turtle.cpp:update:260"
"Oh no! I hit the wall! (Clamping from [x=4.411029, y=11.117064])";"30";"turtlesim1.sim1";"1758613521.172960903";"./src/turtle.cpp:update:260"
"Oh no! I hit the wall! (Clamping from [x=3.307568, y=11.117064])";"30";"turtlesim2.sim2";"1758613521.172193666";"./src/turtle.cpp:update:260"
"Oh no! I hit the wall! (Clamping from [x=3.277223, y=11.117064])";"30";"turtlesim3.sim3";"1758613521.172194019";"./src/turtle.cpp:update:260"
"Oh no! I hit the wall! (Clamping from [x=4.395857, y=11.117064])";"30";"turtlesim1.sim1";"1758613521.156510058";"./src/turtle.cpp:update:260"
"Oh no! I hit the wall! (Clamping from [x=3.292395, y=11.117064])";"30";"turtlesim2.sim2";"1758613521.156233849";"./src/turtle.cpp:update:260"
"Oh no! I hit the wall! (Clamping from [x=3.262051, y=11.117064])";"30";"turtlesim3.sim3";"1758613521.156276607";"./src/turtle.cpp:update:260"
"Oh no! I hit the wall! (Clamping from [x=4.380685, y=11.117064])";"30";"turtlesim1.sim1";"1758613521.140903713";"./src/turtle.cpp:update:260"
"Oh no! I hit the wall! (Clamping from [x=3.246878, y=11.117064])";"30";"turtlesim3.sim3";"1758613521.140684060";"./src/turtle.cpp:update:260"
"Oh no! I hit the wall! (Clamping from [x=3.277223, y=11.117064])";"30";"turtlesim2.sim2";"1758613521.140346479";"./src/turtle.cpp:update:260"
"Oh no! I hit the wall! (Clamping from [x=3.262051, y=11.117064])";"30";"turtlesim2.sim2";"1758613521.124512299";"./src/turtle.cpp:update:260"
"Oh no! I hit the wall! (Clamping from [x=4.365512, y=11.117064])";"30";"turtlesim1.sim1";"1758613521.124401574";"./src/turtle.cpp:update:260"
"Oh no! I hit the wall! (Clamping from [x=3.231706, y=11.117064])";"30";"turtlesim3.sim3";"1758613521.124231192";"./src/turtle.cpp:update:260"
"Oh no! I hit the wall! (Clamping from [x=3.216534, y=11.117064])";"30";"turtlesim3.sim3";"1758613521.108982671";"./src/turtle.cpp:update:260"
"Oh no! I hit the wall! (Clamping from [x=3.246878, y=11.117064])";"30";"turtlesim2.sim2";"1758613521.108324615";"./src/turtle.cpp:update:260"
"Oh no! I hit the wall! (Clamping from [x=4.350340, y=11.117064])";"30";"turtlesim1.sim1";"1758613521.108093695";"./src/turtle.cpp:update:260"
"Oh no! I hit the wall! (Clamping from [x=3.201361, y=11.117064])";"30";"turtlesim3.sim3";"1758613521.092705086";"./src/turtle.cpp:update:260"
"Oh no! I hit the wall! (Clamping from [x=4.335168, y=11.117064])";"30";"turtlesim1.sim1";"1758613521.092533061";"./src/turtle.cpp:update:260"
"Oh no! I hit the wall! (Clamping from [x=3.231706, y=11.117064])";"30";"turtlesim2.sim2";"1758613521.092569765";"./src/turtle.cpp:update:260"
"Oh no! I hit the wall! (Clamping from [x=3.216534, y=11.117064])";"30";"turtlesim2.sim2";"1758613521.076630731";"./src/turtle.cpp:update:260"
"Oh no! I hit the wall! (Clamping from [x=4.319995, y=11.117064])";"30";"turtlesim1.sim1";"1758613521.076303102";"./src/turtle.cpp:update:260"
"Oh no! I hit the wall! (Clamping from [x=3.186189, y=11.117064])";"30";"turtlesim3.sim3";"1758613521.076075057";"./src/turtle.cpp:update:260"
"Oh no! I hit the wall! (Clamping from [x=3.171017, y=11.117064])";"30";"turtlesim3.sim3";"1758613521.060823928";"./src/turtle.cpp:update:260"
"Oh no! I hit the wall! (Clamping from [x=3.201361, y=11.117064])";"30";"turtlesim2.sim2";"1758613521.060793696";"./src/turtle.cpp:update:260"
"Oh no! I hit the wall! (Clamping from [x=4.304823, y=11.117064])";"30";"turtlesim1.sim1";"1758613521.060577246";"./src/turtle.cpp:update:260"
"Oh no! I hit the wall! (Clamping from [x=3.186189, y=11.117064])";"30";"turtlesim2.sim2";"1758613521.045026348";"./src/turtle.cpp:update:260"
"Oh no! I hit the wall! (Clamping from [x=4.289651, y=11.117064])";"30";"turtlesim1.sim1";"1758613521.044462996";"./src/turtle.cpp:update:260"
"Oh no! I hit the wall! (Clamping from [x=3.155844, y=11.117064])";"30";"turtlesim3.sim3";"1758613521.044437216";"./src/turtle.cpp:update:260"
"Oh no! I hit the wall! (Clamping from [x=3.140672, y=11.117064])";"30";"turtlesim3.sim3";"1758613521.028598062";"./src/turtle.cpp:update:260"
"Oh no! I hit the wall! (Clamping from [x=4.274478, y=11.117064])";"30";"turtlesim1.sim1";"1758613521.028226513";"./src/turtle.cpp:update:260"
"Oh no! I hit the wall! (Clamping from [x=3.171017, y=11.117064])";"30";"turtlesim2.sim2";"1758613521.028282798";"./src/turtle.cpp:update:260"
"Oh no! I hit the wall! (Clamping from [x=3.155844, y=11.117064])";"30";"turtlesim2.sim2";"1758613521.012627787";"./src/turtle.cpp:update:260"
"Oh no! I hit the wall! (Clamping from [x=3.125500, y=11.117064])";"30";"turtlesim3.sim3";"1758613521.012534599";"./src/turtle.cpp:update:260"
"Oh no! I hit the wall! (Clamping from [x=4.259306, y=11.117064])";"30";"turtlesim1.sim1";"1758613521.012459698";"./src/turtle.cpp:update:260"
"Oh no! I hit the wall! (Clamping from [x=4.244134, y=11.117064])";"30";"turtlesim1.sim1";"1758613520.996129433";"./src/turtle.cpp:update:260"
"Oh no! I hit the wall! (Clamping from [x=3.110327, y=11.117064])";"30";"turtlesim3.sim3";"1758613520.996171338";"./src/turtle.cpp:update:260"
"Oh no! I hit the wall! (Clamping from [x=3.140672, y=11.117064])";"30";"turtlesim2.sim2";"1758613520.996171217";"./src/turtle.cpp:update:260"
"Oh no! I hit the wall! (Clamping from [x=3.095155, y=11.117064])";"30";"turtlesim3.sim3";"1758613520.980800031";"./src/turtle.cpp:update:260"
"Oh no! I hit the wall! (Clamping from [x=3.125500, y=11.117064])";"30";"turtlesim2.sim2";"1758613520.980681839";"./src/turtle.cpp:update:260"
"Oh no! I hit the wall! (Clamping from [x=4.228961, y=11.117064])";"30";"turtlesim1.sim1";"1758613520.980412438";"./src/turtle.cpp:update:260"
"Oh no! I hit the wall! (Clamping from [x=4.213789, y=11.117064])";"30";"turtlesim1.sim1";"1758613520.965203249";"./src/turtle.cpp:update:260"
"Oh no! I hit the wall! (Clamping from [x=3.079983, y=11.117064])";"30";"turtlesim3.sim3";"1758613520.964034599";"./src/turtle.cpp:update:260"
"Oh no! I hit the wall! (Clamping from [x=3.110327, y=11.117064])";"30";"turtlesim2.sim2";"1758613520.964038432";"./src/turtle.cpp:update:260"
"Oh no! I hit the wall! (Clamping from [x=3.095155, y=11.117064])";"30";"turtlesim2.sim2";"1758613520.948270775";"./src/turtle.cpp:update:260"
"Oh no! I hit the wall! (Clamping from [x=3.064810, y=11.117064])";"30";"turtlesim3.sim3";"1758613520.948273278";"./src/turtle.cpp:update:260"
"Oh no! I hit the wall! (Clamping from [x=4.198617, y=11.117064])";"30";"turtlesim1.sim1";"1758613520.948176142";"./src/turtle.cpp:update:260"
"Oh no! I hit the wall! (Clamping from [x=3.049638, y=11.117064])";"30";"turtlesim3.sim3";"1758613520.932740247";"./src/turtle.cpp:update:260"
"Oh no! I hit the wall! (Clamping from [x=3.079983, y=11.117064])";"30";"turtlesim2.sim2";"1758613520.932650814";"./src/turtle.cpp:update:260"
"Oh no! I hit the wall! (Clamping from [x=4.183444, y=11.117064])";"30";"turtlesim1.sim1";"1758613520.932646103";"./src/turtle.cpp:update:260"
"Oh no! I hit the wall! (Clamping from [x=3.064810, y=11.117064])";"30";"turtlesim2.sim2";"1758613520.917060006";"./src/turtle.cpp:update:260"
"Oh no! I hit the wall! (Clamping from [x=4.168272, y=11.117064])";"30";"turtlesim1.sim1";"1758613520.916999376";"./src/turtle.cpp:update:260"
"Oh no! I hit the wall! (Clamping from [x=3.034466, y=11.117064])";"30";"turtlesim3.sim3";"1758613520.916966521";"./src/turtle.cpp:update:260"
"Oh no! I hit the wall! (Clamping from [x=3.049638, y=11.117064])";"30";"turtlesim2.sim2";"1758613520.900395394";"./src/turtle.cpp:update:260"
"Oh no! I hit the wall! (Clamping from [x=3.019293, y=11.117064])";"30";"turtlesim3.sim3";"1758613520.900384553";"./src/turtle.cpp:update:260"
"Oh no! I hit the wall! (Clamping from [x=4.153100, y=11.117064])";"30";"turtlesim1.sim1";"1758613520.900258887";"./src/turtle.cpp:update:260"
"Oh no! I hit the wall! (Clamping from [x=3.034466, y=11.117064])";"30";"turtlesim2.sim2";"1758613520.884918643";"./src/turtle.cpp:update:260"
"Oh no! I hit the wall! (Clamping from [x=3.004121, y=11.117064])";"30";"turtlesim3.sim3";"1758613520.884619292";"./src/turtle.cpp:update:260"
"Oh no! I hit the wall! (Clamping from [x=4.137927, y=11.117064])";"30";"turtlesim1.sim1";"1758613520.884261266";"./src/turtle.cpp:update:260"
"Oh no! I hit the wall! (Clamping from [x=2.988949, y=11.117064])";"30";"turtlesim3.sim3";"1758613520.868106110";"./src/turtle.cpp:update:260"
"Oh no! I hit the wall! (Clamping from [x=3.019293, y=11.117064])";"30";"turtlesim2.sim2";"1758613520.868118745";"./src/turtle.cpp:update:260"
"Oh no! I hit the wall! (Clamping from [x=4.122755, y=11.117064])";"30";"turtlesim1.sim1";"1758613520.868116437";"./src/turtle.cpp:update:260"
"Oh no! I hit the wall! (Clamping from [x=4.107583, y=11.117064])";"30";"turtlesim1.sim1";"1758613520.853359012";"./src/turtle.cpp:update:260"
"Oh no! I hit the wall! (Clamping from [x=3.004121, y=11.117064])";"30";"turtlesim2.sim2";"1758613520.852260086";"./src/turtle.cpp:update:260"
"Oh no! I hit the wall! (Clamping from [x=2.973776, y=11.117064])";"30";"turtlesim3.sim3";"1758613520.852260196";"./src/turtle.cpp:update:260"
"Oh no! I hit the wall! (Clamping from [x=4.092410, y=11.117064])";"30";"turtlesim1.sim1";"1758613520.836608562";"./src/turtle.cpp:update:260"
"Oh no! I hit the wall! (Clamping from [x=2.958604, y=11.117064])";"30";"turtlesim3.sim3";"1758613520.836597869";"./src/turtle.cpp:update:260"
"Oh no! I hit the wall! (Clamping from [x=2.988949, y=11.117064])";"30";"turtlesim2.sim2";"1758613520.835960146";"./src/turtle.cpp:update:260"
"Oh no! I hit the wall! (Clamping from [x=2.973776, y=11.117064])";"30";"turtlesim2.sim2";"1758613520.820324428";"./src/turtle.cpp:update:260"
"Oh no! I hit the wall! (Clamping from [x=4.077238, y=11.117064])";"30";"turtlesim1.sim1";"1758613520.820253528";"./src/turtle.cpp:update:260"
"Oh no! I hit the wall! (Clamping from [x=2.943432, y=11.117064])";"30";"turtlesim3.sim3";"1758613520.820266865";"./src/turtle.cpp:update:260"
"Oh no! I hit the wall! (Clamping from [x=2.958604, y=11.117064])";"30";"turtlesim2.sim2";"1758613520.804870480";"./src/turtle.cpp:update:260"
"Oh no! I hit the wall! (Clamping from [x=2.928259, y=11.117064])";"30";"turtlesim3.sim3";"1758613520.804867356";"./src/turtle.cpp:update:260"
"Oh no! I hit the wall! (Clamping from [x=4.062066, y=11.117064])";"30";"turtlesim1.sim1";"1758613520.804835164";"./src/turtle.cpp:update:260"
"Oh no! I hit the wall! (Clamping from [x=4.046893, y=11.117064])";"30";"turtlesim1.sim1";"1758613520.788542409";"./src/turtle.cpp:update:260"
"Oh no! I hit the wall! (Clamping from [x=2.913087, y=11.117064])";"30";"turtlesim3.sim3";"1758613520.788264268";"./src/turtle.cpp:update:260"
"Oh no! I hit the wall! (Clamping from [x=2.943432, y=11.117064])";"30";"turtlesim2.sim2";"1758613520.788127297";"./src/turtle.cpp:update:260"
"Oh no! I hit the wall! (Clamping from [x=2.897915, y=11.117064])";"30";"turtlesim3.sim3";"1758613520.772827181";"./src/turtle.cpp:update:260"
"Oh no! I hit the wall! (Clamping from [x=2.928259, y=11.117064])";"30";"turtlesim2.sim2";"1758613520.772641616";"./src/turtle.cpp:update:260"
"Oh no! I hit the wall! (Clamping from [x=4.031721, y=11.117064])";"30";"turtlesim1.sim1";"1758613520.772671920";"./src/turtle.cpp:update:260"
"Oh no! I hit the wall! (Clamping from [x=4.016549, y=11.117064])";"30";"turtlesim1.sim1";"1758613520.756826783";"./src/turtle.cpp:update:260"
"Oh no! I hit the wall! (Clamping from [x=2.882742, y=11.117064])";"30";"turtlesim3.sim3";"1758613520.756433359";"./src/turtle.cpp:update:260"
"Oh no! I hit the wall! (Clamping from [x=2.913087, y=11.117064])";"30";"turtlesim2.sim2";"1758613520.756352120";"./src/turtle.cpp:update:260"
"Oh no! I hit the wall! (Clamping from [x=2.897915, y=11.117064])";"30";"turtlesim2.sim2";"1758613520.740590038";"./src/turtle.cpp:update:260"
"Oh no! I hit the wall! (Clamping from [x=2.867570, y=11.117064])";"30";"turtlesim3.sim3";"1758613520.740542254";"./src/turtle.cpp:update:260"
"Oh no! I hit the wall! (Clamping from [x=4.001376, y=11.117064])";"30";"turtlesim1.sim1";"1758613520.740159896";"./src/turtle.cpp:update:260"
"Oh no! I hit the wall! (Clamping from [x=3.986204, y=11.117064])";"30";"turtlesim1.sim1";"1758613520.724823210";"./src/turtle.cpp:update:260"
"Oh no! I hit the wall! (Clamping from [x=2.852398, y=11.117064])";"30";"turtlesim3.sim3";"1758613520.724262153";"./src/turtle.cpp:update:260"
"Oh no! I hit the wall! (Clamping from [x=2.882742, y=11.117064])";"30";"turtlesim2.sim2";"1758613520.723937296";"./src/turtle.cpp:update:260"
"Oh no! I hit the wall! (Clamping from [x=2.837225, y=11.117064])";"30";"turtlesim3.sim3";"1758613520.708737407";"./src/turtle.cpp:update:260"
"Oh no! I hit the wall! (Clamping from [x=2.867570, y=11.117064])";"30";"turtlesim2.sim2";"1758613520.708406945";"./src/turtle.cpp:update:260"
"Oh no! I hit the wall! (Clamping from [x=3.971032, y=11.117064])";"30";"turtlesim1.sim1";"1758613520.708406898";"./src/turtle.cpp:update:260"
"Oh no! I hit the wall! (Clamping from [x=3.955860, y=11.117064])";"30";"turtlesim1.sim1";"1758613520.692968477";"./src/turtle.cpp:update:260"
"Oh no! I hit the wall! (Clamping from [x=2.822053, y=11.117064])";"30";"turtlesim3.sim3";"1758613520.692273838";"./src/turtle.cpp:update:260"
"Oh no! I hit the wall! (Clamping from [x=2.852398, y=11.117064])";"30";"turtlesim2.sim2";"1758613520.692021795";"./src/turtle.cpp:update:260"
"Oh no! I hit the wall! (Clamping from [x=2.806881, y=11.117064])";"30";"turtlesim3.sim3";"1758613520.676688547";"./src/turtle.cpp:update:260"
"Oh no! I hit the wall! (Clamping from [x=2.837225, y=11.117064])";"30";"turtlesim2.sim2";"1758613520.676239502";"./src/turtle.cpp:update:260"
"Oh no! I hit the wall! (Clamping from [x=3.940687, y=11.117064])";"30";"turtlesim1.sim1";"1758613520.676071280";"./src/turtle.cpp:update:260"
"Oh no! I hit the wall! (Clamping from [x=3.925515, y=11.117064])";"30";"turtlesim1.sim1";"1758613520.660565413";"./src/turtle.cpp:update:260"
"Oh no! I hit the wall! (Clamping from [x=2.822053, y=11.117064])";"30";"turtlesim2.sim2";"1758613520.660207602";"./src/turtle.cpp:update:260"
"Oh no! I hit the wall! (Clamping from [x=2.791708, y=11.117064])";"30";"turtlesim3.sim3";"1758613520.660051100";"./src/turtle.cpp:update:260"
"Oh no! I hit the wall! (Clamping from [x=2.806881, y=11.117064])";"30";"turtlesim2.sim2";"1758613520.644347713";"./src/turtle.cpp:update:260"
"Oh no! I hit the wall! (Clamping from [x=2.776536, y=11.117064])";"30";"turtlesim3.sim3";"1758613520.644301285";"./src/turtle.cpp:update:260"
"Oh no! I hit the wall! (Clamping from [x=3.910343, y=11.117064])";"30";"turtlesim1.sim1";"1758613520.644251828";"./src/turtle.cpp:update:260"
"Oh no! I hit the wall! (Clamping from [x=3.895170, y=11.117064])";"30";"turtlesim1.sim1";"1758613520.628385065";"./src/turtle.cpp:update:260"
"Oh no! I hit the wall! (Clamping from [x=2.791708, y=11.117064])";"30";"turtlesim2.sim2";"1758613520.628008460";"./src/turtle.cpp:update:260"
"Oh no! I hit the wall! (Clamping from [x=2.761364, y=11.117064])";"30";"turtlesim3.sim3";"1758613520.627954916";"./src/turtle.cpp:update:260"
"Oh no! I hit the wall! (Clamping from [x=2.776536, y=11.117064])";"30";"turtlesim2.sim2";"1758613520.612799871";"./src/turtle.cpp:update:260"
"Oh no! I hit the wall! (Clamping from [x=2.746191, y=11.117064])";"30";"turtlesim3.sim3";"1758613520.612797066";"./src/turtle.cpp:update:260"
"Oh no! I hit the wall! (Clamping from [x=3.879998, y=11.117064])";"30";"turtlesim1.sim1";"1758613520.612517166";"./src/turtle.cpp:update:260"
"Oh no! I hit the wall! (Clamping from [x=3.864826, y=11.117064])";"30";"turtlesim1.sim1";"1758613520.596385251";"./src/turtle.cpp:update:260"
"Oh no! I hit the wall! (Clamping from [x=2.731019, y=11.117064])";"30";"turtlesim3.sim3";"1758613520.596256162";"./src/turtle.cpp:update:260"
"Oh no! I hit the wall! (Clamping from [x=2.761364, y=11.117064])";"30";"turtlesim2.sim2";"1758613520.596116903";"./src/turtle.cpp:update:260"
"Oh no! I hit the wall! (Clamping from [x=2.746191, y=11.117064])";"30";"turtlesim2.sim2";"1758613520.580494078";"./src/turtle.cpp:update:260"
"Oh no! I hit the wall! (Clamping from [x=3.849653, y=11.117064])";"30";"turtlesim1.sim1";"1758613520.580360839";"./src/turtle.cpp:update:260"
"Oh no! I hit the wall! (Clamping from [x=2.715847, y=11.117064])";"30";"turtlesim3.sim3";"1758613520.580171670";"./src/turtle.cpp:update:260"
"Oh no! I hit the wall! (Clamping from [x=2.731019, y=11.117064])";"30";"turtlesim2.sim2";"1758613520.565096891";"./src/turtle.cpp:update:260"
"Oh no! I hit the wall! (Clamping from [x=2.700674, y=11.117064])";"30";"turtlesim3.sim3";"1758613520.564027526";"./src/turtle.cpp:update:260"
"Oh no! I hit the wall! (Clamping from [x=3.834481, y=11.117064])";"30";"turtlesim1.sim1";"1758613520.564026214";"./src/turtle.cpp:update:260"
"Oh no! I hit the wall! (Clamping from [x=3.819309, y=11.117064])";"30";"turtlesim1.sim1";"1758613520.548768697";"./src/turtle.cpp:update:260"
"Oh no! I hit the wall! (Clamping from [x=2.715847, y=11.117064])";"30";"turtlesim2.sim2";"1758613520.548623120";"./src/turtle.cpp:update:260"
"Oh no! I hit the wall! (Clamping from [x=2.685502, y=11.117064])";"30";"turtlesim3.sim3";"1758613520.548196476";"./src/turtle.cpp:update:260"
"Oh no! I hit the wall! (Clamping from [x=2.670330, y=11.117064])";"30";"turtlesim3.sim3";"1758613520.532859969";"./src/turtle.cpp:update:260"
"Oh no! I hit the wall! (Clamping from [x=2.700674, y=11.117064])";"30";"turtlesim2.sim2";"1758613520.532604893";"./src/turtle.cpp:update:260"
"Oh no! I hit the wall! (Clamping from [x=3.804136, y=11.117064])";"30";"turtlesim1.sim1";"1758613520.532604925";"./src/turtle.cpp:update:260"
"Oh no! I hit the wall! (Clamping from [x=2.655158, y=11.117064])";"30";"turtlesim3.sim3";"1758613520.516056781";"./src/turtle.cpp:update:260"
"Oh no! I hit the wall! (Clamping from [x=3.788964, y=11.117064])";"30";"turtlesim1.sim1";"1758613520.516004873";"./src/turtle.cpp:update:260"
"Oh no! I hit the wall! (Clamping from [x=2.685502, y=11.117064])";"30";"turtlesim2.sim2";"1758613520.515944083";"./src/turtle.cpp:update:260"
"Oh no! I hit the wall! (Clamping from [x=2.639985, y=11.117064])";"30";"turtlesim3.sim3";"1758613520.500610285";"./src/turtle.cpp:update:260"
"Oh no! I hit the wall! (Clamping from [x=3.773792, y=11.117064])";"30";"turtlesim1.sim1";"1758613520.500372947";"./src/turtle.cpp:update:260"
"Oh no! I hit the wall! (Clamping from [x=2.670330, y=11.117064])";"30";"turtlesim2.sim2";"1758613520.500372986";"./src/turtle.cpp:update:260"
"Oh no! I hit the wall! (Clamping from [x=2.624813, y=11.117064])";"30";"turtlesim3.sim3";"1758613520.484953365";"./src/turtle.cpp:update:260"
"Oh no! I hit the wall! (Clamping from [x=3.758619, y=11.117064])";"30";"turtlesim1.sim1";"1758613520.484052732";"./src/turtle.cpp:update:260"
"Oh no! I hit the wall! (Clamping from [x=2.655158, y=11.117064])";"30";"turtlesim2.sim2";"1758613520.483984945";"./src/turtle.cpp:update:260"
"Oh no! I hit the wall! (Clamping from [x=2.609641, y=11.117064])";"30";"turtlesim3.sim3";"1758613520.468826604";"./src/turtle.cpp:update:260"
"Oh no! I hit the wall! (Clamping from [x=3.743447, y=11.117064])";"30";"turtlesim1.sim1";"1758613520.468759622";"./src/turtle.cpp:update:260"
"Oh no! I hit the wall! (Clamping from [x=2.639985, y=11.117064])";"30";"turtlesim2.sim2";"1758613520.468625932";"./src/turtle.cpp:update:260"
"Oh no! I hit the wall! (Clamping from [x=2.594468, y=11.117064])";"30";"turtlesim3.sim3";"1758613520.452504166";"./src/turtle.cpp:update:260"
"Oh no! I hit the wall! (Clamping from [x=3.728275, y=11.117064])";"30";"turtlesim1.sim1";"1758613520.452445428";"./src/turtle.cpp:update:260"
"Oh no! I hit the wall! (Clamping from [x=2.624813, y=11.117064])";"30";"turtlesim2.sim2";"1758613520.451976388";"./src/turtle.cpp:update:260"
"Oh no! I hit the wall! (Clamping from [x=2.579296, y=11.117064])";"30";"turtlesim3.sim3";"1758613520.437171862";"./src/turtle.cpp:update:260"
"Oh no! I hit the wall! (Clamping from [x=2.609641, y=11.117064])";"30";"turtlesim2.sim2";"1758613520.436657682";"./src/turtle.cpp:update:260"
"Oh no! I hit the wall! (Clamping from [x=3.713102, y=11.117064])";"30";"turtlesim1.sim1";"1758613520.436187609";"./src/turtle.cpp:update:260"
"Oh no! I hit the wall! (Clamping from [x=3.697930, y=11.117064])";"30";"turtlesim1.sim1";"1758613520.420819212";"./src/turtle.cpp:update:260"
"Oh no! I hit the wall! (Clamping from [x=2.564124, y=11.117064])";"30";"turtlesim3.sim3";"1758613520.420369625";"./src/turtle.cpp:update:260"
"Oh no! I hit the wall! (Clamping from [x=2.594468, y=11.117064])";"30";"turtlesim2.sim2";"1758613520.420369569";"./src/turtle.cpp:update:260"
"Oh no! I hit the wall! (Clamping from [x=3.682758, y=11.117064])";"30";"turtlesim1.sim1";"1758613520.405330366";"./src/turtle.cpp:update:260"
"Oh no! I hit the wall! (Clamping from [x=2.579296, y=11.117064])";"30";"turtlesim2.sim2";"1758613520.404733179";"./src/turtle.cpp:update:260"
"Oh no! I hit the wall! (Clamping from [x=2.548951, y=11.117064])";"30";"turtlesim3.sim3";"1758613520.404591926";"./src/turtle.cpp:update:260"
"Oh no! I hit the wall! (Clamping from [x=2.533779, y=11.117064])";"30";"turtlesim3.sim3";"1758613520.388228263";"./src/turtle.cpp:update:260"
"Oh no! I hit the wall! (Clamping from [x=2.564124, y=11.117064])";"30";"turtlesim2.sim2";"1758613520.388107613";"./src/turtle.cpp:update:260"
"Oh no! I hit the wall! (Clamping from [x=3.667585, y=11.117064])";"30";"turtlesim1.sim1";"1758613520.388107385";"./src/turtle.cpp:update:260"
"Oh no! I hit the wall! (Clamping from [x=2.548951, y=11.117064])";"30";"turtlesim2.sim2";"1758613520.372271699";"./src/turtle.cpp:update:260"
"Oh no! I hit the wall! (Clamping from [x=3.652413, y=11.117064])";"30";"turtlesim1.sim1";"1758613520.371914705";"./src/turtle.cpp:update:260"
"Oh no! I hit the wall! (Clamping from [x=2.518607, y=11.117064])";"30";"turtlesim3.sim3";"1758613520.371873991";"./src/turtle.cpp:update:260"
"Oh no! I hit the wall! (Clamping from [x=2.533779, y=11.117064])";"30";"turtlesim2.sim2";"1758613520.356565689";"./src/turtle.cpp:update:260"
"Oh no! I hit the wall! (Clamping from [x=2.503434, y=11.117064])";"30";"turtlesim3.sim3";"1758613520.356566901";"./src/turtle.cpp:update:260"
"Oh no! I hit the wall! (Clamping from [x=3.637241, y=11.117064])";"30";"turtlesim1.sim1";"1758613520.356566827";"./src/turtle.cpp:update:260"
"Oh no! I hit the wall! (Clamping from [x=2.518607, y=11.117064])";"30";"turtlesim2.sim2";"1758613520.340667408";"./src/turtle.cpp:update:260"
"Oh no! I hit the wall! (Clamping from [x=3.622068, y=11.117064])";"30";"turtlesim1.sim1";"1758613520.340190149";"./src/turtle.cpp:update:260"
"Oh no! I hit the wall! (Clamping from [x=2.488262, y=11.117064])";"30";"turtlesim3.sim3";"1758613520.340174308";"./src/turtle.cpp:update:260"
"Oh no! I hit the wall! (Clamping from [x=2.473090, y=11.117064])";"30";"turtlesim3.sim3";"1758613520.324625806";"./src/turtle.cpp:update:260"
"Oh no! I hit the wall! (Clamping from [x=3.606896, y=11.117064])";"30";"turtlesim1.sim1";"1758613520.324630708";"./src/turtle.cpp:update:260"
"Oh no! I hit the wall! (Clamping from [x=2.503434, y=11.117064])";"30";"turtlesim2.sim2";"1758613520.324565709";"./src/turtle.cpp:update:260"
"Oh no! I hit the wall! (Clamping from [x=3.591724, y=11.117064])";"30";"turtlesim1.sim1";"1758613520.309286968";"./src/turtle.cpp:update:260"
"Oh no! I hit the wall! (Clamping from [x=2.457917, y=11.117064])";"30";"turtlesim3.sim3";"1758613520.308238610";"./src/turtle.cpp:update:260"
"Oh no! I hit the wall! (Clamping from [x=2.488262, y=11.117064])";"30";"turtlesim2.sim2";"1758613520.308238626";"./src/turtle.cpp:update:260"
"Oh no! I hit the wall! (Clamping from [x=2.442745, y=11.117064])";"30";"turtlesim3.sim3";"1758613520.292564634";"./src/turtle.cpp:update:260"
"Oh no! I hit the wall! (Clamping from [x=3.576551, y=11.117064])";"30";"turtlesim1.sim1";"1758613520.292213878";"./src/turtle.cpp:update:260"
"Oh no! I hit the wall! (Clamping from [x=2.473090, y=11.117064])";"30";"turtlesim2.sim2";"1758613520.292214570";"./src/turtle.cpp:update:260"
"Oh no! I hit the wall! (Clamping from [x=2.427573, y=11.117064])";"30";"turtlesim3.sim3";"1758613520.277057271";"./src/turtle.cpp:update:260"
"Oh no! I hit the wall! (Clamping from [x=3.561379, y=11.117064])";"30";"turtlesim1.sim1";"1758613520.276890621";"./src/turtle.cpp:update:260"
"Oh no! I hit the wall! (Clamping from [x=2.457917, y=11.117064])";"30";"turtlesim2.sim2";"1758613520.275993203";"./src/turtle.cpp:update:260"
"Oh no! I hit the wall! (Clamping from [x=2.412400, y=11.117064])";"30";"turtlesim3.sim3";"1758613520.260579958";"./src/turtle.cpp:update:260"
"Oh no! I hit the wall! (Clamping from [x=3.546207, y=11.117064])";"30";"turtlesim1.sim1";"1758613520.260615258";"./src/turtle.cpp:update:260"
"Oh no! I hit the wall! (Clamping from [x=2.442745, y=11.117064])";"30";"turtlesim2.sim2";"1758613520.260611146";"./src/turtle.cpp:update:260"
"Oh no! I hit the wall! (Clamping from [x=2.427573, y=11.117064])";"30";"turtlesim2.sim2";"1758613520.245327128";"./src/turtle.cpp:update:260"
"Oh no! I hit the wall! (Clamping from [x=3.531034, y=11.117064])";"30";"turtlesim1.sim1";"1758613520.244479497";"./src/turtle.cpp:update:260"
"Oh no! I hit the wall! (Clamping from [x=2.397228, y=11.117064])";"30";"turtlesim3.sim3";"1758613520.244250092";"./src/turtle.cpp:update:260"
"Oh no! I hit the wall! (Clamping from [x=2.412400, y=11.117064])";"30";"turtlesim2.sim2";"1758613520.228104906";"./src/turtle.cpp:update:260"
"Oh no! I hit the wall! (Clamping from [x=2.382056, y=11.117064])";"30";"turtlesim3.sim3";"1758613520.228028765";"./src/turtle.cpp:update:260"
"Oh no! I hit the wall! (Clamping from [x=3.515862, y=11.117064])";"30";"turtlesim1.sim1";"1758613520.228028653";"./src/turtle.cpp:update:260"
"Oh no! I hit the wall! (Clamping from [x=3.500690, y=11.117064])";"30";"turtlesim1.sim1";"1758613520.212801420";"./src/turtle.cpp:update:260"
"Oh no! I hit the wall! (Clamping from [x=2.366883, y=11.117064])";"30";"turtlesim3.sim3";"1758613520.212618082";"./src/turtle.cpp:update:260"
"Oh no! I hit the wall! (Clamping from [x=2.397228, y=11.117064])";"30";"turtlesim2.sim2";"1758613520.212229745";"./src/turtle.cpp:update:260"
"Oh no! I hit the wall! (Clamping from [x=2.351711, y=11.117064])";"30";"turtlesim3.sim3";"1758613520.196784837";"./src/turtle.cpp:update:260"
"Oh no! I hit the wall! (Clamping from [x=3.485517, y=11.117064])";"30";"turtlesim1.sim1";"1758613520.196336754";"./src/turtle.cpp:update:260"
"Oh no! I hit the wall! (Clamping from [x=2.382056, y=11.117064])";"30";"turtlesim2.sim2";"1758613520.196259684";"./src/turtle.cpp:update:260"
"Oh no! I hit the wall! (Clamping from [x=3.470345, y=11.117064])";"30";"turtlesim1.sim1";"1758613520.180815885";"./src/turtle.cpp:update:260"
"Oh no! I hit the wall! (Clamping from [x=2.336539, y=11.117064])";"30";"turtlesim3.sim3";"1758613520.180381696";"./src/turtle.cpp:update:260"
"Oh no! I hit the wall! (Clamping from [x=2.366883, y=11.117064])";"30";"turtlesim2.sim2";"1758613520.180313203";"./src/turtle.cpp:update:260"
"Oh no! I hit the wall! (Clamping from [x=2.321366, y=11.117064])";"30";"turtlesim3.sim3";"1758613520.165070667";"./src/turtle.cpp:update:260"
"Oh no! I hit the wall! (Clamping from [x=2.351711, y=11.117064])";"30";"turtlesim2.sim2";"1758613520.164497049";"./src/turtle.cpp:update:260"
"Oh no! I hit the wall! (Clamping from [x=3.455173, y=11.117064])";"30";"turtlesim1.sim1";"1758613520.164335264";"./src/turtle.cpp:update:260"
"Oh no! I hit the wall! (Clamping from [x=2.306194, y=11.117064])";"30";"turtlesim3.sim3";"1758613520.148771641";"./src/turtle.cpp:update:260"
"Oh no! I hit the wall! (Clamping from [x=3.440000, y=11.117064])";"30";"turtlesim1.sim1";"1758613520.148521865";"./src/turtle.cpp:update:260"
"Oh no! I hit the wall! (Clamping from [x=2.336539, y=11.117064])";"30";"turtlesim2.sim2";"1758613520.148513730";"./src/turtle.cpp:update:260"
"Oh no! I hit the wall! (Clamping from [x=2.321366, y=11.117064])";"30";"turtlesim2.sim2";"1758613520.132863132";"./src/turtle.cpp:update:260"
"Oh no! I hit the wall! (Clamping from [x=3.424828, y=11.097111])";"30";"turtlesim1.sim1";"1758613520.132761547";"./src/turtle.cpp:update:260"
"Oh no! I hit the wall! (Clamping from [x=2.291022, y=11.117064])";"30";"turtlesim3.sim3";"1758613520.132309281";"./src/turtle.cpp:update:260"
"Oh no! I hit the wall! (Clamping from [x=2.306194, y=11.117064])";"30";"turtlesim2.sim2";"1758613520.116414770";"./src/turtle.cpp:update:260"
"Oh no! I hit the wall! (Clamping from [x=2.275849, y=11.117064])";"30";"turtlesim3.sim3";"1758613520.115897224";"./src/turtle.cpp:update:260"
"Oh no! I hit the wall! (Clamping from [x=2.260677, y=11.117064])";"30";"turtlesim3.sim3";"1758613520.100613180";"./src/turtle.cpp:update:260"
"Oh no! I hit the wall! (Clamping from [x=2.291022, y=11.117064])";"30";"turtlesim2.sim2";"1758613520.100524081";"./src/turtle.cpp:update:260"
"Oh no! I hit the wall! (Clamping from [x=2.245505, y=11.117064])";"30";"turtlesim3.sim3";"1758613520.084460789";"./src/turtle.cpp:update:260"
"Oh no! I hit the wall! (Clamping from [x=2.275849, y=11.117064])";"30";"turtlesim2.sim2";"1758613520.084421746";"./src/turtle.cpp:update:260"
"Oh no! I hit the wall! (Clamping from [x=2.230332, y=11.117064])";"30";"turtlesim3.sim3";"1758613520.068518194";"./src/turtle.cpp:update:260"
"Oh no! I hit the wall! (Clamping from [x=2.260677, y=11.117064])";"30";"turtlesim2.sim2";"1758613520.068102483";"./src/turtle.cpp:update:260"
"Oh no! I hit the wall! (Clamping from [x=2.215160, y=11.117064])";"30";"turtlesim3.sim3";"1758613520.052905184";"./src/turtle.cpp:update:260"
"Oh no! I hit the wall! (Clamping from [x=2.245505, y=11.117064])";"30";"turtlesim2.sim2";"1758613520.052025516";"./src/turtle.cpp:update:260"
"Oh no! I hit the wall! (Clamping from [x=2.230332, y=11.117064])";"30";"turtlesim2.sim2";"1758613520.036562754";"./src/turtle.cpp:update:260"
"Oh no! I hit the wall! (Clamping from [x=2.199988, y=11.117064])";"30";"turtlesim3.sim3";"1758613520.035971492";"./src/turtle.cpp:update:260"
"Oh no! I hit the wall! (Clamping from [x=2.215160, y=11.117064])";"30";"turtlesim2.sim2";"1758613520.020274078";"./src/turtle.cpp:update:260"
"Oh no! I hit the wall! (Clamping from [x=2.184815, y=11.117064])";"30";"turtlesim3.sim3";"1758613520.020274162";"./src/turtle.cpp:update:260"
"Oh no! I hit the wall! (Clamping from [x=2.169643, y=11.117064])";"30";"turtlesim3.sim3";"1758613520.004941564";"./src/turtle.cpp:update:260"
"Oh no! I hit the wall! (Clamping from [x=2.199988, y=11.117064])";"30";"turtlesim2.sim2";"1758613520.004914165";"./src/turtle.cpp:update:260"
"Oh no! I hit the wall! (Clamping from [x=2.184815, y=11.117064])";"30";"turtlesim2.sim2";"1758613519.988237972";"./src/turtle.cpp:update:260"
"Oh no! I hit the wall! (Clamping from [x=2.154471, y=11.117064])";"30";"turtlesim3.sim3";"1758613519.988095471";"./src/turtle.cpp:update:260"
"Oh no! I hit the wall! (Clamping from [x=2.169643, y=11.117064])";"30";"turtlesim2.sim2";"1758613519.972433089";"./src/turtle.cpp:update:260"
"Oh no! I hit the wall! (Clamping from [x=2.139298, y=11.117064])";"30";"turtlesim3.sim3";"1758613519.972122755";"./src/turtle.cpp:update:260"
"Oh no! I hit the wall! (Clamping from [x=2.154471, y=11.117064])";"30";"turtlesim2.sim2";"1758613519.956870964";"./src/turtle.cpp:update:260"
"Oh no! I hit the wall! (Clamping from [x=2.124126, y=11.117064])";"30";"turtlesim3.sim3";"1758613519.956724655";"./src/turtle.cpp:update:260"
"Oh no! I hit the wall! (Clamping from [x=2.139298, y=11.117064])";"30";"turtlesim2.sim2";"1758613519.940734859";"./src/turtle.cpp:update:260"
"Oh no! I hit the wall! (Clamping from [x=2.108954, y=11.117064])";"30";"turtlesim3.sim3";"1758613519.940551469";"./src/turtle.cpp:update:260"
"Oh no! I hit the wall! (Clamping from [x=2.124126, y=11.117064])";"30";"turtlesim2.sim2";"1758613519.924493935";"./src/turtle.cpp:update:260"
"Oh no! I hit the wall! (Clamping from [x=2.093781, y=11.117064])";"30";"turtlesim3.sim3";"1758613519.924315983";"./src/turtle.cpp:update:260"
"Oh no! I hit the wall! (Clamping from [x=2.108954, y=11.117064])";"30";"turtlesim2.sim2";"1758613519.908786255";"./src/turtle.cpp:update:260"
"Oh no! I hit the wall! (Clamping from [x=2.078609, y=11.117064])";"30";"turtlesim3.sim3";"1758613519.908593659";"./src/turtle.cpp:update:260"
"Oh no! I hit the wall! (Clamping from [x=2.063437, y=11.117064])";"30";"turtlesim3.sim3";"1758613519.892654507";"./src/turtle.cpp:update:260"
"Oh no! I hit the wall! (Clamping from [x=2.093781, y=11.117064])";"30";"turtlesim2.sim2";"1758613519.892339009";"./src/turtle.cpp:update:260"
"Oh no! I hit the wall! (Clamping from [x=2.048264, y=11.117064])";"30";"turtlesim3.sim3";"1758613519.877106393";"./src/turtle.cpp:update:260"
"Oh no! I hit the wall! (Clamping from [x=2.078609, y=11.117064])";"30";"turtlesim2.sim2";"1758613519.876205903";"./src/turtle.cpp:update:260"
"Oh no! I hit the wall! (Clamping from [x=2.063437, y=11.117064])";"30";"turtlesim2.sim2";"1758613519.860830144";"./src/turtle.cpp:update:260"
"Oh no! I hit the wall! (Clamping from [x=2.033092, y=11.117064])";"30";"turtlesim3.sim3";"1758613519.860859295";"./src/turtle.cpp:update:260"
"Oh no! I hit the wall! (Clamping from [x=2.017920, y=11.117064])";"30";"turtlesim3.sim3";"1758613519.844831003";"./src/turtle.cpp:update:260"
"Oh no! I hit the wall! (Clamping from [x=2.048264, y=11.117064])";"30";"turtlesim2.sim2";"1758613519.844664157";"./src/turtle.cpp:update:260"
"Oh no! I hit the wall! (Clamping from [x=2.033092, y=11.117064])";"30";"turtlesim2.sim2";"1758613519.828880246";"./src/turtle.cpp:update:260"
"Oh no! I hit the wall! (Clamping from [x=2.002747, y=11.117064])";"30";"turtlesim3.sim3";"1758613519.828235012";"./src/turtle.cpp:update:260"
"Oh no! I hit the wall! (Clamping from [x=2.017920, y=11.117064])";"30";"turtlesim2.sim2";"1758613519.812613236";"./src/turtle.cpp:update:260"
"Oh no! I hit the wall! (Clamping from [x=1.987575, y=11.117064])";"30";"turtlesim3.sim3";"1758613519.812457845";"./src/turtle.cpp:update:260"
"Oh no! I hit the wall! (Clamping from [x=1.972403, y=11.117064])";"30";"turtlesim3.sim3";"1758613519.796913355";"./src/turtle.cpp:update:260"
"Oh no! I hit the wall! (Clamping from [x=2.002747, y=11.117064])";"30";"turtlesim2.sim2";"1758613519.796807698";"./src/turtle.cpp:update:260"
"Oh no! I hit the wall! (Clamping from [x=1.987575, y=11.117064])";"30";"turtlesim2.sim2";"1758613519.780551284";"./src/turtle.cpp:update:260"
"Oh no! I hit the wall! (Clamping from [x=1.957230, y=11.117064])";"30";"turtlesim3.sim3";"1758613519.780253889";"./src/turtle.cpp:update:260"
"Oh no! I hit the wall! (Clamping from [x=1.942058, y=11.117064])";"30";"turtlesim3.sim3";"1758613519.764440985";"./src/turtle.cpp:update:260"
"Oh no! I hit the wall! (Clamping from [x=1.972403, y=11.117064])";"30";"turtlesim2.sim2";"1758613519.764485533";"./src/turtle.cpp:update:260"
"Oh no! I hit the wall! (Clamping from [x=1.926886, y=11.117064])";"30";"turtlesim3.sim3";"1758613519.748645942";"./src/turtle.cpp:update:260"
"Oh no! I hit the wall! (Clamping from [x=1.957230, y=11.117064])";"30";"turtlesim2.sim2";"1758613519.748190080";"./src/turtle.cpp:update:260"
"Oh no! I hit the wall! (Clamping from [x=1.911713, y=11.092367])";"30";"turtlesim3.sim3";"1758613519.733064712";"./src/turtle.cpp:update:260"
"Oh no! I hit the wall! (Clamping from [x=1.942058, y=11.117064])";"30";"turtlesim2.sim2";"1758613519.732919341";"./src/turtle.cpp:update:260"
"Oh no! I hit the wall! (Clamping from [x=1.926886, y=11.117064])";"30";"turtlesim2.sim2";"1758613519.716699631";"./src/turtle.cpp:update:260"
"Oh no! I hit the wall! (Clamping from [x=1.911713, y=11.092367])";"30";"turtlesim2.sim2";"1758613519.700770806";"./src/turtle.cpp:update:260"
"Oh no! I hit the wall! (Clamping from [x=-0.031562, y=7.542385])";"30";"turtlesim3.sim3";"1758613515.524576059";"./src/turtle.cpp:update:260"
"Oh no! I hit the wall! (Clamping from [x=-0.031562, y=7.537110])";"30";"turtlesim3.sim3";"1758613515.508813764";"./src/turtle.cpp:update:260"
"Oh no! I hit the wall! (Clamping from [x=-0.031562, y=7.542385])";"30";"turtlesim2.sim2";"1758613515.492079806";"./src/turtle.cpp:update:260"
"Oh no! I hit the wall! (Clamping from [x=-0.031562, y=7.531835])";"30";"turtlesim3.sim3";"1758613515.492087946";"./src/turtle.cpp:update:260"
"Oh no! I hit the wall! (Clamping from [x=-0.031562, y=7.526561])";"30";"turtlesim3.sim3";"1758613515.476393236";"./src/turtle.cpp:update:260"
"Oh no! I hit the wall! (Clamping from [x=-0.031562, y=7.537110])";"30";"turtlesim2.sim2";"1758613515.476155242";"./src/turtle.cpp:update:260"
"Oh no! I hit the wall! (Clamping from [x=-0.031562, y=7.531835])";"30";"turtlesim2.sim2";"1758613515.460901988";"./src/turtle.cpp:update:260"
"Oh no! I hit the wall! (Clamping from [x=-0.031562, y=7.521286])";"30";"turtlesim3.sim3";"1758613515.460786478";"./src/turtle.cpp:update:260"
"Oh no! I hit the wall! (Clamping from [x=-0.031562, y=7.516011])";"30";"turtlesim3.sim3";"1758613515.444503385";"./src/turtle.cpp:update:260"
"Oh no! I hit the wall! (Clamping from [x=-0.031562, y=7.526561])";"30";"turtlesim2.sim2";"1758613515.444387023";"./src/turtle.cpp:update:260"
"Oh no! I hit the wall! (Clamping from [x=-0.031562, y=7.510736])";"30";"turtlesim3.sim3";"1758613515.428755713";"./src/turtle.cpp:update:260"
"Oh no! I hit the wall! (Clamping from [x=-0.031562, y=7.521286])";"30";"turtlesim2.sim2";"1758613515.428691255";"./src/turtle.cpp:update:260"
"Oh no! I hit the wall! (Clamping from [x=-0.031562, y=7.516011])";"30";"turtlesim2.sim2";"1758613515.412746418";"./src/turtle.cpp:update:260"
"Oh no! I hit the wall! (Clamping from [x=-0.031562, y=7.505461])";"30";"turtlesim3.sim3";"1758613515.412761711";"./src/turtle.cpp:update:260"
"Oh no! I hit the wall! (Clamping from [x=-0.031562, y=7.510736])";"30";"turtlesim2.sim2";"1758613515.396183937";"./src/turtle.cpp:update:260"
"Oh no! I hit the wall! (Clamping from [x=-0.031562, y=7.500187])";"30";"turtlesim3.sim3";"1758613515.396120540";"./src/turtle.cpp:update:260"
"Oh no! I hit the wall! (Clamping from [x=-0.031562, y=7.494912])";"30";"turtlesim3.sim3";"1758613515.380634214";"./src/turtle.cpp:update:260"
"Oh no! I hit the wall! (Clamping from [x=-0.031562, y=7.505461])";"30";"turtlesim2.sim2";"1758613515.380257290";"./src/turtle.cpp:update:260"
"Oh no! I hit the wall! (Clamping from [x=-0.031562, y=7.489637])";"30";"turtlesim3.sim3";"1758613515.364928127";"./src/turtle.cpp:update:260"
"Oh no! I hit the wall! (Clamping from [x=-0.031562, y=7.500187])";"30";"turtlesim2.sim2";"1758613515.364861670";"./src/turtle.cpp:update:260"
"Oh no! I hit the wall! (Clamping from [x=-0.031562, y=7.484362])";"30";"turtlesim3.sim3";"1758613515.348385210";"./src/turtle.cpp:update:260"
"Oh no! I hit the wall! (Clamping from [x=-0.031562, y=7.494912])";"30";"turtlesim2.sim2";"1758613515.348239609";"./src/turtle.cpp:update:260"
"Oh no! I hit the wall! (Clamping from [x=-0.031562, y=7.489637])";"30";"turtlesim2.sim2";"1758613515.332013042";"./src/turtle.cpp:update:260"
"Oh no! I hit the wall! (Clamping from [x=-0.031562, y=7.479088])";"30";"turtlesim3.sim3";"1758613515.332016948";"./src/turtle.cpp:update:260"
"Oh no! I hit the wall! (Clamping from [x=-0.031562, y=7.484362])";"30";"turtlesim2.sim2";"1758613515.316864855";"./src/turtle.cpp:update:260"
"Oh no! I hit the wall! (Clamping from [x=-0.031562, y=7.473813])";"30";"turtlesim3.sim3";"1758613515.316455639";"./src/turtle.cpp:update:260"
"Oh no! I hit the wall! (Clamping from [x=-0.031562, y=7.468538])";"30";"turtlesim3.sim3";"1758613515.300978829";"./src/turtle.cpp:update:260"
"Oh no! I hit the wall! (Clamping from [x=-0.031562, y=7.479088])";"30";"turtlesim2.sim2";"1758613515.300128167";"./src/turtle.cpp:update:260"
"Oh no! I hit the wall! (Clamping from [x=-0.031562, y=7.473813])";"30";"turtlesim2.sim2";"1758613515.284672092";"./src/turtle.cpp:update:260"
"Oh no! I hit the wall! (Clamping from [x=-0.031562, y=7.463263])";"30";"turtlesim3.sim3";"1758613515.284655816";"./src/turtle.cpp:update:260"
"Oh no! I hit the wall! (Clamping from [x=-0.031562, y=7.468538])";"30";"turtlesim2.sim2";"1758613515.269170460";"./src/turtle.cpp:update:260"
"Oh no! I hit the wall! (Clamping from [x=-0.031562, y=7.457988])";"30";"turtlesim3.sim3";"1758613515.268240880";"./src/turtle.cpp:update:260"
"Oh no! I hit the wall! (Clamping from [x=-0.031562, y=7.463263])";"30";"turtlesim2.sim2";"1758613515.252510443";"./src/turtle.cpp:update:260"
"Oh no! I hit the wall! (Clamping from [x=-0.031562, y=7.452714])";"30";"turtlesim3.sim3";"1758613515.252228971";"./src/turtle.cpp:update:260"
"Oh no! I hit the wall! (Clamping from [x=-0.031562, y=7.457988])";"30";"turtlesim2.sim2";"1758613515.236933340";"./src/turtle.cpp:update:260"
"Oh no! I hit the wall! (Clamping from [x=-0.031562, y=7.447439])";"30";"turtlesim3.sim3";"1758613515.236152055";"./src/turtle.cpp:update:260"
"Oh no! I hit the wall! (Clamping from [x=-0.031562, y=7.442164])";"30";"turtlesim3.sim3";"1758613515.220462336";"./src/turtle.cpp:update:260"
"Oh no! I hit the wall! (Clamping from [x=-0.031562, y=7.452714])";"30";"turtlesim2.sim2";"1758613515.220172499";"./src/turtle.cpp:update:260"
"Oh no! I hit the wall! (Clamping from [x=-0.031562, y=7.447439])";"30";"turtlesim2.sim2";"1758613515.204702856";"./src/turtle.cpp:update:260"
"Oh no! I hit the wall! (Clamping from [x=-0.031562, y=7.436889])";"30";"turtlesim3.sim3";"1758613515.204590902";"./src/turtle.cpp:update:260"
"Oh no! I hit the wall! (Clamping from [x=-0.031562, y=7.431615])";"30";"turtlesim3.sim3";"1758613515.188139837";"./src/turtle.cpp:update:260"
"Oh no! I hit the wall! (Clamping from [x=-0.031562, y=7.442164])";"30";"turtlesim2.sim2";"1758613515.188139947";"./src/turtle.cpp:update:260"
"Oh no! I hit the wall! (Clamping from [x=-0.031562, y=7.436889])";"30";"turtlesim2.sim2";"1758613515.172675400";"./src/turtle.cpp:update:260"
"Oh no! I hit the wall! (Clamping from [x=-0.031562, y=7.426340])";"30";"turtlesim3.sim3";"1758613515.172605672";"./src/turtle.cpp:update:260"
"Oh no! I hit the wall! (Clamping from [x=-0.031562, y=7.421065])";"30";"turtlesim3.sim3";"1758613515.156774067";"./src/turtle.cpp:update:260"
"Oh no! I hit the wall! (Clamping from [x=-0.031562, y=7.431615])";"30";"turtlesim2.sim2";"1758613515.156696015";"./src/turtle.cpp:update:260"
"Oh no! I hit the wall! (Clamping from [x=-0.031562, y=7.415790])";"30";"turtlesim3.sim3";"1758613515.140512135";"./src/turtle.cpp:update:260"
"Oh no! I hit the wall! (Clamping from [x=-0.031562, y=7.426340])";"30";"turtlesim2.sim2";"1758613515.140401556";"./src/turtle.cpp:update:260"
"Oh no! I hit the wall! (Clamping from [x=-0.031562, y=7.410515])";"30";"turtlesim3.sim3";"1758613515.124723305";"./src/turtle.cpp:update:260"
"Oh no! I hit the wall! (Clamping from [x=-0.031562, y=7.421065])";"30";"turtlesim2.sim2";"1758613515.124510892";"./src/turtle.cpp:update:260"
"Oh no! I hit the wall! (Clamping from [x=-0.031562, y=7.415790])";"30";"turtlesim2.sim2";"1758613515.108211478";"./src/turtle.cpp:update:260"
"Oh no! I hit the wall! (Clamping from [x=-0.031562, y=7.405241])";"30";"turtlesim3.sim3";"1758613515.108166552";"./src/turtle.cpp:update:260"
"Oh no! I hit the wall! (Clamping from [x=-0.031562, y=7.410515])";"30";"turtlesim2.sim2";"1758613515.092942156";"./src/turtle.cpp:update:260"
"Oh no! I hit the wall! (Clamping from [x=-0.031562, y=7.399966])";"30";"turtlesim3.sim3";"1758613515.092321456";"./src/turtle.cpp:update:260"
"Oh no! I hit the wall! (Clamping from [x=-0.031562, y=7.394691])";"30";"turtlesim3.sim3";"1758613515.076742836";"./src/turtle.cpp:update:260"
"Oh no! I hit the wall! (Clamping from [x=-0.031562, y=7.405241])";"30";"turtlesim2.sim2";"1758613515.076629041";"./src/turtle.cpp:update:260"
"Oh no! I hit the wall! (Clamping from [x=-0.031562, y=7.389416])";"30";"turtlesim3.sim3";"1758613515.060099725";"./src/turtle.cpp:update:260"
"Oh no! I hit the wall! (Clamping from [x=-0.031562, y=7.399966])";"30";"turtlesim2.sim2";"1758613515.060100181";"./src/turtle.cpp:update:260"
"Oh no! I hit the wall! (Clamping from [x=-0.031562, y=7.394691])";"30";"turtlesim2.sim2";"1758613515.044290772";"./src/turtle.cpp:update:260"
"Oh no! I hit the wall! (Clamping from [x=-0.031562, y=7.384142])";"30";"turtlesim3.sim3";"1758613515.044302324";"./src/turtle.cpp:update:260"
"Oh no! I hit the wall! (Clamping from [x=-0.031562, y=7.389416])";"30";"turtlesim2.sim2";"1758613515.028888515";"./src/turtle.cpp:update:260"
"Oh no! I hit the wall! (Clamping from [x=-0.031562, y=7.378867])";"30";"turtlesim3.sim3";"1758613515.028025460";"./src/turtle.cpp:update:260"
"Oh no! I hit the wall! (Clamping from [x=-0.031562, y=7.373592])";"30";"turtlesim3.sim3";"1758613515.012292382";"./src/turtle.cpp:update:260"
"Oh no! I hit the wall! (Clamping from [x=-0.031562, y=7.384142])";"30";"turtlesim2.sim2";"1758613515.012180203";"./src/turtle.cpp:update:260"
"Oh no! I hit the wall! (Clamping from [x=-0.031562, y=7.378867])";"30";"turtlesim2.sim2";"1758613514.997147752";"./src/turtle.cpp:update:260"
"Oh no! I hit the wall! (Clamping from [x=-0.031562, y=7.368317])";"30";"turtlesim3.sim3";"1758613514.996195791";"./src/turtle.cpp:update:260"
"Oh no! I hit the wall! (Clamping from [x=-0.031562, y=7.363042])";"30";"turtlesim3.sim3";"1758613514.980631506";"./src/turtle.cpp:update:260"
"Oh no! I hit the wall! (Clamping from [x=-0.031562, y=7.373592])";"30";"turtlesim2.sim2";"1758613514.980512530";"./src/turtle.cpp:update:260"
"Oh no! I hit the wall! (Clamping from [x=-0.031562, y=7.357768])";"30";"turtlesim3.sim3";"1758613514.964428010";"./src/turtle.cpp:update:260"
"Oh no! I hit the wall! (Clamping from [x=-0.031562, y=7.368317])";"30";"turtlesim2.sim2";"1758613514.964212472";"./src/turtle.cpp:update:260"
"Oh no! I hit the wall! (Clamping from [x=-0.031562, y=7.363042])";"30";"turtlesim2.sim2";"1758613514.948795669";"./src/turtle.cpp:update:260"
"Oh no! I hit the wall! (Clamping from [x=-0.031562, y=7.352493])";"30";"turtlesim3.sim3";"1758613514.948120864";"./src/turtle.cpp:update:260"
"Oh no! I hit the wall! (Clamping from [x=-0.031562, y=7.357768])";"30";"turtlesim2.sim2";"1758613514.932432030";"./src/turtle.cpp:update:260"
"Oh no! I hit the wall! (Clamping from [x=-0.031562, y=7.347218])";"30";"turtlesim3.sim3";"1758613514.932453961";"./src/turtle.cpp:update:260"
"Oh no! I hit the wall! (Clamping from [x=-0.031562, y=7.341943])";"30";"turtlesim3.sim3";"1758613514.916235478";"./src/turtle.cpp:update:260"
"Oh no! I hit the wall! (Clamping from [x=-0.031562, y=7.352493])";"30";"turtlesim2.sim2";"1758613514.916113667";"./src/turtle.cpp:update:260"
"Oh no! I hit the wall! (Clamping from [x=-0.031562, y=7.347218])";"30";"turtlesim2.sim2";"1758613514.900454834";"./src/turtle.cpp:update:260"
"Oh no! I hit the wall! (Clamping from [x=-0.031562, y=7.336668])";"30";"turtlesim3.sim3";"1758613514.900464132";"./src/turtle.cpp:update:260"
"Oh no! I hit the wall! (Clamping from [x=-0.031562, y=7.331394])";"30";"turtlesim3.sim3";"1758613514.884850783";"./src/turtle.cpp:update:260"
"Oh no! I hit the wall! (Clamping from [x=-0.031562, y=7.341943])";"30";"turtlesim2.sim2";"1758613514.884503269";"./src/turtle.cpp:update:260"
"Oh no! I hit the wall! (Clamping from [x=-0.031562, y=7.326119])";"30";"turtlesim3.sim3";"1758613514.868391650";"./src/turtle.cpp:update:260"
"Oh no! I hit the wall! (Clamping from [x=-0.031562, y=7.336668])";"30";"turtlesim2.sim2";"1758613514.868021828";"./src/turtle.cpp:update:260"
"Oh no! I hit the wall! (Clamping from [x=-0.031562, y=7.320844])";"30";"turtlesim3.sim3";"1758613514.852703671";"./src/turtle.cpp:update:260"
"Oh no! I hit the wall! (Clamping from [x=-0.031562, y=7.331394])";"30";"turtlesim2.sim2";"1758613514.852560579";"./src/turtle.cpp:update:260"
"Oh no! I hit the wall! (Clamping from [x=-0.031562, y=7.315569])";"30";"turtlesim3.sim3";"1758613514.836366019";"./src/turtle.cpp:update:260"
"Oh no! I hit the wall! (Clamping from [x=-0.031562, y=7.326119])";"30";"turtlesim2.sim2";"1758613514.835954085";"./src/turtle.cpp:update:260"
"Oh no! I hit the wall! (Clamping from [x=-0.031562, y=7.310295])";"30";"turtlesim3.sim3";"1758613514.820941308";"./src/turtle.cpp:update:260"
"Oh no! I hit the wall! (Clamping from [x=-0.031562, y=7.320844])";"30";"turtlesim2.sim2";"1758613514.820334744";"./src/turtle.cpp:update:260"
"Oh no! I hit the wall! (Clamping from [x=-0.031562, y=7.315569])";"30";"turtlesim2.sim2";"1758613514.804510350";"./src/turtle.cpp:update:260"
"Oh no! I hit the wall! (Clamping from [x=-0.031562, y=7.305020])";"30";"turtlesim3.sim3";"1758613514.804166311";"./src/turtle.cpp:update:260"
"Oh no! I hit the wall! (Clamping from [x=-0.031562, y=7.310295])";"30";"turtlesim2.sim2";"1758613514.789070583";"./src/turtle.cpp:update:260"
"Oh no! I hit the wall! (Clamping from [x=-0.031562, y=7.299745])";"30";"turtlesim3.sim3";"1758613514.788374513";"./src/turtle.cpp:update:260"
"Oh no! I hit the wall! (Clamping from [x=-0.031562, y=7.294470])";"30";"turtlesim3.sim3";"1758613514.772546919";"./src/turtle.cpp:update:260"
"Oh no! I hit the wall! (Clamping from [x=-0.031562, y=7.305020])";"30";"turtlesim2.sim2";"1758613514.772434966";"./src/turtle.cpp:update:260"
"Oh no! I hit the wall! (Clamping from [x=-0.031562, y=7.299745])";"30";"turtlesim2.sim2";"1758613514.756962972";"./src/turtle.cpp:update:260"
"Oh no! I hit the wall! (Clamping from [x=-0.031562, y=7.289195])";"30";"turtlesim3.sim3";"1758613514.756989826";"./src/turtle.cpp:update:260"
"Oh no! I hit the wall! (Clamping from [x=-0.031562, y=7.283921])";"30";"turtlesim3.sim3";"1758613514.740178460";"./src/turtle.cpp:update:260"
"Oh no! I hit the wall! (Clamping from [x=-0.031562, y=7.294470])";"30";"turtlesim2.sim2";"1758613514.740178371";"./src/turtle.cpp:update:260"
"Oh no! I hit the wall! (Clamping from [x=-0.031562, y=7.278646])";"30";"turtlesim3.sim3";"1758613514.724752460";"./src/turtle.cpp:update:260"
"Oh no! I hit the wall! (Clamping from [x=-0.031562, y=7.289195])";"30";"turtlesim2.sim2";"1758613514.724659981";"./src/turtle.cpp:update:260"
"Oh no! I hit the wall! (Clamping from [x=-0.031562, y=7.283921])";"30";"turtlesim2.sim2";"1758613514.708190962";"./src/turtle.cpp:update:260"
"Oh no! I hit the wall! (Clamping from [x=-0.031562, y=7.273371])";"30";"turtlesim3.sim3";"1758613514.708057298";"./src/turtle.cpp:update:260"
"Oh no! I hit the wall! (Clamping from [x=-0.031562, y=7.278646])";"30";"turtlesim2.sim2";"1758613514.692770594";"./src/turtle.cpp:update:260"
"Oh no! I hit the wall! (Clamping from [x=-0.031562, y=7.268096])";"30";"turtlesim3.sim3";"1758613514.692444270";"./src/turtle.cpp:update:260"
"Oh no! I hit the wall! (Clamping from [x=-0.031562, y=7.273371])";"30";"turtlesim2.sim2";"1758613514.676387123";"./src/turtle.cpp:update:260"
"Oh no! I hit the wall! (Clamping from [x=-0.031562, y=7.262822])";"30";"turtlesim3.sim3";"1758613514.675995477";"./src/turtle.cpp:update:260"
"Oh no! I hit the wall! (Clamping from [x=-0.031562, y=7.257547])";"30";"turtlesim3.sim3";"1758613514.660745841";"./src/turtle.cpp:update:260"
"Oh no! I hit the wall! (Clamping from [x=-0.031562, y=7.268096])";"30";"turtlesim2.sim2";"1758613514.660525779";"./src/turtle.cpp:update:260"
"Oh no! I hit the wall! (Clamping from [x=-0.031562, y=7.262822])";"30";"turtlesim2.sim2";"1758613514.644535030";"./src/turtle.cpp:update:260"
"Oh no! I hit the wall! (Clamping from [x=-0.031562, y=7.252272])";"30";"turtlesim3.sim3";"1758613514.644147443";"./src/turtle.cpp:update:260"
"Oh no! I hit the wall! (Clamping from [x=-0.031562, y=7.246997])";"30";"turtlesim3.sim3";"1758613514.628412565";"./src/turtle.cpp:update:260"
"Oh no! I hit the wall! (Clamping from [x=-0.031562, y=7.257547])";"30";"turtlesim2.sim2";"1758613514.628365898";"./src/turtle.cpp:update:260"
"Oh no! I hit the wall! (Clamping from [x=-0.031562, y=7.252272])";"30";"turtlesim2.sim2";"1758613514.612117855";"./src/turtle.cpp:update:260"
"Oh no! I hit the wall! (Clamping from [x=-0.031562, y=7.241722])";"30";"turtlesim3.sim3";"1758613514.612118041";"./src/turtle.cpp:update:260"
"Oh no! I hit the wall! (Clamping from [x=-0.031562, y=7.246997])";"30";"turtlesim2.sim2";"1758613514.595916279";"./src/turtle.cpp:update:260"
"Oh no! I hit the wall! (Clamping from [x=-0.031562, y=7.236448])";"30";"turtlesim3.sim3";"1758613514.595935890";"./src/turtle.cpp:update:260"
"Oh no! I hit the wall! (Clamping from [x=-0.031562, y=7.241722])";"30";"turtlesim2.sim2";"1758613514.580686570";"./src/turtle.cpp:update:260"
"Oh no! I hit the wall! (Clamping from [x=-0.031562, y=7.231173])";"30";"turtlesim3.sim3";"1758613514.580694350";"./src/turtle.cpp:update:260"
"Oh no! I hit the wall! (Clamping from [x=-0.031562, y=7.236448])";"30";"turtlesim2.sim2";"1758613514.564896531";"./src/turtle.cpp:update:260"
"Oh no! I hit the wall! (Clamping from [x=-0.031562, y=7.225898])";"30";"turtlesim3.sim3";"1758613514.564776138";"./src/turtle.cpp:update:260"
"Oh no! I hit the wall! (Clamping from [x=-0.031562, y=7.231173])";"30";"turtlesim2.sim2";"1758613514.548652181";"./src/turtle.cpp:update:260"
"Oh no! I hit the wall! (Clamping from [x=-0.031562, y=7.220623])";"30";"turtlesim3.sim3";"1758613514.548549400";"./src/turtle.cpp:update:260"
"Oh no! I hit the wall! (Clamping from [x=-0.031562, y=7.225898])";"30";"turtlesim2.sim2";"1758613514.533054691";"./src/turtle.cpp:update:260"
"Oh no! I hit the wall! (Clamping from [x=-0.031562, y=7.215349])";"30";"turtlesim3.sim3";"1758613514.532132221";"./src/turtle.cpp:update:260"
"Oh no! I hit the wall! (Clamping from [x=-0.031562, y=7.210074])";"30";"turtlesim3.sim3";"1758613514.516508188";"./src/turtle.cpp:update:260"
"Oh no! I hit the wall! (Clamping from [x=-0.031562, y=7.220623])";"30";"turtlesim2.sim2";"1758613514.516508066";"./src/turtle.cpp:update:260"
"Oh no! I hit the wall! (Clamping from [x=-0.031562, y=7.204799])";"30";"turtlesim3.sim3";"1758613514.500987875";"./src/turtle.cpp:update:260"
"Oh no! I hit the wall! (Clamping from [x=-0.031562, y=7.215349])";"30";"turtlesim2.sim2";"1758613514.500877437";"./src/turtle.cpp:update:260"
"Oh no! I hit the wall! (Clamping from [x=-0.031562, y=7.210074])";"30";"turtlesim2.sim2";"1758613514.484558694";"./src/turtle.cpp:update:260"
"Oh no! I hit the wall! (Clamping from [x=-0.031562, y=7.199524])";"30";"turtlesim3.sim3";"1758613514.484459118";"./src/turtle.cpp:update:260"
"Oh no! I hit the wall! (Clamping from [x=-0.031562, y=7.194249])";"30";"turtlesim3.sim3";"1758613514.467997011";"./src/turtle.cpp:update:260"
"Oh no! I hit the wall! (Clamping from [x=-0.031562, y=7.204799])";"30";"turtlesim2.sim2";"1758613514.467997034";"./src/turtle.cpp:update:260"
"Oh no! I hit the wall! (Clamping from [x=-0.031562, y=7.199524])";"30";"turtlesim2.sim2";"1758613514.452680938";"./src/turtle.cpp:update:260"
"Oh no! I hit the wall! (Clamping from [x=-0.031562, y=7.188975])";"30";"turtlesim3.sim3";"1758613514.452681159";"./src/turtle.cpp:update:260"
"Oh no! I hit the wall! (Clamping from [x=-0.031562, y=7.183700])";"30";"turtlesim3.sim3";"1758613514.436619477";"./src/turtle.cpp:update:260"
"Oh no! I hit the wall! (Clamping from [x=-0.031562, y=7.194249])";"30";"turtlesim2.sim2";"1758613514.436595630";"./src/turtle.cpp:update:260"
"Oh no! I hit the wall! (Clamping from [x=-0.031562, y=7.178425])";"30";"turtlesim3.sim3";"1758613514.420679391";"./src/turtle.cpp:update:260"
"Oh no! I hit the wall! (Clamping from [x=-0.031562, y=7.188975])";"30";"turtlesim2.sim2";"1758613514.420405725";"./src/turtle.cpp:update:260"
"Oh no! I hit the wall! (Clamping from [x=-0.031562, y=7.173150])";"30";"turtlesim3.sim3";"1758613514.404717868";"./src/turtle.cpp:update:260"
"Oh no! I hit the wall! (Clamping from [x=-0.031562, y=7.183700])";"30";"turtlesim2.sim2";"1758613514.404159413";"./src/turtle.cpp:update:260"
"Oh no! I hit the wall! (Clamping from [x=-0.031562, y=7.167875])";"30";"turtlesim3.sim3";"1758613514.388691852";"./src/turtle.cpp:update:260"
"Oh no! I hit the wall! (Clamping from [x=-0.031562, y=7.178425])";"30";"turtlesim2.sim2";"1758613514.387974732";"./src/turtle.cpp:update:260"
"Oh no! I hit the wall! (Clamping from [x=-0.031562, y=7.162601])";"30";"turtlesim3.sim3";"1758613514.372578070";"./src/turtle.cpp:update:260"
"Oh no! I hit the wall! (Clamping from [x=-0.031562, y=7.173150])";"30";"turtlesim2.sim2";"1758613514.371896710";"./src/turtle.cpp:update:260"
"Oh no! I hit the wall! (Clamping from [x=-0.031562, y=7.167875])";"30";"turtlesim2.sim2";"1758613514.356822966";"./src/turtle.cpp:update:260"
"Oh no! I hit the wall! (Clamping from [x=-0.031562, y=7.157326])";"30";"turtlesim3.sim3";"1758613514.356459093";"./src/turtle.cpp:update:260"
"Oh no! I hit the wall! (Clamping from [x=-0.031562, y=7.152051])";"30";"turtlesim3.sim3";"1758613514.340814127";"./src/turtle.cpp:update:260"
"Oh no! I hit the wall! (Clamping from [x=-0.031562, y=7.162601])";"30";"turtlesim2.sim2";"1758613514.340233202";"./src/turtle.cpp:update:260"
"Oh no! I hit the wall! (Clamping from [x=-0.031562, y=7.157326])";"30";"turtlesim2.sim2";"1758613514.324900587";"./src/turtle.cpp:update:260"
"Oh no! I hit the wall! (Clamping from [x=-0.031562, y=7.146776])";"30";"turtlesim3.sim3";"1758613514.324207389";"./src/turtle.cpp:update:260"
"Oh no! I hit the wall! (Clamping from [x=-0.031562, y=7.152051])";"30";"turtlesim2.sim2";"1758613514.308961721";"./src/turtle.cpp:update:260"
"Oh no! I hit the wall! (Clamping from [x=-0.031562, y=7.141502])";"30";"turtlesim3.sim3";"1758613514.308014178";"./src/turtle.cpp:update:260"
"Oh no! I hit the wall! (Clamping from [x=-0.031562, y=7.136227])";"30";"turtlesim3.sim3";"1758613514.292797782";"./src/turtle.cpp:update:260"
"Oh no! I hit the wall! (Clamping from [x=-0.031562, y=7.146776])";"30";"turtlesim2.sim2";"1758613514.292470055";"./src/turtle.cpp:update:260"
"Oh no! I hit the wall! (Clamping from [x=-0.031562, y=7.141502])";"30";"turtlesim2.sim2";"1758613514.276524542";"./src/turtle.cpp:update:260"
"Oh no! I hit the wall! (Clamping from [x=-0.031562, y=7.130952])";"30";"turtlesim3.sim3";"1758613514.276515570";"./src/turtle.cpp:update:260"
"Oh no! I hit the wall! (Clamping from [x=-0.031562, y=7.136227])";"30";"turtlesim2.sim2";"1758613514.260793666";"./src/turtle.cpp:update:260"
"Oh no! I hit the wall! (Clamping from [x=-0.031562, y=7.125677])";"30";"turtlesim3.sim3";"1758613514.260152144";"./src/turtle.cpp:update:260"
"Oh no! I hit the wall! (Clamping from [x=-0.031562, y=7.120402])";"30";"turtlesim3.sim3";"1758613514.244774080";"./src/turtle.cpp:update:260"
"Oh no! I hit the wall! (Clamping from [x=-0.031562, y=7.130952])";"30";"turtlesim2.sim2";"1758613514.244291209";"./src/turtle.cpp:update:260"
"Oh no! I hit the wall! (Clamping from [x=-0.031562, y=7.115128])";"30";"turtlesim3.sim3";"1758613514.228595538";"./src/turtle.cpp:update:260"
"Oh no! I hit the wall! (Clamping from [x=-0.031562, y=7.125677])";"30";"turtlesim2.sim2";"1758613514.228472285";"./src/turtle.cpp:update:260"
"Oh no! I hit the wall! (Clamping from [x=-0.031562, y=7.120402])";"30";"turtlesim2.sim2";"1758613514.212256830";"./src/turtle.cpp:update:260"
"Oh no! I hit the wall! (Clamping from [x=-0.031562, y=7.109853])";"30";"turtlesim3.sim3";"1758613514.211936924";"./src/turtle.cpp:update:260"
"Oh no! I hit the wall! (Clamping from [x=-0.031562, y=7.104578])";"30";"turtlesim3.sim3";"1758613514.196263048";"./src/turtle.cpp:update:260"
"Oh no! I hit the wall! (Clamping from [x=-0.031562, y=7.115128])";"30";"turtlesim2.sim2";"1758613514.196297832";"./src/turtle.cpp:update:260"
"Oh no! I hit the wall! (Clamping from [x=-0.031562, y=7.109853])";"30";"turtlesim2.sim2";"1758613514.179977170";"./src/turtle.cpp:update:260"
"Oh no! I hit the wall! (Clamping from [x=-0.031562, y=7.099303])";"30";"turtlesim3.sim3";"1758613514.180014546";"./src/turtle.cpp:update:260"
"Oh no! I hit the wall! (Clamping from [x=-0.031562, y=7.094029])";"30";"turtlesim3.sim3";"1758613514.164648600";"./src/turtle.cpp:update:260"
"Oh no! I hit the wall! (Clamping from [x=-0.031562, y=7.104578])";"30";"turtlesim2.sim2";"1758613514.164474065";"./src/turtle.cpp:update:260"
"Oh no! I hit the wall! (Clamping from [x=-0.031562, y=7.088754])";"30";"turtlesim3.sim3";"1758613514.148879960";"./src/turtle.cpp:update:260"
"Oh no! I hit the wall! (Clamping from [x=-0.031562, y=7.099303])";"30";"turtlesim2.sim2";"1758613514.148806140";"./src/turtle.cpp:update:260"
"Oh no! I hit the wall! (Clamping from [x=-0.031562, y=7.094029])";"30";"turtlesim2.sim2";"1758613514.132252521";"./src/turtle.cpp:update:260"
"Oh no! I hit the wall! (Clamping from [x=-0.031562, y=7.083479])";"30";"turtlesim3.sim3";"1758613514.132252471";"./src/turtle.cpp:update:260"
"Oh no! I hit the wall! (Clamping from [x=-0.031562, y=7.088754])";"30";"turtlesim2.sim2";"1758613514.116004876";"./src/turtle.cpp:update:260"
"Oh no! I hit the wall! (Clamping from [x=-0.031562, y=7.078204])";"30";"turtlesim3.sim3";"1758613514.116004607";"./src/turtle.cpp:update:260"
"Oh no! I hit the wall! (Clamping from [x=-0.031562, y=7.083479])";"30";"turtlesim2.sim2";"1758613514.100617982";"./src/turtle.cpp:update:260"
"Oh no! I hit the wall! (Clamping from [x=-0.031562, y=7.072929])";"30";"turtlesim3.sim3";"1758613514.100628483";"./src/turtle.cpp:update:260"
"Oh no! I hit the wall! (Clamping from [x=-0.031562, y=7.067655])";"30";"turtlesim3.sim3";"1758613514.084156197";"./src/turtle.cpp:update:260"
"Oh no! I hit the wall! (Clamping from [x=-0.031562, y=7.078204])";"30";"turtlesim2.sim2";"1758613514.084136303";"./src/turtle.cpp:update:260"
"Oh no! I hit the wall! (Clamping from [x=-0.031562, y=7.072929])";"30";"turtlesim2.sim2";"1758613514.067979524";"./src/turtle.cpp:update:260"
"Oh no! I hit the wall! (Clamping from [x=-0.031562, y=7.062380])";"30";"turtlesim3.sim3";"1758613514.068007836";"./src/turtle.cpp:update:260"
"Oh no! I hit the wall! (Clamping from [x=-0.031562, y=7.067655])";"30";"turtlesim2.sim2";"1758613514.051843884";"./src/turtle.cpp:update:260"
"Oh no! I hit the wall! (Clamping from [x=-0.031562, y=7.057105])";"30";"turtlesim3.sim3";"1758613514.051855447";"./src/turtle.cpp:update:260"
"Oh no! I hit the wall! (Clamping from [x=-0.031562, y=7.062380])";"30";"turtlesim2.sim2";"1758613514.036891045";"./src/turtle.cpp:update:260"
"Oh no! I hit the wall! (Clamping from [x=-0.031562, y=7.051830])";"30";"turtlesim3.sim3";"1758613514.036736352";"./src/turtle.cpp:update:260"
"Oh no! I hit the wall! (Clamping from [x=-0.031562, y=7.057105])";"30";"turtlesim2.sim2";"1758613514.020531340";"./src/turtle.cpp:update:260"
"Oh no! I hit the wall! (Clamping from [x=-0.031562, y=7.046556])";"30";"turtlesim3.sim3";"1758613514.020427352";"./src/turtle.cpp:update:260"
"Oh no! I hit the wall! (Clamping from [x=-0.031562, y=7.041281])";"30";"turtlesim3.sim3";"1758613514.004348247";"./src/turtle.cpp:update:260"
"Oh no! I hit the wall! (Clamping from [x=-0.031562, y=7.051830])";"30";"turtlesim2.sim2";"1758613514.004073481";"./src/turtle.cpp:update:260"
"Oh no! I hit the wall! (Clamping from [x=-0.031562, y=7.036006])";"30";"turtlesim3.sim3";"1758613513.988680879";"./src/turtle.cpp:update:260"
"Oh no! I hit the wall! (Clamping from [x=-0.031562, y=7.046556])";"30";"turtlesim2.sim2";"1758613513.988591672";"./src/turtle.cpp:update:260"
"Oh no! I hit the wall! (Clamping from [x=-0.031562, y=7.041281])";"30";"turtlesim2.sim2";"1758613513.972426102";"./src/turtle.cpp:update:260"
"Oh no! I hit the wall! (Clamping from [x=-0.031562, y=7.030731])";"30";"turtlesim3.sim3";"1758613513.972461016";"./src/turtle.cpp:update:260"
"Oh no! I hit the wall! (Clamping from [x=-0.031562, y=7.036006])";"30";"turtlesim2.sim2";"1758613513.956315976";"./src/turtle.cpp:update:260"
"Oh no! I hit the wall! (Clamping from [x=-0.031562, y=7.025456])";"30";"turtlesim3.sim3";"1758613513.956316020";"./src/turtle.cpp:update:260"
"Oh no! I hit the wall! (Clamping from [x=-0.031562, y=7.020182])";"30";"turtlesim3.sim3";"1758613513.940078507";"./src/turtle.cpp:update:260"
"Oh no! I hit the wall! (Clamping from [x=-0.031562, y=7.030731])";"30";"turtlesim2.sim2";"1758613513.940078442";"./src/turtle.cpp:update:260"
"Oh no! I hit the wall! (Clamping from [x=-0.031562, y=7.014907])";"30";"turtlesim3.sim3";"1758613513.924894318";"./src/turtle.cpp:update:260"
"Oh no! I hit the wall! (Clamping from [x=-0.031562, y=7.025456])";"30";"turtlesim2.sim2";"1758613513.924753164";"./src/turtle.cpp:update:260"
"Oh no! I hit the wall! (Clamping from [x=-0.031562, y=7.020182])";"30";"turtlesim2.sim2";"1758613513.908648481";"./src/turtle.cpp:update:260"
"Oh no! I hit the wall! (Clamping from [x=-0.031562, y=7.009632])";"30";"turtlesim3.sim3";"1758613513.908584667";"./src/turtle.cpp:update:260"
"Oh no! I hit the wall! (Clamping from [x=-0.031562, y=7.014907])";"30";"turtlesim2.sim2";"1758613513.892231480";"./src/turtle.cpp:update:260"
"Oh no! I hit the wall! (Clamping from [x=-0.031562, y=7.004357])";"30";"turtlesim3.sim3";"1758613513.892231002";"./src/turtle.cpp:update:260"
"Oh no! I hit the wall! (Clamping from [x=-0.031562, y=7.009632])";"30";"turtlesim2.sim2";"1758613513.876060560";"./src/turtle.cpp:update:260"
"Oh no! I hit the wall! (Clamping from [x=-0.031562, y=6.999082])";"30";"turtlesim3.sim3";"1758613513.876060214";"./src/turtle.cpp:update:260"
"Oh no! I hit the wall! (Clamping from [x=-0.031562, y=7.004357])";"30";"turtlesim2.sim2";"1758613513.860672080";"./src/turtle.cpp:update:260"
"Oh no! I hit the wall! (Clamping from [x=-0.031562, y=6.993808])";"30";"turtlesim3.sim3";"1758613513.859854368";"./src/turtle.cpp:update:260"
"Oh no! I hit the wall! (Clamping from [x=-0.031562, y=6.988533])";"30";"turtlesim3.sim3";"1758613513.845582442";"./src/turtle.cpp:update:260"
"Oh no! I hit the wall! (Clamping from [x=-0.031562, y=6.999082])";"30";"turtlesim2.sim2";"1758613513.844525667";"./src/turtle.cpp:update:260"
"Oh no! I hit the wall! (Clamping from [x=-0.031562, y=6.983258])";"30";"turtlesim3.sim3";"1758613513.828639950";"./src/turtle.cpp:update:260"
"Oh no! I hit the wall! (Clamping from [x=-0.031562, y=6.993808])";"30";"turtlesim2.sim2";"1758613513.827893386";"./src/turtle.cpp:update:260"
"Oh no! I hit the wall! (Clamping from [x=-0.031562, y=6.988533])";"30";"turtlesim2.sim2";"1758613513.812525588";"./src/turtle.cpp:update:260"
"Oh no! I hit the wall! (Clamping from [x=-0.031562, y=6.977983])";"30";"turtlesim3.sim3";"1758613513.812465842";"./src/turtle.cpp:update:260"
"Oh no! I hit the wall! (Clamping from [x=-0.031562, y=6.983258])";"30";"turtlesim2.sim2";"1758613513.796322324";"./src/turtle.cpp:update:260"
"Oh no! I hit the wall! (Clamping from [x=-0.031562, y=6.972709])";"30";"turtlesim3.sim3";"1758613513.796135691";"./src/turtle.cpp:update:260"
"Oh no! I hit the wall! (Clamping from [x=-0.031562, y=6.967434])";"30";"turtlesim3.sim3";"1758613513.780929448";"./src/turtle.cpp:update:260"
"Oh no! I hit the wall! (Clamping from [x=-0.031562, y=6.977983])";"30";"turtlesim2.sim2";"1758613513.780788336";"./src/turtle.cpp:update:260"
"Oh no! I hit the wall! (Clamping from [x=-0.031562, y=6.972709])";"30";"turtlesim2.sim2";"1758613513.764033659";"./src/turtle.cpp:update:260"
"Oh no! I hit the wall! (Clamping from [x=-0.031562, y=6.962159])";"30";"turtlesim3.sim3";"1758613513.764064033";"./src/turtle.cpp:update:260"
"Oh no! I hit the wall! (Clamping from [x=-0.031562, y=6.967434])";"30";"turtlesim2.sim2";"1758613513.748878075";"./src/turtle.cpp:update:260"
"Oh no! I hit the wall! (Clamping from [x=-0.031562, y=6.956884])";"30";"turtlesim3.sim3";"1758613513.748845039";"./src/turtle.cpp:update:260"
"Oh no! I hit the wall! (Clamping from [x=-0.031562, y=6.962159])";"30";"turtlesim2.sim2";"1758613513.732824736";"./src/turtle.cpp:update:260"
"Oh no! I hit the wall! (Clamping from [x=-0.031562, y=6.951609])";"30";"turtlesim3.sim3";"1758613513.732770986";"./src/turtle.cpp:update:260"
"Oh no! I hit the wall! (Clamping from [x=-0.031562, y=6.946335])";"30";"turtlesim3.sim3";"1758613513.716324448";"./src/turtle.cpp:update:260"
"Oh no! I hit the wall! (Clamping from [x=-0.031562, y=6.956884])";"30";"turtlesim2.sim2";"1758613513.716047538";"./src/turtle.cpp:update:260"
"Oh no! I hit the wall! (Clamping from [x=-0.031562, y=6.941060])";"30";"turtlesim3.sim3";"1758613513.700924751";"./src/turtle.cpp:update:260"
"Oh no! I hit the wall! (Clamping from [x=-0.031562, y=6.951609])";"30";"turtlesim2.sim2";"1758613513.700158559";"./src/turtle.cpp:update:260"
"Oh no! I hit the wall! (Clamping from [x=-0.031562, y=6.935785])";"30";"turtlesim3.sim3";"1758613513.684507050";"./src/turtle.cpp:update:260"
"Oh no! I hit the wall! (Clamping from [x=-0.031562, y=6.946335])";"30";"turtlesim2.sim2";"1758613513.684535432";"./src/turtle.cpp:update:260"
"Oh no! I hit the wall! (Clamping from [x=-0.031562, y=6.930510])";"30";"turtlesim3.sim3";"1758613513.668989927";"./src/turtle.cpp:update:260"
"Oh no! I hit the wall! (Clamping from [x=-0.031562, y=6.941060])";"30";"turtlesim2.sim2";"1758613513.668931567";"./src/turtle.cpp:update:260"
"Oh no! I hit the wall! (Clamping from [x=-0.031562, y=6.935785])";"30";"turtlesim2.sim2";"1758613513.652796775";"./src/turtle.cpp:update:260"
"Oh no! I hit the wall! (Clamping from [x=-0.031562, y=6.925236])";"30";"turtlesim3.sim3";"1758613513.652563427";"./src/turtle.cpp:update:260"
"Oh no! I hit the wall! (Clamping from [x=-0.031562, y=6.919961])";"30";"turtlesim3.sim3";"1758613513.636247396";"./src/turtle.cpp:update:260"
"Oh no! I hit the wall! (Clamping from [x=-0.031562, y=6.930510])";"30";"turtlesim2.sim2";"1758613513.636292060";"./src/turtle.cpp:update:260"
"Oh no! I hit the wall! (Clamping from [x=-0.031562, y=6.914686])";"30";"turtlesim3.sim3";"1758613513.620840468";"./src/turtle.cpp:update:260"
"Oh no! I hit the wall! (Clamping from [x=-0.031562, y=6.925236])";"30";"turtlesim2.sim2";"1758613513.620522496";"./src/turtle.cpp:update:260"
"Oh no! I hit the wall! (Clamping from [x=-0.031562, y=6.919961])";"30";"turtlesim2.sim2";"1758613513.604929579";"./src/turtle.cpp:update:260"
"Oh no! I hit the wall! (Clamping from [x=-0.031562, y=6.909411])";"30";"turtlesim3.sim3";"1758613513.604140765";"./src/turtle.cpp:update:260"
"Oh no! I hit the wall! (Clamping from [x=-0.031562, y=6.914686])";"30";"turtlesim2.sim2";"1758613513.588613238";"./src/turtle.cpp:update:260"
"Oh no! I hit the wall! (Clamping from [x=-0.031562, y=6.904136])";"30";"turtlesim3.sim3";"1758613513.588525982";"./src/turtle.cpp:update:260"
"Oh no! I hit the wall! (Clamping from [x=-0.031562, y=6.898862])";"30";"turtlesim3.sim3";"1758613513.572155863";"./src/turtle.cpp:update:260"
"Oh no! I hit the wall! (Clamping from [x=-0.031562, y=6.909411])";"30";"turtlesim2.sim2";"1758613513.572161129";"./src/turtle.cpp:update:260"
"Oh no! I hit the wall! (Clamping from [x=-0.031562, y=6.893587])";"30";"turtlesim3.sim3";"1758613513.556700871";"./src/turtle.cpp:update:260"
"Oh no! I hit the wall! (Clamping from [x=-0.031562, y=6.904136])";"30";"turtlesim2.sim2";"1758613513.556490223";"./src/turtle.cpp:update:260"
"Oh no! I hit the wall! (Clamping from [x=-0.031562, y=6.898862])";"30";"turtlesim2.sim2";"1758613513.540630386";"./src/turtle.cpp:update:260"
"Oh no! I hit the wall! (Clamping from [x=-0.031562, y=6.909411])";"30";"turtlesim1.sim1";"1758613513.540502985";"./src/turtle.cpp:update:260"
"Oh no! I hit the wall! (Clamping from [x=-0.031562, y=6.888312])";"30";"turtlesim3.sim3";"1758613513.540533484";"./src/turtle.cpp:update:260"
"Oh no! I hit the wall! (Clamping from [x=-0.031562, y=6.883037])";"30";"turtlesim3.sim3";"1758613513.524749771";"./src/turtle.cpp:update:260"
"Oh no! I hit the wall! (Clamping from [x=-0.031562, y=6.904136])";"30";"turtlesim1.sim1";"1758613513.524401877";"./src/turtle.cpp:update:260"
"Oh no! I hit the wall! (Clamping from [x=-0.031562, y=6.893587])";"30";"turtlesim2.sim2";"1758613513.524129187";"./src/turtle.cpp:update:260"
"Oh no! I hit the wall! (Clamping from [x=-0.031562, y=6.898862])";"30";"turtlesim1.sim1";"1758613513.508870814";"./src/turtle.cpp:update:260"
"Oh no! I hit the wall! (Clamping from [x=-0.031562, y=6.888312])";"30";"turtlesim2.sim2";"1758613513.508344656";"./src/turtle.cpp:update:260"
"Oh no! I hit the wall! (Clamping from [x=-0.031562, y=6.877763])";"30";"turtlesim3.sim3";"1758613513.508030395";"./src/turtle.cpp:update:260"
"Oh no! I hit the wall! (Clamping from [x=-0.031562, y=6.893587])";"30";"turtlesim1.sim1";"1758613513.492765094";"./src/turtle.cpp:update:260"
"Oh no! I hit the wall! (Clamping from [x=-0.031562, y=6.872488])";"30";"turtlesim3.sim3";"1758613513.492704301";"./src/turtle.cpp:update:260"
"Oh no! I hit the wall! (Clamping from [x=-0.031562, y=6.883037])";"30";"turtlesim2.sim2";"1758613513.492704349";"./src/turtle.cpp:update:260"
"Oh no! I hit the wall! (Clamping from [x=-0.031562, y=6.877763])";"30";"turtlesim2.sim2";"1758613513.476782761";"./src/turtle.cpp:update:260"
"Oh no! I hit the wall! (Clamping from [x=-0.031562, y=6.867213])";"30";"turtlesim3.sim3";"1758613513.476341081";"./src/turtle.cpp:update:260"
"Oh no! I hit the wall! (Clamping from [x=-0.031562, y=6.888312])";"30";"turtlesim1.sim1";"1758613513.476281716";"./src/turtle.cpp:update:260"
"Oh no! I hit the wall! (Clamping from [x=-0.031562, y=6.872488])";"30";"turtlesim2.sim2";"1758613513.460851730";"./src/turtle.cpp:update:260"
"Oh no! I hit the wall! (Clamping from [x=-0.031562, y=6.861938])";"30";"turtlesim3.sim3";"1758613513.460676200";"./src/turtle.cpp:update:260"
"Oh no! I hit the wall! (Clamping from [x=-0.031562, y=6.883037])";"30";"turtlesim1.sim1";"1758613513.460271280";"./src/turtle.cpp:update:260"
"Oh no! I hit the wall! (Clamping from [x=-0.031562, y=6.877763])";"30";"turtlesim1.sim1";"1758613513.444819271";"./src/turtle.cpp:update:260"
"Oh no! I hit the wall! (Clamping from [x=-0.031562, y=6.856663])";"30";"turtlesim3.sim3";"1758613513.444525381";"./src/turtle.cpp:update:260"
"Oh no! I hit the wall! (Clamping from [x=-0.031562, y=6.867213])";"30";"turtlesim2.sim2";"1758613513.443970966";"./src/turtle.cpp:update:260"
"Oh no! I hit the wall! (Clamping from [x=-0.031562, y=6.861938])";"30";"turtlesim2.sim2";"1758613513.429562161";"./src/turtle.cpp:update:260"
"Oh no! I hit the wall! (Clamping from [x=-0.031562, y=6.872488])";"30";"turtlesim1.sim1";"1758613513.428265119";"./src/turtle.cpp:update:260"
"Oh no! I hit the wall! (Clamping from [x=-0.031562, y=6.851389])";"30";"turtlesim3.sim3";"1758613513.428146870";"./src/turtle.cpp:update:260"
"Oh no! I hit the wall! (Clamping from [x=-0.031562, y=6.867213])";"30";"turtlesim1.sim1";"1758613513.413185642";"./src/turtle.cpp:update:260"
"Oh no! I hit the wall! (Clamping from [x=-0.031562, y=6.856663])";"30";"turtlesim2.sim2";"1758613513.412184034";"./src/turtle.cpp:update:260"
"Oh no! I hit the wall! (Clamping from [x=-0.031562, y=6.846114])";"30";"turtlesim3.sim3";"1758613513.411948526";"./src/turtle.cpp:update:260"
"Oh no! I hit the wall! (Clamping from [x=-0.031562, y=6.840839])";"30";"turtlesim3.sim3";"1758613513.396706149";"./src/turtle.cpp:update:260"
"Oh no! I hit the wall! (Clamping from [x=-0.031562, y=6.851389])";"30";"turtlesim2.sim2";"1758613513.396706003";"./src/turtle.cpp:update:260"
"Oh no! I hit the wall! (Clamping from [x=-0.031562, y=6.861938])";"30";"turtlesim1.sim1";"1758613513.396706356";"./src/turtle.cpp:update:260"
"Oh no! I hit the wall! (Clamping from [x=-0.031562, y=6.856663])";"30";"turtlesim1.sim1";"1758613513.380625447";"./src/turtle.cpp:update:260"
"Oh no! I hit the wall! (Clamping from [x=-0.031562, y=6.835564])";"30";"turtlesim3.sim3";"1758613513.380579518";"./src/turtle.cpp:update:260"
"Oh no! I hit the wall! (Clamping from [x=-0.031562, y=6.846114])";"30";"turtlesim2.sim2";"1758613513.380078474";"./src/turtle.cpp:update:260"
"Oh no! I hit the wall! (Clamping from [x=-0.031562, y=6.840839])";"30";"turtlesim2.sim2";"1758613513.364579336";"./src/turtle.cpp:update:260"
"Oh no! I hit the wall! (Clamping from [x=-0.031562, y=6.830290])";"30";"turtlesim3.sim3";"1758613513.364530358";"./src/turtle.cpp:update:260"
"Oh no! I hit the wall! (Clamping from [x=-0.031562, y=6.851389])";"30";"turtlesim1.sim1";"1758613513.364383996";"./src/turtle.cpp:update:260"
"Oh no! I hit the wall! (Clamping from [x=-0.031562, y=6.825015])";"30";"turtlesim3.sim3";"1758613513.349338471";"./src/turtle.cpp:update:260"
"Oh no! I hit the wall! (Clamping from [x=-0.031562, y=6.846114])";"30";"turtlesim1.sim1";"1758613513.348800828";"./src/turtle.cpp:update:260"
"Oh no! I hit the wall! (Clamping from [x=-0.031562, y=6.835564])";"30";"turtlesim2.sim2";"1758613513.348613747";"./src/turtle.cpp:update:260"
"Oh no! I hit the wall! (Clamping from [x=-0.031562, y=6.819740])";"30";"turtlesim3.sim3";"1758613513.332777250";"./src/turtle.cpp:update:260"
"Oh no! I hit the wall! (Clamping from [x=-0.031562, y=6.840839])";"30";"turtlesim1.sim1";"1758613513.332459237";"./src/turtle.cpp:update:260"
"Oh no! I hit the wall! (Clamping from [x=-0.031562, y=6.830290])";"30";"turtlesim2.sim2";"1758613513.331979792";"./src/turtle.cpp:update:260"
"Oh no! I hit the wall! (Clamping from [x=-0.031562, y=6.814465])";"30";"turtlesim3.sim3";"1758613513.316816300";"./src/turtle.cpp:update:260"
"Oh no! I hit the wall! (Clamping from [x=-0.031562, y=6.825015])";"30";"turtlesim2.sim2";"1758613513.316238186";"./src/turtle.cpp:update:260"
"Oh no! I hit the wall! (Clamping from [x=-0.031562, y=6.835564])";"30";"turtlesim1.sim1";"1758613513.316162933";"./src/turtle.cpp:update:260"
"Oh no! I hit the wall! (Clamping from [x=-0.031562, y=6.830290])";"30";"turtlesim1.sim1";"1758613513.300645706";"./src/turtle.cpp:update:260"
"Oh no! I hit the wall! (Clamping from [x=-0.031562, y=6.819740])";"30";"turtlesim2.sim2";"1758613513.300432237";"./src/turtle.cpp:update:260"
"Oh no! I hit the wall! (Clamping from [x=-0.031562, y=6.809190])";"30";"turtlesim3.sim3";"1758613513.300314125";"./src/turtle.cpp:update:260"
"Oh no! I hit the wall! (Clamping from [x=-0.031562, y=6.803916])";"30";"turtlesim3.sim3";"1758613513.285128032";"./src/turtle.cpp:update:260"
"Oh no! I hit the wall! (Clamping from [x=-0.031562, y=6.825015])";"30";"turtlesim1.sim1";"1758613513.284849086";"./src/turtle.cpp:update:260"
"Oh no! I hit the wall! (Clamping from [x=-0.031562, y=6.814465])";"30";"turtlesim2.sim2";"1758613513.284667451";"./src/turtle.cpp:update:260"
"Oh no! I hit the wall! (Clamping from [x=-0.031562, y=6.798641])";"30";"turtlesim3.sim3";"1758613513.268830294";"./src/turtle.cpp:update:260"
"Oh no! I hit the wall! (Clamping from [x=-0.031562, y=6.819740])";"30";"turtlesim1.sim1";"1758613513.268315309";"./src/turtle.cpp:update:260"
"Oh no! I hit the wall! (Clamping from [x=-0.031562, y=6.809190])";"30";"turtlesim2.sim2";"1758613513.268021170";"./src/turtle.cpp:update:260"
"Oh no! I hit the wall! (Clamping from [x=-0.031562, y=6.814465])";"30";"turtlesim1.sim1";"1758613513.253064378";"./src/turtle.cpp:update:260"
"Oh no! I hit the wall! (Clamping from [x=-0.031562, y=6.793366])";"30";"turtlesim3.sim3";"1758613513.252749860";"./src/turtle.cpp:update:260"
"Oh no! I hit the wall! (Clamping from [x=-0.031562, y=6.803916])";"30";"turtlesim2.sim2";"1758613513.252311714";"./src/turtle.cpp:update:260"
"Oh no! I hit the wall! (Clamping from [x=-0.031562, y=6.798641])";"30";"turtlesim2.sim2";"1758613513.236663631";"./src/turtle.cpp:update:260"
"Oh no! I hit the wall! (Clamping from [x=-0.031562, y=6.809190])";"30";"turtlesim1.sim1";"1758613513.236493627";"./src/turtle.cpp:update:260"
"Oh no! I hit the wall! (Clamping from [x=-0.031562, y=6.788091])";"30";"turtlesim3.sim3";"1758613513.236493595";"./src/turtle.cpp:update:260"
"Oh no! I hit the wall! (Clamping from [x=-0.031562, y=6.803916])";"30";"turtlesim1.sim1";"1758613513.220320078";"./src/turtle.cpp:update:260"
"Oh no! I hit the wall! (Clamping from [x=-0.031562, y=6.793366])";"30";"turtlesim2.sim2";"1758613513.220190749";"./src/turtle.cpp:update:260"
"Oh no! I hit the wall! (Clamping from [x=-0.031562, y=6.782816])";"30";"turtlesim3.sim3";"1758613513.220259942";"./src/turtle.cpp:update:260"
"Oh no! I hit the wall! (Clamping from [x=-0.031562, y=6.777542])";"30";"turtlesim3.sim3";"1758613513.205074903";"./src/turtle.cpp:update:260"
"Oh no! I hit the wall! (Clamping from [x=-0.031562, y=6.788091])";"30";"turtlesim2.sim2";"1758613513.204548360";"./src/turtle.cpp:update:260"
"Oh no! I hit the wall! (Clamping from [x=-0.031562, y=6.798641])";"30";"turtlesim1.sim1";"1758613513.204319079";"./src/turtle.cpp:update:260"
"Oh no! I hit the wall! (Clamping from [x=-0.031562, y=6.793366])";"30";"turtlesim1.sim1";"1758613513.188988520";"./src/turtle.cpp:update:260"
"Oh no! I hit the wall! (Clamping from [x=-0.031562, y=6.772267])";"30";"turtlesim3.sim3";"1758613513.188685062";"./src/turtle.cpp:update:260"
"Oh no! I hit the wall! (Clamping from [x=-0.031562, y=6.782816])";"30";"turtlesim2.sim2";"1758613513.187953627";"./src/turtle.cpp:update:260"
"Oh no! I hit the wall! (Clamping from [x=-0.031562, y=6.788091])";"30";"turtlesim1.sim1";"1758613513.172524657";"./src/turtle.cpp:update:260"
"Oh no! I hit the wall! (Clamping from [x=-0.031562, y=6.777542])";"30";"turtlesim2.sim2";"1758613513.172469235";"./src/turtle.cpp:update:260"
"Oh no! I hit the wall! (Clamping from [x=-0.031562, y=6.766992])";"30";"turtlesim3.sim3";"1758613513.172336338";"./src/turtle.cpp:update:260"
"Oh no! I hit the wall! (Clamping from [x=-0.031562, y=6.772267])";"30";"turtlesim2.sim2";"1758613513.156818268";"./src/turtle.cpp:update:260"
"Oh no! I hit the wall! (Clamping from [x=-0.031562, y=6.761717])";"30";"turtlesim3.sim3";"1758613513.156186782";"./src/turtle.cpp:update:260"
"Oh no! I hit the wall! (Clamping from [x=-0.031562, y=6.782816])";"30";"turtlesim1.sim1";"1758613513.156029846";"./src/turtle.cpp:update:260"
"Oh no! I hit the wall! (Clamping from [x=-0.031562, y=6.766992])";"30";"turtlesim2.sim2";"1758613513.140439274";"./src/turtle.cpp:update:260"
"Oh no! I hit the wall! (Clamping from [x=-0.031562, y=6.777542])";"30";"turtlesim1.sim1";"1758613513.140371458";"./src/turtle.cpp:update:260"
"Oh no! I hit the wall! (Clamping from [x=-0.031562, y=6.756443])";"30";"turtlesim3.sim3";"1758613513.140108907";"./src/turtle.cpp:update:260"
"Oh no! I hit the wall! (Clamping from [x=-0.031562, y=6.761717])";"30";"turtlesim2.sim2";"1758613513.124653629";"./src/turtle.cpp:update:260"
"Oh no! I hit the wall! (Clamping from [x=-0.031562, y=6.751168])";"30";"turtlesim3.sim3";"1758613513.124635644";"./src/turtle.cpp:update:260"
"Oh no! I hit the wall! (Clamping from [x=-0.031562, y=6.772267])";"30";"turtlesim1.sim1";"1758613513.124304588";"./src/turtle.cpp:update:260"
"Oh no! I hit the wall! (Clamping from [x=-0.031562, y=6.766992])";"30";"turtlesim1.sim1";"1758613513.108907577";"./src/turtle.cpp:update:260"
"Oh no! I hit the wall! (Clamping from [x=-0.031562, y=6.756443])";"30";"turtlesim2.sim2";"1758613513.108138254";"./src/turtle.cpp:update:260"
"Oh no! I hit the wall! (Clamping from [x=-0.031562, y=6.745893])";"30";"turtlesim3.sim3";"1758613513.108154706";"./src/turtle.cpp:update:260"
"Oh no! I hit the wall! (Clamping from [x=-0.031562, y=6.761717])";"30";"turtlesim1.sim1";"1758613513.092167336";"./src/turtle.cpp:update:260"
"Oh no! I hit the wall! (Clamping from [x=-0.031562, y=6.740618])";"30";"turtlesim3.sim3";"1758613513.092167567";"./src/turtle.cpp:update:260"
"Oh no! I hit the wall! (Clamping from [x=-0.031562, y=6.751168])";"30";"turtlesim2.sim2";"1758613513.092132924";"./src/turtle.cpp:update:260"
"Oh no! I hit the wall! (Clamping from [x=-0.031562, y=6.756443])";"30";"turtlesim1.sim1";"1758613513.076977389";"./src/turtle.cpp:update:260"
"Oh no! I hit the wall! (Clamping from [x=-0.031562, y=6.745893])";"30";"turtlesim2.sim2";"1758613513.076497783";"./src/turtle.cpp:update:260"
"Oh no! I hit the wall! (Clamping from [x=-0.031562, y=6.735343])";"30";"turtlesim3.sim3";"1758613513.075935514";"./src/turtle.cpp:update:260"
"Oh no! I hit the wall! (Clamping from [x=-0.031562, y=6.730069])";"30";"turtlesim3.sim3";"1758613513.060582993";"./src/turtle.cpp:update:260"
"Oh no! I hit the wall! (Clamping from [x=-0.031562, y=6.751168])";"30";"turtlesim1.sim1";"1758613513.060559799";"./src/turtle.cpp:update:260"
"Oh no! I hit the wall! (Clamping from [x=-0.031562, y=6.740618])";"30";"turtlesim2.sim2";"1758613513.060093286";"./src/turtle.cpp:update:260"
"Oh no! I hit the wall! (Clamping from [x=-0.031562, y=6.735343])";"30";"turtlesim2.sim2";"1758613513.045028422";"./src/turtle.cpp:update:260"
"Oh no! I hit the wall! (Clamping from [x=-0.031562, y=6.745893])";"30";"turtlesim1.sim1";"1758613513.045024603";"./src/turtle.cpp:update:260"
"Oh no! I hit the wall! (Clamping from [x=-0.031562, y=6.724794])";"30";"turtlesim3.sim3";"1758613513.044988830";"./src/turtle.cpp:update:260"
"Oh no! I hit the wall! (Clamping from [x=-0.031562, y=6.730069])";"30";"turtlesim2.sim2";"1758613513.028388242";"./src/turtle.cpp:update:260"
"Oh no! I hit the wall! (Clamping from [x=-0.031562, y=6.719519])";"30";"turtlesim3.sim3";"1758613513.028310512";"./src/turtle.cpp:update:260"
"Oh no! I hit the wall! (Clamping from [x=-0.031562, y=6.740618])";"30";"turtlesim1.sim1";"1758613513.028213734";"./src/turtle.cpp:update:260"
"Oh no! I hit the wall! (Clamping from [x=-0.031562, y=6.735343])";"30";"turtlesim1.sim1";"1758613513.012717446";"./src/turtle.cpp:update:260"
"Oh no! I hit the wall! (Clamping from [x=-0.031562, y=6.724794])";"30";"turtlesim2.sim2";"1758613513.012707295";"./src/turtle.cpp:update:260"
"Oh no! I hit the wall! (Clamping from [x=-0.031562, y=6.714244])";"30";"turtlesim3.sim3";"1758613513.012424222";"./src/turtle.cpp:update:260"
"Oh no! I hit the wall! (Clamping from [x=-0.031562, y=6.719519])";"30";"turtlesim2.sim2";"1758613512.996266379";"./src/turtle.cpp:update:260"
"Oh no! I hit the wall! (Clamping from [x=-0.031562, y=6.708970])";"30";"turtlesim3.sim3";"1758613512.996172943";"./src/turtle.cpp:update:260"
"Oh no! I hit the wall! (Clamping from [x=-0.031562, y=6.730069])";"30";"turtlesim1.sim1";"1758613512.996034227";"./src/turtle.cpp:update:260"
"Oh no! I hit the wall! (Clamping from [x=-0.031562, y=6.724794])";"30";"turtlesim1.sim1";"1758613512.980449628";"./src/turtle.cpp:update:260"
"Oh no! I hit the wall! (Clamping from [x=-0.031562, y=6.703695])";"30";"turtlesim3.sim3";"1758613512.980011819";"./src/turtle.cpp:update:260"
"Oh no! I hit the wall! (Clamping from [x=-0.031562, y=6.714244])";"30";"turtlesim2.sim2";"1758613512.979942356";"./src/turtle.cpp:update:260"
"Oh no! I hit the wall! (Clamping from [x=-0.031562, y=6.708970])";"30";"turtlesim2.sim2";"1758613512.964692251";"./src/turtle.cpp:update:260"
"Oh no! I hit the wall! (Clamping from [x=-0.031562, y=6.719519])";"30";"turtlesim1.sim1";"1758613512.964714314";"./src/turtle.cpp:update:260"
"Oh no! I hit the wall! (Clamping from [x=-0.031562, y=6.698420])";"30";"turtlesim3.sim3";"1758613512.964705704";"./src/turtle.cpp:update:260"
"Oh no! I hit the wall! (Clamping from [x=-0.031562, y=6.714244])";"30";"turtlesim1.sim1";"1758613512.948421113";"./src/turtle.cpp:update:260"
"Oh no! I hit the wall! (Clamping from [x=-0.031562, y=6.693145])";"30";"turtlesim3.sim3";"1758613512.948373215";"./src/turtle.cpp:update:260"
"Oh no! I hit the wall! (Clamping from [x=-0.031562, y=6.703695])";"30";"turtlesim2.sim2";"1758613512.948373123";"./src/turtle.cpp:update:260"
"Oh no! I hit the wall! (Clamping from [x=-0.031562, y=6.698420])";"30";"turtlesim2.sim2";"1758613512.932720978";"./src/turtle.cpp:update:260"
"Oh no! I hit the wall! (Clamping from [x=-0.031562, y=6.687870])";"30";"turtlesim3.sim3";"1758613512.932268855";"./src/turtle.cpp:update:260"
"Oh no! I hit the wall! (Clamping from [x=-0.031562, y=6.708970])";"30";"turtlesim1.sim1";"1758613512.932182659";"./src/turtle.cpp:update:260"
"Oh no! I hit the wall! (Clamping from [x=-0.031562, y=6.703695])";"30";"turtlesim1.sim1";"1758613512.916044151";"./src/turtle.cpp:update:260"
"Oh no! I hit the wall! (Clamping from [x=-0.031562, y=6.682596])";"30";"turtlesim3.sim3";"1758613512.916008448";"./src/turtle.cpp:update:260"
"Oh no! I hit the wall! (Clamping from [x=-0.031562, y=6.693145])";"30";"turtlesim2.sim2";"1758613512.916045512";"./src/turtle.cpp:update:260"
"Oh no! I hit the wall! (Clamping from [x=-0.031562, y=6.687870])";"30";"turtlesim2.sim2";"1758613512.900849370";"./src/turtle.cpp:update:260"
"Oh no! I hit the wall! (Clamping from [x=-0.031562, y=6.677321])";"30";"turtlesim3.sim3";"1758613512.900615241";"./src/turtle.cpp:update:260"
"Oh no! I hit the wall! (Clamping from [x=-0.031562, y=6.698420])";"30";"turtlesim1.sim1";"1758613512.900148726";"./src/turtle.cpp:update:260"
"Oh no! I hit the wall! (Clamping from [x=-0.031562, y=6.672046])";"30";"turtlesim3.sim3";"1758613512.884627473";"./src/turtle.cpp:update:260"
"Oh no! I hit the wall! (Clamping from [x=-0.031562, y=6.682596])";"30";"turtlesim2.sim2";"1758613512.884602390";"./src/turtle.cpp:update:260"
"Oh no! I hit the wall! (Clamping from [x=-0.031562, y=6.693145])";"30";"turtlesim1.sim1";"1758613512.884483257";"./src/turtle.cpp:update:260"
"Oh no! I hit the wall! (Clamping from [x=-0.031562, y=6.687870])";"30";"turtlesim1.sim1";"1758613512.869119841";"./src/turtle.cpp:update:260"
"Oh no! I hit the wall! (Clamping from [x=-0.031562, y=6.666771])";"30";"turtlesim3.sim3";"1758613512.868016987";"./src/turtle.cpp:update:260"
"Oh no! I hit the wall! (Clamping from [x=-0.031562, y=6.677321])";"30";"turtlesim2.sim2";"1758613512.868039366";"./src/turtle.cpp:update:260"
"Oh no! I hit the wall! (Clamping from [x=-0.031562, y=6.661497])";"30";"turtlesim3.sim3";"1758613512.852661963";"./src/turtle.cpp:update:260"
"Oh no! I hit the wall! (Clamping from [x=-0.031562, y=6.682596])";"30";"turtlesim1.sim1";"1758613512.852126597";"./src/turtle.cpp:update:260"
"Oh no! I hit the wall! (Clamping from [x=-0.031562, y=6.672046])";"30";"turtlesim2.sim2";"1758613512.852037917";"./src/turtle.cpp:update:260"
"Oh no! I hit the wall! (Clamping from [x=-0.031562, y=6.677321])";"30";"turtlesim1.sim1";"1758613512.836739043";"./src/turtle.cpp:update:260"
"Oh no! I hit the wall! (Clamping from [x=-0.031562, y=6.666771])";"30";"turtlesim2.sim2";"1758613512.836633463";"./src/turtle.cpp:update:260"
"Oh no! I hit the wall! (Clamping from [x=-0.031562, y=6.656222])";"30";"turtlesim3.sim3";"1758613512.836195720";"./src/turtle.cpp:update:260"
"Oh no! I hit the wall! (Clamping from [x=-0.031562, y=6.672046])";"30";"turtlesim1.sim1";"1758613512.820483976";"./src/turtle.cpp:update:260"
"Oh no! I hit the wall! (Clamping from [x=-0.031562, y=6.661497])";"30";"turtlesim2.sim2";"1758613512.820414907";"./src/turtle.cpp:update:260"
"Oh no! I hit the wall! (Clamping from [x=-0.031562, y=6.650947])";"30";"turtlesim3.sim3";"1758613512.820330115";"./src/turtle.cpp:update:260"
"Oh no! I hit the wall! (Clamping from [x=-0.031562, y=6.656222])";"30";"turtlesim2.sim2";"1758613512.805050630";"./src/turtle.cpp:update:260"
"Oh no! I hit the wall! (Clamping from [x=-0.031562, y=6.645672])";"30";"turtlesim3.sim3";"1758613512.804965798";"./src/turtle.cpp:update:260"
"Oh no! I hit the wall! (Clamping from [x=-0.031562, y=6.666771])";"30";"turtlesim1.sim1";"1758613512.804401966";"./src/turtle.cpp:update:260"
"Oh no! I hit the wall! (Clamping from [x=-0.031562, y=6.640397])";"30";"turtlesim3.sim3";"1758613512.788718824";"./src/turtle.cpp:update:260"
"Oh no! I hit the wall! (Clamping from [x=-0.031562, y=6.650947])";"30";"turtlesim2.sim2";"1758613512.788718784";"./src/turtle.cpp:update:260"
"Oh no! I hit the wall! (Clamping from [x=-0.031562, y=6.661497])";"30";"turtlesim1.sim1";"1758613512.788580653";"./src/turtle.cpp:update:260"
"Oh no! I hit the wall! (Clamping from [x=-0.031562, y=6.656222])";"30";"turtlesim1.sim1";"1758613512.772307583";"./src/turtle.cpp:update:260"
"Oh no! I hit the wall! (Clamping from [x=-0.031562, y=6.645672])";"30";"turtlesim2.sim2";"1758613512.772258781";"./src/turtle.cpp:update:260"
"Oh no! I hit the wall! (Clamping from [x=-0.031562, y=6.635123])";"30";"turtlesim3.sim3";"1758613512.772257272";"./src/turtle.cpp:update:260"
"Oh no! I hit the wall! (Clamping from [x=-0.031562, y=6.650947])";"30";"turtlesim1.sim1";"1758613512.757065454";"./src/turtle.cpp:update:260"
"Oh no! I hit the wall! (Clamping from [x=-0.031562, y=6.629848])";"30";"turtlesim3.sim3";"1758613512.756168103";"./src/turtle.cpp:update:260"
"Oh no! I hit the wall! (Clamping from [x=-0.031562, y=6.640397])";"30";"turtlesim2.sim2";"1758613512.755902084";"./src/turtle.cpp:update:260"
"Oh no! I hit the wall! (Clamping from [x=-0.031562, y=6.635123])";"30";"turtlesim2.sim2";"1758613512.740720184";"./src/turtle.cpp:update:260"
"Oh no! I hit the wall! (Clamping from [x=-0.031562, y=6.645672])";"30";"turtlesim1.sim1";"1758613512.740431379";"./src/turtle.cpp:update:260"
"Oh no! I hit the wall! (Clamping from [x=-0.031562, y=6.624573])";"30";"turtlesim3.sim3";"1758613512.740205453";"./src/turtle.cpp:update:260"
"Oh no! I hit the wall! (Clamping from [x=-0.031562, y=6.640397])";"30";"turtlesim1.sim1";"1758613512.724654874";"./src/turtle.cpp:update:260"
"Oh no! I hit the wall! (Clamping from [x=-0.031562, y=6.619298])";"30";"turtlesim3.sim3";"1758613512.723956912";"./src/turtle.cpp:update:260"
"Oh no! I hit the wall! (Clamping from [x=-0.031562, y=6.629848])";"30";"turtlesim2.sim2";"1758613512.723951851";"./src/turtle.cpp:update:260"
"Oh no! I hit the wall! (Clamping from [x=-0.031562, y=6.624573])";"30";"turtlesim2.sim2";"1758613512.708808591";"./src/turtle.cpp:update:260"
"Oh no! I hit the wall! (Clamping from [x=-0.031562, y=6.614023])";"30";"turtlesim3.sim3";"1758613512.708810755";"./src/turtle.cpp:update:260"
"Oh no! I hit the wall! (Clamping from [x=-0.031562, y=6.635123])";"30";"turtlesim1.sim1";"1758613512.708645103";"./src/turtle.cpp:update:260"
"Oh no! I hit the wall! (Clamping from [x=-0.031562, y=6.619298])";"30";"turtlesim2.sim2";"1758613512.692742082";"./src/turtle.cpp:update:260"
"Oh no! I hit the wall! (Clamping from [x=-0.031562, y=6.629848])";"30";"turtlesim1.sim1";"1758613512.692742260";"./src/turtle.cpp:update:260"
"Oh no! I hit the wall! (Clamping from [x=-0.031562, y=6.608749])";"30";"turtlesim3.sim3";"1758613512.692742225";"./src/turtle.cpp:update:260"
"Oh no! I hit the wall! (Clamping from [x=-0.031562, y=6.624573])";"30";"turtlesim1.sim1";"1758613512.676726937";"./src/turtle.cpp:update:260"
"Oh no! I hit the wall! (Clamping from [x=-0.031562, y=6.603474])";"30";"turtlesim3.sim3";"1758613512.676645099";"./src/turtle.cpp:update:260"
"Oh no! I hit the wall! (Clamping from [x=-0.031562, y=6.614023])";"30";"turtlesim2.sim2";"1758613512.676643738";"./src/turtle.cpp:update:260"
"Oh no! I hit the wall! (Clamping from [x=-0.031562, y=6.598199])";"30";"turtlesim3.sim3";"1758613512.660436552";"./src/turtle.cpp:update:260"
"Oh no! I hit the wall! (Clamping from [x=-0.031562, y=6.608749])";"30";"turtlesim2.sim2";"1758613512.660345175";"./src/turtle.cpp:update:260"
"Oh no! I hit the wall! (Clamping from [x=-0.031562, y=6.619298])";"30";"turtlesim1.sim1";"1758613512.660071318";"./src/turtle.cpp:update:260"
"Oh no! I hit the wall! (Clamping from [x=-0.031562, y=6.614023])";"30";"turtlesim1.sim1";"1758613512.644593029";"./src/turtle.cpp:update:260"
"Oh no! I hit the wall! (Clamping from [x=-0.031562, y=6.603474])";"30";"turtlesim2.sim2";"1758613512.644092531";"./src/turtle.cpp:update:260"
"Oh no! I hit the wall! (Clamping from [x=-0.031562, y=6.592924])";"30";"turtlesim3.sim3";"1758613512.643925281";"./src/turtle.cpp:update:260"
"Oh no! I hit the wall! (Clamping from [x=-0.031562, y=6.608749])";"30";"turtlesim1.sim1";"1758613512.628648465";"./src/turtle.cpp:update:260"
"Oh no! I hit the wall! (Clamping from [x=-0.031562, y=6.587650])";"30";"turtlesim3.sim3";"1758613512.628448903";"./src/turtle.cpp:update:260"
"Oh no! I hit the wall! (Clamping from [x=-0.031562, y=6.598199])";"30";"turtlesim2.sim2";"1758613512.628175286";"./src/turtle.cpp:update:260"
"Oh no! I hit the wall! (Clamping from [x=-0.031562, y=6.603474])";"30";"turtlesim1.sim1";"1758613512.612896137";"./src/turtle.cpp:update:260"
"Oh no! I hit the wall! (Clamping from [x=-0.031562, y=6.592924])";"30";"turtlesim2.sim2";"1758613512.612675469";"./src/turtle.cpp:update:260"
"Oh no! I hit the wall! (Clamping from [x=-0.031562, y=6.582375])";"30";"turtlesim3.sim3";"1758613512.612016685";"./src/turtle.cpp:update:260"
"Oh no! I hit the wall! (Clamping from [x=-0.031562, y=6.577100])";"30";"turtlesim3.sim3";"1758613512.596718044";"./src/turtle.cpp:update:260"
"Oh no! I hit the wall! (Clamping from [x=-0.031562, y=6.587650])";"30";"turtlesim2.sim2";"1758613512.596432964";"./src/turtle.cpp:update:260"
"Oh no! I hit the wall! (Clamping from [x=-0.031562, y=6.598199])";"30";"turtlesim1.sim1";"1758613512.596394473";"./src/turtle.cpp:update:260"
"Oh no! I hit the wall! (Clamping from [x=-0.031562, y=6.571825])";"30";"turtlesim3.sim3";"1758613512.580310640";"./src/turtle.cpp:update:260"
"Oh no! I hit the wall! (Clamping from [x=-0.031562, y=6.582375])";"30";"turtlesim2.sim2";"1758613512.580136222";"./src/turtle.cpp:update:260"
"Oh no! I hit the wall! (Clamping from [x=-0.031562, y=6.592924])";"30";"turtlesim1.sim1";"1758613512.579896499";"./src/turtle.cpp:update:260"
"Oh no! I hit the wall! (Clamping from [x=-0.031562, y=6.566550])";"30";"turtlesim3.sim3";"1758613512.564949528";"./src/turtle.cpp:update:260"
"Oh no! I hit the wall! (Clamping from [x=-0.031562, y=6.577100])";"30";"turtlesim2.sim2";"1758613512.564952158";"./src/turtle.cpp:update:260"
"Oh no! I hit the wall! (Clamping from [x=-0.031562, y=6.587650])";"30";"turtlesim1.sim1";"1758613512.564105155";"./src/turtle.cpp:update:260"
"Oh no! I hit the wall! (Clamping from [x=-0.031562, y=6.571825])";"30";"turtlesim2.sim2";"1758613512.548633862";"./src/turtle.cpp:update:260"
"Oh no! I hit the wall! (Clamping from [x=-0.031562, y=6.582375])";"30";"turtlesim1.sim1";"1758613512.548624345";"./src/turtle.cpp:update:260"
"Oh no! I hit the wall! (Clamping from [x=-0.031562, y=6.561276])";"30";"turtlesim3.sim3";"1758613512.548243050";"./src/turtle.cpp:update:260"
"Oh no! I hit the wall! (Clamping from [x=-0.031562, y=6.577100])";"30";"turtlesim1.sim1";"1758613512.532482438";"./src/turtle.cpp:update:260"
"Oh no! I hit the wall! (Clamping from [x=-0.031562, y=6.566550])";"30";"turtlesim2.sim2";"1758613512.532383388";"./src/turtle.cpp:update:260"
"Oh no! I hit the wall! (Clamping from [x=-0.031562, y=6.556001])";"30";"turtlesim3.sim3";"1758613512.531968355";"./src/turtle.cpp:update:260"
"Oh no! I hit the wall! (Clamping from [x=-0.031562, y=6.550726])";"30";"turtlesim3.sim3";"1758613512.516398228";"./src/turtle.cpp:update:260"
"Oh no! I hit the wall! (Clamping from [x=-0.031562, y=6.561276])";"30";"turtlesim2.sim2";"1758613512.515986538";"./src/turtle.cpp:update:260"
"Oh no! I hit the wall! (Clamping from [x=-0.031562, y=6.571825])";"30";"turtlesim1.sim1";"1758613512.515997572";"./src/turtle.cpp:update:260"
"Oh no! I hit the wall! (Clamping from [x=-0.031562, y=6.556001])";"30";"turtlesim2.sim2";"1758613512.500647892";"./src/turtle.cpp:update:260"
"Oh no! I hit the wall! (Clamping from [x=-0.031562, y=6.545451])";"30";"turtlesim3.sim3";"1758613512.500536333";"./src/turtle.cpp:update:260"
"Oh no! I hit the wall! (Clamping from [x=-0.031562, y=6.566550])";"30";"turtlesim1.sim1";"1758613512.500254780";"./src/turtle.cpp:update:260"
"Oh no! I hit the wall! (Clamping from [x=-0.031562, y=6.561276])";"30";"turtlesim1.sim1";"1758613512.484520671";"./src/turtle.cpp:update:260"
"Oh no! I hit the wall! (Clamping from [x=-0.031562, y=6.540177])";"30";"turtlesim3.sim3";"1758613512.484149291";"./src/turtle.cpp:update:260"
"Oh no! I hit the wall! (Clamping from [x=-0.031562, y=6.550726])";"30";"turtlesim2.sim2";"1758613512.484056108";"./src/turtle.cpp:update:260"
"Oh no! I hit the wall! (Clamping from [x=-0.031562, y=6.556001])";"30";"turtlesim1.sim1";"1758613512.468920568";"./src/turtle.cpp:update:260"
"Oh no! I hit the wall! (Clamping from [x=-0.031562, y=6.545451])";"30";"turtlesim2.sim2";"1758613512.468571450";"./src/turtle.cpp:update:260"
"Oh no! I hit the wall! (Clamping from [x=-0.031562, y=6.534902])";"30";"turtlesim3.sim3";"1758613512.468162266";"./src/turtle.cpp:update:260"
"Oh no! I hit the wall! (Clamping from [x=-0.031562, y=6.529627])";"30";"turtlesim3.sim3";"1758613512.452619998";"./src/turtle.cpp:update:260"
"Oh no! I hit the wall! (Clamping from [x=-0.031562, y=6.540177])";"30";"turtlesim2.sim2";"1758613512.452373843";"./src/turtle.cpp:update:260"
"Oh no! I hit the wall! (Clamping from [x=-0.031562, y=6.550726])";"30";"turtlesim1.sim1";"1758613512.452119070";"./src/turtle.cpp:update:260"
"Oh no! I hit the wall! (Clamping from [x=-0.031562, y=6.545451])";"30";"turtlesim1.sim1";"1758613512.437505028";"./src/turtle.cpp:update:260"
"Oh no! I hit the wall! (Clamping from [x=-0.031562, y=6.524352])";"30";"turtlesim3.sim3";"1758613512.436135467";"./src/turtle.cpp:update:260"
"Oh no! I hit the wall! (Clamping from [x=-0.031562, y=6.534902])";"30";"turtlesim2.sim2";"1758613512.436135417";"./src/turtle.cpp:update:260"
"Oh no! I hit the wall! (Clamping from [x=-0.031562, y=6.529627])";"30";"turtlesim2.sim2";"1758613512.420843462";"./src/turtle.cpp:update:260"
"Oh no! I hit the wall! (Clamping from [x=-0.031562, y=6.519077])";"30";"turtlesim3.sim3";"1758613512.420783131";"./src/turtle.cpp:update:260"
"Oh no! I hit the wall! (Clamping from [x=-0.031562, y=6.540177])";"30";"turtlesim1.sim1";"1758613512.420642592";"./src/turtle.cpp:update:260"
"Oh no! I hit the wall! (Clamping from [x=-0.031562, y=6.524352])";"30";"turtlesim2.sim2";"1758613512.404838254";"./src/turtle.cpp:update:260"
"Oh no! I hit the wall! (Clamping from [x=-0.031562, y=6.534902])";"30";"turtlesim1.sim1";"1758613512.404402421";"./src/turtle.cpp:update:260"
"Oh no! I hit the wall! (Clamping from [x=-0.031562, y=6.513803])";"30";"turtlesim3.sim3";"1758613512.404213031";"./src/turtle.cpp:update:260"
"Oh no! I hit the wall! (Clamping from [x=-0.031562, y=6.508528])";"30";"turtlesim3.sim3";"1758613512.388712089";"./src/turtle.cpp:update:260"
"Oh no! I hit the wall! (Clamping from [x=-0.031562, y=6.529627])";"30";"turtlesim1.sim1";"1758613512.388575431";"./src/turtle.cpp:update:260"
"Oh no! I hit the wall! (Clamping from [x=-0.031562, y=6.519077])";"30";"turtlesim2.sim2";"1758613512.387996554";"./src/turtle.cpp:update:260"
"Oh no! I hit the wall! (Clamping from [x=-0.031562, y=6.513803])";"30";"turtlesim2.sim2";"1758613512.372539067";"./src/turtle.cpp:update:260"
"Oh no! I hit the wall! (Clamping from [x=-0.031562, y=6.524352])";"30";"turtlesim1.sim1";"1758613512.372241119";"./src/turtle.cpp:update:260"
"Oh no! I hit the wall! (Clamping from [x=-0.031562, y=6.503253])";"30";"turtlesim3.sim3";"1758613512.372141165";"./src/turtle.cpp:update:260"
"Oh no! I hit the wall! (Clamping from [x=-0.031562, y=6.508528])";"30";"turtlesim2.sim2";"1758613512.356744603";"./src/turtle.cpp:update:260"
"Oh no! I hit the wall! (Clamping from [x=-0.031562, y=6.497978])";"30";"turtlesim3.sim3";"1758613512.356269779";"./src/turtle.cpp:update:260"
"Oh no! I hit the wall! (Clamping from [x=-0.031562, y=6.519077])";"30";"turtlesim1.sim1";"1758613512.355914710";"./src/turtle.cpp:update:260"
"Oh no! I hit the wall! (Clamping from [x=-0.031562, y=6.513803])";"30";"turtlesim1.sim1";"1758613512.340627519";"./src/turtle.cpp:update:260"
"Oh no! I hit the wall! (Clamping from [x=-0.031562, y=6.492704])";"30";"turtlesim3.sim3";"1758613512.340275125";"./src/turtle.cpp:update:260"
"Oh no! I hit the wall! (Clamping from [x=-0.031562, y=6.503253])";"30";"turtlesim2.sim2";"1758613512.340144866";"./src/turtle.cpp:update:260"
"Oh no! I hit the wall! (Clamping from [x=-0.031562, y=6.497978])";"30";"turtlesim2.sim2";"1758613512.324647225";"./src/turtle.cpp:update:260"
"Oh no! I hit the wall! (Clamping from [x=-0.031562, y=6.508528])";"30";"turtlesim1.sim1";"1758613512.324055072";"./src/turtle.cpp:update:260"
"Oh no! I hit the wall! (Clamping from [x=-0.031562, y=6.487429])";"30";"turtlesim3.sim3";"1758613512.324178158";"./src/turtle.cpp:update:260"
"Oh no! I hit the wall! (Clamping from [x=-0.031562, y=6.492704])";"30";"turtlesim2.sim2";"1758613512.308754303";"./src/turtle.cpp:update:260"
"Oh no! I hit the wall! (Clamping from [x=-0.031562, y=6.482154])";"30";"turtlesim3.sim3";"1758613512.308590064";"./src/turtle.cpp:update:260"
"Oh no! I hit the wall! (Clamping from [x=-0.031562, y=6.503253])";"30";"turtlesim1.sim1";"1758613512.308602809";"./src/turtle.cpp:update:260"
"Oh no! I hit the wall! (Clamping from [x=-0.031562, y=6.497978])";"30";"turtlesim1.sim1";"1758613512.293071567";"./src/turtle.cpp:update:260"
"Oh no! I hit the wall! (Clamping from [x=-0.031562, y=6.487429])";"30";"turtlesim2.sim2";"1758613512.292362981";"./src/turtle.cpp:update:260"
"Oh no! I hit the wall! (Clamping from [x=-0.031562, y=6.476879])";"30";"turtlesim3.sim3";"1758613512.292421143";"./src/turtle.cpp:update:260"
"Oh no! I hit the wall! (Clamping from [x=-0.031562, y=6.482154])";"30";"turtlesim2.sim2";"1758613512.276237800";"./src/turtle.cpp:update:260"
"Oh no! I hit the wall! (Clamping from [x=-0.031562, y=6.471604])";"30";"turtlesim3.sim3";"1758613512.276153747";"./src/turtle.cpp:update:260"
"Oh no! I hit the wall! (Clamping from [x=-0.031562, y=6.492704])";"30";"turtlesim1.sim1";"1758613512.276113045";"./src/turtle.cpp:update:260"
"Oh no! I hit the wall! (Clamping from [x=-0.031562, y=6.487429])";"30";"turtlesim1.sim1";"1758613512.260868933";"./src/turtle.cpp:update:260"
"Oh no! I hit the wall! (Clamping from [x=-0.031562, y=6.476879])";"30";"turtlesim2.sim2";"1758613512.260735256";"./src/turtle.cpp:update:260"
"Oh no! I hit the wall! (Clamping from [x=-0.031562, y=6.466330])";"30";"turtlesim3.sim3";"1758613512.260261146";"./src/turtle.cpp:update:260"
"Oh no! I hit the wall! (Clamping from [x=-0.031562, y=6.471604])";"30";"turtlesim2.sim2";"1758613512.244980334";"./src/turtle.cpp:update:260"
"Oh no! I hit the wall! (Clamping from [x=-0.031562, y=6.461055])";"30";"turtlesim3.sim3";"1758613512.244587488";"./src/turtle.cpp:update:260"
"Oh no! I hit the wall! (Clamping from [x=-0.031562, y=6.482154])";"30";"turtlesim1.sim1";"1758613512.244422763";"./src/turtle.cpp:update:260"
"Oh no! I hit the wall! (Clamping from [x=-0.031562, y=6.476879])";"30";"turtlesim1.sim1";"1758613512.229278201";"./src/turtle.cpp:update:260"
"Oh no! I hit the wall! (Clamping from [x=-0.031562, y=6.466330])";"30";"turtlesim2.sim2";"1758613512.228425345";"./src/turtle.cpp:update:260"
"Oh no! I hit the wall! (Clamping from [x=-0.031562, y=6.455780])";"30";"turtlesim3.sim3";"1758613512.227973030";"./src/turtle.cpp:update:260"
"Oh no! I hit the wall! (Clamping from [x=-0.031562, y=6.461055])";"30";"turtlesim2.sim2";"1758613512.212668900";"./src/turtle.cpp:update:260"
"Oh no! I hit the wall! (Clamping from [x=-0.031562, y=6.450505])";"30";"turtlesim3.sim3";"1758613512.212296691";"./src/turtle.cpp:update:260"
"Oh no! I hit the wall! (Clamping from [x=-0.031562, y=6.471604])";"30";"turtlesim1.sim1";"1758613512.212298203";"./src/turtle.cpp:update:260"
"Oh no! I hit the wall! (Clamping from [x=-0.031562, y=6.455780])";"30";"turtlesim2.sim2";"1758613512.197083482";"./src/turtle.cpp:update:260"
"Oh no! I hit the wall! (Clamping from [x=-0.031562, y=6.466330])";"30";"turtlesim1.sim1";"1758613512.195997626";"./src/turtle.cpp:update:260"
"Oh no! I hit the wall! (Clamping from [x=-0.031562, y=6.445230])";"30";"turtlesim3.sim3";"1758613512.195994526";"./src/turtle.cpp:update:260"
"Oh no! I hit the wall! (Clamping from [x=-0.031562, y=6.450505])";"30";"turtlesim2.sim2";"1758613512.180568668";"./src/turtle.cpp:update:260"
"Oh no! I hit the wall! (Clamping from [x=-0.031562, y=6.439956])";"30";"turtlesim3.sim3";"1758613512.180305694";"./src/turtle.cpp:update:260"
"Oh no! I hit the wall! (Clamping from [x=-0.031562, y=6.461055])";"30";"turtlesim1.sim1";"1758613512.180089666";"./src/turtle.cpp:update:260"
"Oh no! I hit the wall! (Clamping from [x=-0.031562, y=6.455780])";"30";"turtlesim1.sim1";"1758613512.164731538";"./src/turtle.cpp:update:260"
"Oh no! I hit the wall! (Clamping from [x=-0.031562, y=6.445230])";"30";"turtlesim2.sim2";"1758613512.164312354";"./src/turtle.cpp:update:260"
"Oh no! I hit the wall! (Clamping from [x=-0.031562, y=6.434681])";"30";"turtlesim3.sim3";"1758613512.164026934";"./src/turtle.cpp:update:260"
"Oh no! I hit the wall! (Clamping from [x=-0.031562, y=6.439956])";"30";"turtlesim2.sim2";"1758613512.148746933";"./src/turtle.cpp:update:260"
"Oh no! I hit the wall! (Clamping from [x=-0.031562, y=6.450505])";"30";"turtlesim1.sim1";"1758613512.148616962";"./src/turtle.cpp:update:260"
"Oh no! I hit the wall! (Clamping from [x=-0.031562, y=6.429406])";"30";"turtlesim3.sim3";"1758613512.148442134";"./src/turtle.cpp:update:260"
"Oh no! I hit the wall! (Clamping from [x=-0.031562, y=6.445230])";"30";"turtlesim1.sim1";"1758613512.133366770";"./src/turtle.cpp:update:260"
"Oh no! I hit the wall! (Clamping from [x=-0.031562, y=6.424131])";"30";"turtlesim3.sim3";"1758613512.132187484";"./src/turtle.cpp:update:260"
"Oh no! I hit the wall! (Clamping from [x=-0.031562, y=6.434681])";"30";"turtlesim2.sim2";"1758613512.132187555";"./src/turtle.cpp:update:260"
"Oh no! I hit the wall! (Clamping from [x=-0.031562, y=6.429406])";"30";"turtlesim2.sim2";"1758613512.116921486";"./src/turtle.cpp:update:260"
"Oh no! I hit the wall! (Clamping from [x=-0.031562, y=6.418857])";"30";"turtlesim3.sim3";"1758613512.116783089";"./src/turtle.cpp:update:260"
"Oh no! I hit the wall! (Clamping from [x=-0.031562, y=6.439956])";"30";"turtlesim1.sim1";"1758613512.116675030";"./src/turtle.cpp:update:260"
"Oh no! I hit the wall! (Clamping from [x=-0.031562, y=6.424131])";"30";"turtlesim2.sim2";"1758613512.100246131";"./src/turtle.cpp:update:260"
"Oh no! I hit the wall! (Clamping from [x=-0.031562, y=6.413582])";"30";"turtlesim3.sim3";"1758613512.100187239";"./src/turtle.cpp:update:260"
"Oh no! I hit the wall! (Clamping from [x=-0.031562, y=6.434681])";"30";"turtlesim1.sim1";"1758613512.100071645";"./src/turtle.cpp:update:260"
"Oh no! I hit the wall! (Clamping from [x=-0.031562, y=6.418857])";"30";"turtlesim2.sim2";"1758613512.085244457";"./src/turtle.cpp:update:260"
"Oh no! I hit the wall! (Clamping from [x=-0.031562, y=6.429406])";"30";"turtlesim1.sim1";"1758613512.084471321";"./src/turtle.cpp:update:260"
"Oh no! I hit the wall! (Clamping from [x=-0.031562, y=6.408307])";"30";"turtlesim3.sim3";"1758613512.083866325";"./src/turtle.cpp:update:260"
"Oh no! I hit the wall! (Clamping from [x=-0.031562, y=6.413582])";"30";"turtlesim2.sim2";"1758613512.068518291";"./src/turtle.cpp:update:260"
"Oh no! I hit the wall! (Clamping from [x=-0.031562, y=6.403032])";"30";"turtlesim3.sim3";"1758613512.068423379";"./src/turtle.cpp:update:260"
"Oh no! I hit the wall! (Clamping from [x=-0.031562, y=6.424131])";"30";"turtlesim1.sim1";"1758613512.068281870";"./src/turtle.cpp:update:260"
"Oh no! I hit the wall! (Clamping from [x=-0.031562, y=6.418857])";"30";"turtlesim1.sim1";"1758613512.052975810";"./src/turtle.cpp:update:260"
"Oh no! I hit the wall! (Clamping from [x=-0.031562, y=6.397757])";"30";"turtlesim3.sim3";"1758613512.052064537";"./src/turtle.cpp:update:260"
"Oh no! I hit the wall! (Clamping from [x=-0.031562, y=6.408307])";"30";"turtlesim2.sim2";"1758613512.052089715";"./src/turtle.cpp:update:260"
"Oh no! I hit the wall! (Clamping from [x=-0.031562, y=6.392483])";"30";"turtlesim3.sim3";"1758613512.036661945";"./src/turtle.cpp:update:260"
"Oh no! I hit the wall! (Clamping from [x=-0.031562, y=6.403032])";"30";"turtlesim2.sim2";"1758613512.036647508";"./src/turtle.cpp:update:260"
"Oh no! I hit the wall! (Clamping from [x=-0.031562, y=6.413582])";"30";"turtlesim1.sim1";"1758613512.036503760";"./src/turtle.cpp:update:260"
"Oh no! I hit the wall! (Clamping from [x=-0.031562, y=6.397757])";"30";"turtlesim2.sim2";"1758613512.020862832";"./src/turtle.cpp:update:260"
"Oh no! I hit the wall! (Clamping from [x=-0.031562, y=6.387208])";"30";"turtlesim3.sim3";"1758613512.020240609";"./src/turtle.cpp:update:260"
"Oh no! I hit the wall! (Clamping from [x=-0.031562, y=6.408307])";"30";"turtlesim1.sim1";"1758613512.020027246";"./src/turtle.cpp:update:260"
"Oh no! I hit the wall! (Clamping from [x=-0.031562, y=6.403032])";"30";"turtlesim1.sim1";"1758613512.004700423";"./src/turtle.cpp:update:260"
"Oh no! I hit the wall! (Clamping from [x=-0.031562, y=6.381933])";"30";"turtlesim3.sim3";"1758613512.004701124";"./src/turtle.cpp:update:260"
"Oh no! I hit the wall! (Clamping from [x=-0.031562, y=6.392483])";"30";"turtlesim2.sim2";"1758613512.004455440";"./src/turtle.cpp:update:260"
"Oh no! I hit the wall! (Clamping from [x=-0.031562, y=6.397757])";"30";"turtlesim1.sim1";"1758613511.988634100";"./src/turtle.cpp:update:260"
"Oh no! I hit the wall! (Clamping from [x=-0.031562, y=6.387208])";"30";"turtlesim2.sim2";"1758613511.988292595";"./src/turtle.cpp:update:260"
"Oh no! I hit the wall! (Clamping from [x=-0.031562, y=6.376658])";"30";"turtlesim3.sim3";"1758613511.988325437";"./src/turtle.cpp:update:260"
"Oh no! I hit the wall! (Clamping from [x=-0.031562, y=6.371384])";"30";"turtlesim3.sim3";"1758613511.972600778";"./src/turtle.cpp:update:260"
"Oh no! I hit the wall! (Clamping from [x=-0.031562, y=6.392483])";"30";"turtlesim1.sim1";"1758613511.972441658";"./src/turtle.cpp:update:260"
"Oh no! I hit the wall! (Clamping from [x=-0.031562, y=6.381933])";"30";"turtlesim2.sim2";"1758613511.972231611";"./src/turtle.cpp:update:260"
"Oh no! I hit the wall! (Clamping from [x=-0.031562, y=6.366109])";"30";"turtlesim3.sim3";"1758613511.956713850";"./src/turtle.cpp:update:260"
"Oh no! I hit the wall! (Clamping from [x=-0.031562, y=6.387208])";"30";"turtlesim1.sim1";"1758613511.956460991";"./src/turtle.cpp:update:260"
"Oh no! I hit the wall! (Clamping from [x=-0.031562, y=6.376658])";"30";"turtlesim2.sim2";"1758613511.956267756";"./src/turtle.cpp:update:260"
"Oh no! I hit the wall! (Clamping from [x=-0.031562, y=6.381933])";"30";"turtlesim1.sim1";"1758613511.940692178";"./src/turtle.cpp:update:260"
"Oh no! I hit the wall! (Clamping from [x=-0.031562, y=6.371384])";"30";"turtlesim2.sim2";"1758613511.940575624";"./src/turtle.cpp:update:260"
"Oh no! I hit the wall! (Clamping from [x=-0.031562, y=6.360834])";"30";"turtlesim3.sim3";"1758613511.940606686";"./src/turtle.cpp:update:260"
"Oh no! I hit the wall! (Clamping from [x=-0.031562, y=6.376658])";"30";"turtlesim1.sim1";"1758613511.924579543";"./src/turtle.cpp:update:260"
"Oh no! I hit the wall! (Clamping from [x=-0.031562, y=6.355559])";"30";"turtlesim3.sim3";"1758613511.924315514";"./src/turtle.cpp:update:260"
"Oh no! I hit the wall! (Clamping from [x=-0.031562, y=6.366109])";"30";"turtlesim2.sim2";"1758613511.923861278";"./src/turtle.cpp:update:260"
"Oh no! I hit the wall! (Clamping from [x=-0.031562, y=6.371384])";"30";"turtlesim1.sim1";"1758613511.908905499";"./src/turtle.cpp:update:260"
"Oh no! I hit the wall! (Clamping from [x=-0.031562, y=6.350284])";"30";"turtlesim3.sim3";"1758613511.908704775";"./src/turtle.cpp:update:260"
"Oh no! I hit the wall! (Clamping from [x=-0.031562, y=6.360834])";"30";"turtlesim2.sim2";"1758613511.908045380";"./src/turtle.cpp:update:260"
"Oh no! I hit the wall! (Clamping from [x=-0.031562, y=6.366109])";"30";"turtlesim1.sim1";"1758613511.892735923";"./src/turtle.cpp:update:260"
"Oh no! I hit the wall! (Clamping from [x=-0.031562, y=6.345010])";"30";"turtlesim3.sim3";"1758613511.892700378";"./src/turtle.cpp:update:260"
"Oh no! I hit the wall! (Clamping from [x=-0.031562, y=6.355559])";"30";"turtlesim2.sim2";"1758613511.892593030";"./src/turtle.cpp:update:260"
"Oh no! I hit the wall! (Clamping from [x=-0.031562, y=6.360834])";"30";"turtlesim1.sim1";"1758613511.876331913";"./src/turtle.cpp:update:260"
"Oh no! I hit the wall! (Clamping from [x=-0.031562, y=6.350284])";"30";"turtlesim2.sim2";"1758613511.876331763";"./src/turtle.cpp:update:260"
"Oh no! I hit the wall! (Clamping from [x=-0.031562, y=6.339735])";"30";"turtlesim3.sim3";"1758613511.876260614";"./src/turtle.cpp:update:260"
"Oh no! I hit the wall! (Clamping from [x=-0.031562, y=6.334460])";"30";"turtlesim3.sim3";"1758613511.860280565";"./src/turtle.cpp:update:260"
"Oh no! I hit the wall! (Clamping from [x=-0.031562, y=6.355559])";"30";"turtlesim1.sim1";"1758613511.860128981";"./src/turtle.cpp:update:260"
"Oh no! I hit the wall! (Clamping from [x=-0.031562, y=6.345010])";"30";"turtlesim2.sim2";"1758613511.860162608";"./src/turtle.cpp:update:260"
"Oh no! I hit the wall! (Clamping from [x=-0.031562, y=6.350284])";"30";"turtlesim1.sim1";"1758613511.844747391";"./src/turtle.cpp:update:260"
"Oh no! I hit the wall! (Clamping from [x=-0.031562, y=6.329185])";"30";"turtlesim3.sim3";"1758613511.844823007";"./src/turtle.cpp:update:260"
"Oh no! I hit the wall! (Clamping from [x=-0.031562, y=6.339735])";"30";"turtlesim2.sim2";"1758613511.844821761";"./src/turtle.cpp:update:260"
"Oh no! I hit the wall! (Clamping from [x=-0.031562, y=6.323911])";"30";"turtlesim3.sim3";"1758613511.829492334";"./src/turtle.cpp:update:260"
"Oh no! I hit the wall! (Clamping from [x=-0.031562, y=6.334460])";"30";"turtlesim2.sim2";"1758613511.829341434";"./src/turtle.cpp:update:260"
"Oh no! I hit the wall! (Clamping from [x=-0.031562, y=6.345010])";"30";"turtlesim1.sim1";"1758613511.828291400";"./src/turtle.cpp:update:260"
"Oh no! I hit the wall! (Clamping from [x=-0.031562, y=6.339735])";"30";"turtlesim1.sim1";"1758613511.812790977";"./src/turtle.cpp:update:260"
"Oh no! I hit the wall! (Clamping from [x=-0.031562, y=6.318636])";"30";"turtlesim3.sim3";"1758613511.812323905";"./src/turtle.cpp:update:260"
"Oh no! I hit the wall! (Clamping from [x=-0.031562, y=6.329185])";"30";"turtlesim2.sim2";"1758613511.812323930";"./src/turtle.cpp:update:260"
"Oh no! I hit the wall! (Clamping from [x=-0.031562, y=6.334460])";"30";"turtlesim1.sim1";"1758613511.796696508";"./src/turtle.cpp:update:260"
"Oh no! I hit the wall! (Clamping from [x=-0.031562, y=6.313361])";"30";"turtlesim3.sim3";"1758613511.796644913";"./src/turtle.cpp:update:260"
"Oh no! I hit the wall! (Clamping from [x=-0.031562, y=6.323911])";"30";"turtlesim2.sim2";"1758613511.796644477";"./src/turtle.cpp:update:260"
"Oh no! I hit the wall! (Clamping from [x=-0.031562, y=6.329185])";"30";"turtlesim1.sim1";"1758613511.780601498";"./src/turtle.cpp:update:260"
"Oh no! I hit the wall! (Clamping from [x=-0.031562, y=6.308086])";"30";"turtlesim3.sim3";"1758613511.780396401";"./src/turtle.cpp:update:260"
"Oh no! I hit the wall! (Clamping from [x=-0.031562, y=6.318636])";"30";"turtlesim2.sim2";"1758613511.780256884";"./src/turtle.cpp:update:260"
"Oh no! I hit the wall! (Clamping from [x=-0.031562, y=6.313361])";"30";"turtlesim2.sim2";"1758613511.764428334";"./src/turtle.cpp:update:260"
"Oh no! I hit the wall! (Clamping from [x=-0.031562, y=6.323911])";"30";"turtlesim1.sim1";"1758613511.764286211";"./src/turtle.cpp:update:260"
"Oh no! I hit the wall! (Clamping from [x=-0.031562, y=6.302811])";"30";"turtlesim3.sim3";"1758613511.764017220";"./src/turtle.cpp:update:260"
"Oh no! I hit the wall! (Clamping from [x=-0.031562, y=6.318636])";"30";"turtlesim1.sim1";"1758613511.748894035";"./src/turtle.cpp:update:260"
"Oh no! I hit the wall! (Clamping from [x=-0.031562, y=6.308086])";"30";"turtlesim2.sim2";"1758613511.748826436";"./src/turtle.cpp:update:260"
"Oh no! I hit the wall! (Clamping from [x=-0.031562, y=6.297537])";"30";"turtlesim3.sim3";"1758613511.748493924";"./src/turtle.cpp:update:260"
"Oh no! I hit the wall! (Clamping from [x=-0.031562, y=6.292262])";"30";"turtlesim3.sim3";"1758613511.732790493";"./src/turtle.cpp:update:260"
"Oh no! I hit the wall! (Clamping from [x=-0.031562, y=6.313361])";"30";"turtlesim1.sim1";"1758613511.732313890";"./src/turtle.cpp:update:260"
"Oh no! I hit the wall! (Clamping from [x=-0.031562, y=6.302811])";"30";"turtlesim2.sim2";"1758613511.732179925";"./src/turtle.cpp:update:260"
"Oh no! I hit the wall! (Clamping from [x=-0.031562, y=6.308086])";"30";"turtlesim1.sim1";"1758613511.717047350";"./src/turtle.cpp:update:260"
"Oh no! I hit the wall! (Clamping from [x=-0.031562, y=6.286987])";"30";"turtlesim3.sim3";"1758613511.716821203";"./src/turtle.cpp:update:260"
"Oh no! I hit the wall! (Clamping from [x=-0.031562, y=6.297537])";"30";"turtlesim2.sim2";"1758613511.716385677";"./src/turtle.cpp:update:260"
"Oh no! I hit the wall! (Clamping from [x=-0.031562, y=6.292262])";"30";"turtlesim2.sim2";"1758613511.700531435";"./src/turtle.cpp:update:260"
"Oh no! I hit the wall! (Clamping from [x=-0.031562, y=6.302811])";"30";"turtlesim1.sim1";"1758613511.700421157";"./src/turtle.cpp:update:260"
"Oh no! I hit the wall! (Clamping from [x=-0.011592, y=6.281712])";"30";"turtlesim3.sim3";"1758613511.699964085";"./src/turtle.cpp:update:260"
"Oh no! I hit the wall! (Clamping from [x=-0.031562, y=6.286987])";"30";"turtlesim2.sim2";"1758613511.684948973";"./src/turtle.cpp:update:260"
"Oh no! I hit the wall! (Clamping from [x=-0.031562, y=6.297537])";"30";"turtlesim1.sim1";"1758613511.684894346";"./src/turtle.cpp:update:260"
"Oh no! I hit the wall! (Clamping from [x=-0.011592, y=6.281712])";"30";"turtlesim2.sim2";"1758613511.668486650";"./src/turtle.cpp:update:260"
"Oh no! I hit the wall! (Clamping from [x=-0.031562, y=6.292262])";"30";"turtlesim1.sim1";"1758613511.668243953";"./src/turtle.cpp:update:260"
"Oh no! I hit the wall! (Clamping from [x=-0.031562, y=6.286987])";"30";"turtlesim1.sim1";"1758613511.652920512";"./src/turtle.cpp:update:260"
"Oh no! I hit the wall! (Clamping from [x=-0.011592, y=6.281712])";"30";"turtlesim1.sim1";"1758613511.636158780";"./src/turtle.cpp:update:260"
"Oh no! I hit the wall! (Clamping from [x=9.550159, y=11.117692])";"30";"turtlesim3.sim3";"1758613320.468312549";"./src/turtle.cpp:update:260"
"Oh no! I hit the wall! (Clamping from [x=9.536217, y=11.117692])";"30";"turtlesim3.sim3";"1758613320.452759699";"./src/turtle.cpp:update:260"
"Oh no! I hit the wall! (Clamping from [x=9.522276, y=11.117692])";"30";"turtlesim3.sim3";"1758613320.436569441";"./src/turtle.cpp:update:260"
"Oh no! I hit the wall! (Clamping from [x=9.550159, y=11.117692])";"30";"turtlesim2.sim2";"1758613320.436193450";"./src/turtle.cpp:update:260"
"Oh no! I hit the wall! (Clamping from [x=9.550159, y=11.117692])";"30";"turtlesim1.sim1";"1758613320.421012560";"./src/turtle.cpp:update:260"
"Oh no! I hit the wall! (Clamping from [x=9.536217, y=11.117692])";"30";"turtlesim2.sim2";"1758613320.420870822";"./src/turtle.cpp:update:260"
"Oh no! I hit the wall! (Clamping from [x=9.508334, y=11.117692])";"30";"turtlesim3.sim3";"1758613320.420880263";"./src/turtle.cpp:update:260"
"Oh no! I hit the wall! (Clamping from [x=9.522276, y=11.117692])";"30";"turtlesim2.sim2";"1758613320.404452946";"./src/turtle.cpp:update:260"
"Oh no! I hit the wall! (Clamping from [x=9.536217, y=11.117692])";"30";"turtlesim1.sim1";"1758613320.404254494";"./src/turtle.cpp:update:260"
"Oh no! I hit the wall! (Clamping from [x=9.494392, y=11.117692])";"30";"turtlesim3.sim3";"1758613320.404184845";"./src/turtle.cpp:update:260"
"Oh no! I hit the wall! (Clamping from [x=9.508334, y=11.117692])";"30";"turtlesim2.sim2";"1758613320.388865840";"./src/turtle.cpp:update:260"
"Oh no! I hit the wall! (Clamping from [x=9.480450, y=11.117692])";"30";"turtlesim3.sim3";"1758613320.388813430";"./src/turtle.cpp:update:260"
"Oh no! I hit the wall! (Clamping from [x=9.522276, y=11.117692])";"30";"turtlesim1.sim1";"1758613320.388479785";"./src/turtle.cpp:update:260"
"Oh no! I hit the wall! (Clamping from [x=9.508334, y=11.117692])";"30";"turtlesim1.sim1";"1758613320.372376001";"./src/turtle.cpp:update:260"
"Oh no! I hit the wall! (Clamping from [x=9.494392, y=11.117692])";"30";"turtlesim2.sim2";"1758613320.372286154";"./src/turtle.cpp:update:260"
"Oh no! I hit the wall! (Clamping from [x=9.466508, y=11.117692])";"30";"turtlesim3.sim3";"1758613320.372305087";"./src/turtle.cpp:update:260"
"Oh no! I hit the wall! (Clamping from [x=9.494392, y=11.117692])";"30";"turtlesim1.sim1";"1758613320.356705801";"./src/turtle.cpp:update:260"
"Oh no! I hit the wall! (Clamping from [x=9.480450, y=11.117692])";"30";"turtlesim2.sim2";"1758613320.356623601";"./src/turtle.cpp:update:260"
"Oh no! I hit the wall! (Clamping from [x=9.452566, y=11.117692])";"30";"turtlesim3.sim3";"1758613320.355947888";"./src/turtle.cpp:update:260"
"Oh no! I hit the wall! (Clamping from [x=9.438625, y=11.117692])";"30";"turtlesim3.sim3";"1758613320.340851512";"./src/turtle.cpp:update:260"
"Oh no! I hit the wall! (Clamping from [x=9.480450, y=11.117692])";"30";"turtlesim1.sim1";"1758613320.340209615";"./src/turtle.cpp:update:260"
"Oh no! I hit the wall! (Clamping from [x=9.466508, y=11.117692])";"30";"turtlesim2.sim2";"1758613320.340108400";"./src/turtle.cpp:update:260"
"Oh no! I hit the wall! (Clamping from [x=9.452566, y=11.117692])";"30";"turtlesim2.sim2";"1758613320.324696086";"./src/turtle.cpp:update:260"
"Oh no! I hit the wall! (Clamping from [x=9.466508, y=11.117692])";"30";"turtlesim1.sim1";"1758613320.324607315";"./src/turtle.cpp:update:260"
"Oh no! I hit the wall! (Clamping from [x=9.424683, y=11.117692])";"30";"turtlesim3.sim3";"1758613320.324638530";"./src/turtle.cpp:update:260"
"Oh no! I hit the wall! (Clamping from [x=9.452566, y=11.117692])";"30";"turtlesim1.sim1";"1758613320.308719786";"./src/turtle.cpp:update:260"
"Oh no! I hit the wall! (Clamping from [x=9.438625, y=11.117692])";"30";"turtlesim2.sim2";"1758613320.308324831";"./src/turtle.cpp:update:260"
"Oh no! I hit the wall! (Clamping from [x=9.410741, y=11.117692])";"30";"turtlesim3.sim3";"1758613320.308133070";"./src/turtle.cpp:update:260"
"Oh no! I hit the wall! (Clamping from [x=9.438625, y=11.117692])";"30";"turtlesim1.sim1";"1758613320.292902642";"./src/turtle.cpp:update:260"
"Oh no! I hit the wall! (Clamping from [x=9.424683, y=11.117692])";"30";"turtlesim2.sim2";"1758613320.291928628";"./src/turtle.cpp:update:260"
"Oh no! I hit the wall! (Clamping from [x=9.396799, y=11.117692])";"30";"turtlesim3.sim3";"1758613320.291846486";"./src/turtle.cpp:update:260"
"Oh no! I hit the wall! (Clamping from [x=9.410741, y=11.117692])";"30";"turtlesim2.sim2";"1758613320.276587855";"./src/turtle.cpp:update:260"
"Oh no! I hit the wall! (Clamping from [x=9.424683, y=11.117692])";"30";"turtlesim1.sim1";"1758613320.276579698";"./src/turtle.cpp:update:260"
"Oh no! I hit the wall! (Clamping from [x=9.382857, y=11.117692])";"30";"turtlesim3.sim3";"1758613320.276537184";"./src/turtle.cpp:update:260"
"Oh no! I hit the wall! (Clamping from [x=9.368915, y=11.117692])";"30";"turtlesim3.sim3";"1758613320.260319893";"./src/turtle.cpp:update:260"
"Oh no! I hit the wall! (Clamping from [x=9.410741, y=11.117692])";"30";"turtlesim1.sim1";"1758613320.260253877";"./src/turtle.cpp:update:260"
"Oh no! I hit the wall! (Clamping from [x=9.396799, y=11.117692])";"30";"turtlesim2.sim2";"1758613320.260237611";"./src/turtle.cpp:update:260"
"Oh no! I hit the wall! (Clamping from [x=9.396799, y=11.117692])";"30";"turtlesim1.sim1";"1758613320.244841228";"./src/turtle.cpp:update:260"
"Oh no! I hit the wall! (Clamping from [x=9.382857, y=11.117692])";"30";"turtlesim2.sim2";"1758613320.244043917";"./src/turtle.cpp:update:260"
"Oh no! I hit the wall! (Clamping from [x=9.354973, y=11.117692])";"30";"turtlesim3.sim3";"1758613320.243991255";"./src/turtle.cpp:update:260"
"Oh no! I hit the wall! (Clamping from [x=9.382857, y=11.117692])";"30";"turtlesim1.sim1";"1758613320.228744001";"./src/turtle.cpp:update:260"
"Oh no! I hit the wall! (Clamping from [x=9.368915, y=11.117692])";"30";"turtlesim2.sim2";"1758613320.228727909";"./src/turtle.cpp:update:260"
"Oh no! I hit the wall! (Clamping from [x=9.341032, y=11.117692])";"30";"turtlesim3.sim3";"1758613320.228664179";"./src/turtle.cpp:update:260"
"Oh no! I hit the wall! (Clamping from [x=9.327090, y=11.117692])";"30";"turtlesim3.sim3";"1758613320.212531229";"./src/turtle.cpp:update:260"
"Oh no! I hit the wall! (Clamping from [x=9.368915, y=11.117692])";"30";"turtlesim1.sim1";"1758613320.212357488";"./src/turtle.cpp:update:260"
"Oh no! I hit the wall! (Clamping from [x=9.354973, y=11.117692])";"30";"turtlesim2.sim2";"1758613320.212108079";"./src/turtle.cpp:update:260"
"Oh no! I hit the wall! (Clamping from [x=9.313148, y=11.117692])";"30";"turtlesim3.sim3";"1758613320.196198983";"./src/turtle.cpp:update:260"
"Oh no! I hit the wall! (Clamping from [x=9.354973, y=11.117692])";"30";"turtlesim1.sim1";"1758613320.196125170";"./src/turtle.cpp:update:260"
"Oh no! I hit the wall! (Clamping from [x=9.341032, y=11.117692])";"30";"turtlesim2.sim2";"1758613320.195939497";"./src/turtle.cpp:update:260"
"Oh no! I hit the wall! (Clamping from [x=9.299206, y=11.117692])";"30";"turtlesim3.sim3";"1758613320.180907048";"./src/turtle.cpp:update:260"
"Oh no! I hit the wall! (Clamping from [x=9.341032, y=11.117692])";"30";"turtlesim1.sim1";"1758613320.180901095";"./src/turtle.cpp:update:260"
"Oh no! I hit the wall! (Clamping from [x=9.327090, y=11.117692])";"30";"turtlesim2.sim2";"1758613320.180535200";"./src/turtle.cpp:update:260"
"Oh no! I hit the wall! (Clamping from [x=9.285264, y=11.117692])";"30";"turtlesim3.sim3";"1758613320.164530634";"./src/turtle.cpp:update:260"
"Oh no! I hit the wall! (Clamping from [x=9.327090, y=11.117692])";"30";"turtlesim1.sim1";"1758613320.164498623";"./src/turtle.cpp:update:260"
"Oh no! I hit the wall! (Clamping from [x=9.313148, y=11.117692])";"30";"turtlesim2.sim2";"1758613320.164125232";"./src/turtle.cpp:update:260"
"Oh no! I hit the wall! (Clamping from [x=9.299206, y=11.117692])";"30";"turtlesim2.sim2";"1758613320.148633872";"./src/turtle.cpp:update:260"
"Oh no! I hit the wall! (Clamping from [x=9.271322, y=11.117692])";"30";"turtlesim3.sim3";"1758613320.148454553";"./src/turtle.cpp:update:260"
"Oh no! I hit the wall! (Clamping from [x=9.313148, y=11.117692])";"30";"turtlesim1.sim1";"1758613320.148266075";"./src/turtle.cpp:update:260"
"Oh no! I hit the wall! (Clamping from [x=9.299206, y=11.117692])";"30";"turtlesim1.sim1";"1758613320.132133498";"./src/turtle.cpp:update:260"
"Oh no! I hit the wall! (Clamping from [x=9.285264, y=11.117692])";"30";"turtlesim2.sim2";"1758613320.132027903";"./src/turtle.cpp:update:260"
"Oh no! I hit the wall! (Clamping from [x=9.257381, y=11.117692])";"30";"turtlesim3.sim3";"1758613320.132027258";"./src/turtle.cpp:update:260"
"Oh no! I hit the wall! (Clamping from [x=9.285264, y=11.117692])";"30";"turtlesim1.sim1";"1758613320.116773377";"./src/turtle.cpp:update:260"
"Oh no! I hit the wall! (Clamping from [x=9.243439, y=11.117692])";"30";"turtlesim3.sim3";"1758613320.116674447";"./src/turtle.cpp:update:260"
"Oh no! I hit the wall! (Clamping from [x=9.271322, y=11.117692])";"30";"turtlesim2.sim2";"1758613320.116570756";"./src/turtle.cpp:update:260"
"Oh no! I hit the wall! (Clamping from [x=9.271322, y=11.117692])";"30";"turtlesim1.sim1";"1758613320.100737307";"./src/turtle.cpp:update:260"
"Oh no! I hit the wall! (Clamping from [x=9.229497, y=11.117692])";"30";"turtlesim3.sim3";"1758613320.100542116";"./src/turtle.cpp:update:260"
"Oh no! I hit the wall! (Clamping from [x=9.257381, y=11.117692])";"30";"turtlesim2.sim2";"1758613320.100133228";"./src/turtle.cpp:update:260"
"Oh no! I hit the wall! (Clamping from [x=9.243439, y=11.117692])";"30";"turtlesim2.sim2";"1758613320.084615877";"./src/turtle.cpp:update:260"
"Oh no! I hit the wall! (Clamping from [x=9.257381, y=11.117692])";"30";"turtlesim1.sim1";"1758613320.084323621";"./src/turtle.cpp:update:260"
"Oh no! I hit the wall! (Clamping from [x=9.215555, y=11.117692])";"30";"turtlesim3.sim3";"1758613320.084186861";"./src/turtle.cpp:update:260"
"Oh no! I hit the wall! (Clamping from [x=9.243439, y=11.117692])";"30";"turtlesim1.sim1";"1758613320.068909423";"./src/turtle.cpp:update:260"
"Oh no! I hit the wall! (Clamping from [x=9.229497, y=11.117692])";"30";"turtlesim2.sim2";"1758613320.068563022";"./src/turtle.cpp:update:260"
"Oh no! I hit the wall! (Clamping from [x=9.201613, y=11.117692])";"30";"turtlesim3.sim3";"1758613320.067961903";"./src/turtle.cpp:update:260"
"Oh no! I hit the wall! (Clamping from [x=9.187671, y=11.117692])";"30";"turtlesim3.sim3";"1758613320.052774125";"./src/turtle.cpp:update:260"
"Oh no! I hit the wall! (Clamping from [x=9.229497, y=11.117692])";"30";"turtlesim1.sim1";"1758613320.052428534";"./src/turtle.cpp:update:260"
"Oh no! I hit the wall! (Clamping from [x=9.215555, y=11.117692])";"30";"turtlesim2.sim2";"1758613320.052173098";"./src/turtle.cpp:update:260"
"Oh no! I hit the wall! (Clamping from [x=9.215555, y=11.117692])";"30";"turtlesim1.sim1";"1758613320.036647308";"./src/turtle.cpp:update:260"
"Oh no! I hit the wall! (Clamping from [x=9.173730, y=11.117692])";"30";"turtlesim3.sim3";"1758613320.036575522";"./src/turtle.cpp:update:260"
"Oh no! I hit the wall! (Clamping from [x=9.201613, y=11.117692])";"30";"turtlesim2.sim2";"1758613320.036575358";"./src/turtle.cpp:update:260"
"Oh no! I hit the wall! (Clamping from [x=9.187671, y=11.117692])";"30";"turtlesim2.sim2";"1758613320.020444671";"./src/turtle.cpp:update:260"
"Oh no! I hit the wall! (Clamping from [x=9.201613, y=11.117692])";"30";"turtlesim1.sim1";"1758613320.020408215";"./src/turtle.cpp:update:260"
"Oh no! I hit the wall! (Clamping from [x=9.159788, y=11.117692])";"30";"turtlesim3.sim3";"1758613320.020335128";"./src/turtle.cpp:update:260"
"Oh no! I hit the wall! (Clamping from [x=9.145846, y=11.117692])";"30";"turtlesim3.sim3";"1758613320.004098102";"./src/turtle.cpp:update:260"
"Oh no! I hit the wall! (Clamping from [x=9.173730, y=11.117692])";"30";"turtlesim2.sim2";"1758613320.004098550";"./src/turtle.cpp:update:260"
"Oh no! I hit the wall! (Clamping from [x=9.187671, y=11.117692])";"30";"turtlesim1.sim1";"1758613320.004076632";"./src/turtle.cpp:update:260"
"Oh no! I hit the wall! (Clamping from [x=9.173730, y=11.117692])";"30";"turtlesim1.sim1";"1758613319.988937517";"./src/turtle.cpp:update:260"
"Oh no! I hit the wall! (Clamping from [x=9.131904, y=11.117692])";"30";"turtlesim3.sim3";"1758613319.988813134";"./src/turtle.cpp:update:260"
"Oh no! I hit the wall! (Clamping from [x=9.159788, y=11.117692])";"30";"turtlesim2.sim2";"1758613319.988787073";"./src/turtle.cpp:update:260"
"Oh no! I hit the wall! (Clamping from [x=9.117962, y=11.117692])";"30";"turtlesim3.sim3";"1758613319.972629255";"./src/turtle.cpp:update:260"
"Oh no! I hit the wall! (Clamping from [x=9.145846, y=11.117692])";"30";"turtlesim2.sim2";"1758613319.972633676";"./src/turtle.cpp:update:260"
"Oh no! I hit the wall! (Clamping from [x=9.159788, y=11.117692])";"30";"turtlesim1.sim1";"1758613319.972427865";"./src/turtle.cpp:update:260"
"Oh no! I hit the wall! (Clamping from [x=9.145846, y=11.117692])";"30";"turtlesim1.sim1";"1758613319.956925704";"./src/turtle.cpp:update:260"
"Oh no! I hit the wall! (Clamping from [x=9.131904, y=11.117692])";"30";"turtlesim2.sim2";"1758613319.956692016";"./src/turtle.cpp:update:260"
"Oh no! I hit the wall! (Clamping from [x=9.104020, y=11.117692])";"30";"turtlesim3.sim3";"1758613319.956595897";"./src/turtle.cpp:update:260"
"Oh no! I hit the wall! (Clamping from [x=9.117962, y=11.117692])";"30";"turtlesim2.sim2";"1758613319.940661066";"./src/turtle.cpp:update:260"
"Oh no! I hit the wall! (Clamping from [x=9.131904, y=11.117692])";"30";"turtlesim1.sim1";"1758613319.940609607";"./src/turtle.cpp:update:260"
"Oh no! I hit the wall! (Clamping from [x=9.090079, y=11.117692])";"30";"turtlesim3.sim3";"1758613319.940402933";"./src/turtle.cpp:update:260"
"Oh no! I hit the wall! (Clamping from [x=9.104020, y=11.117692])";"30";"turtlesim2.sim2";"1758613319.924288608";"./src/turtle.cpp:update:260"
"Oh no! I hit the wall! (Clamping from [x=9.117962, y=11.117692])";"30";"turtlesim1.sim1";"1758613319.924178711";"./src/turtle.cpp:update:260"
"Oh no! I hit the wall! (Clamping from [x=9.076137, y=11.117692])";"30";"turtlesim3.sim3";"1758613319.924048877";"./src/turtle.cpp:update:260"
"Oh no! I hit the wall! (Clamping from [x=9.104020, y=11.117692])";"30";"turtlesim1.sim1";"1758613319.908394141";"./src/turtle.cpp:update:260"
"Oh no! I hit the wall! (Clamping from [x=9.090079, y=11.117692])";"30";"turtlesim2.sim2";"1758613319.908263315";"./src/turtle.cpp:update:260"
"Oh no! I hit the wall! (Clamping from [x=9.062195, y=11.117692])";"30";"turtlesim3.sim3";"1758613319.907929756";"./src/turtle.cpp:update:260"
"Oh no! I hit the wall! (Clamping from [x=9.048253, y=11.117692])";"30";"turtlesim3.sim3";"1758613319.893272120";"./src/turtle.cpp:update:260"
"Oh no! I hit the wall! (Clamping from [x=9.076137, y=11.117692])";"30";"turtlesim2.sim2";"1758613319.892763627";"./src/turtle.cpp:update:260"
"Oh no! I hit the wall! (Clamping from [x=9.090079, y=11.117692])";"30";"turtlesim1.sim1";"1758613319.892470941";"./src/turtle.cpp:update:260"
"Oh no! I hit the wall! (Clamping from [x=9.076137, y=11.117692])";"30";"turtlesim1.sim1";"1758613319.876684985";"./src/turtle.cpp:update:260"
"Oh no! I hit the wall! (Clamping from [x=9.034311, y=11.117692])";"30";"turtlesim3.sim3";"1758613319.876309952";"./src/turtle.cpp:update:260"
"Oh no! I hit the wall! (Clamping from [x=9.062195, y=11.117692])";"30";"turtlesim2.sim2";"1758613319.876336007";"./src/turtle.cpp:update:260"
"Oh no! I hit the wall! (Clamping from [x=9.062195, y=11.117692])";"30";"turtlesim1.sim1";"1758613319.860446681";"./src/turtle.cpp:update:260"
"Oh no! I hit the wall! (Clamping from [x=9.048253, y=11.117692])";"30";"turtlesim2.sim2";"1758613319.860008547";"./src/turtle.cpp:update:260"
"Oh no! I hit the wall! (Clamping from [x=9.020369, y=11.117692])";"30";"turtlesim3.sim3";"1758613319.859927552";"./src/turtle.cpp:update:260"
"Oh no! I hit the wall! (Clamping from [x=9.048253, y=11.117692])";"30";"turtlesim1.sim1";"1758613319.844828623";"./src/turtle.cpp:update:260"
"Oh no! I hit the wall! (Clamping from [x=9.034311, y=11.117692])";"30";"turtlesim2.sim2";"1758613319.844704304";"./src/turtle.cpp:update:260"
"Oh no! I hit the wall! (Clamping from [x=9.006428, y=11.089237])";"30";"turtlesim3.sim3";"1758613319.844603703";"./src/turtle.cpp:update:260"
"Oh no! I hit the wall! (Clamping from [x=9.034311, y=11.117692])";"30";"turtlesim1.sim1";"1758613319.828668770";"./src/turtle.cpp:update:260"
"Oh no! I hit the wall! (Clamping from [x=9.020369, y=11.117692])";"30";"turtlesim2.sim2";"1758613319.828166892";"./src/turtle.cpp:update:260"
"Oh no! I hit the wall! (Clamping from [x=9.020369, y=11.117692])";"30";"turtlesim1.sim1";"1758613319.812795816";"./src/turtle.cpp:update:260"
"Oh no! I hit the wall! (Clamping from [x=9.006428, y=11.089237])";"30";"turtlesim2.sim2";"1758613319.812636386";"./src/turtle.cpp:update:260"
"Oh no! I hit the wall! (Clamping from [x=9.006428, y=11.089237])";"30";"turtlesim1.sim1";"1758613319.796857202";"./src/turtle.cpp:update:260"
"Oh no! I hit the wall! (Clamping from [x=3.638820, y=-0.028803])";"30";"turtlesim3.sim3";"1758613312.564174544";"./src/turtle.cpp:update:260"
"Oh no! I hit the wall! (Clamping from [x=3.624878, y=-0.028803])";"30";"turtlesim3.sim3";"1758613312.547992784";"./src/turtle.cpp:update:260"
"Oh no! I hit the wall! (Clamping from [x=3.610936, y=-0.028803])";"30";"turtlesim3.sim3";"1758613312.532741230";"./src/turtle.cpp:update:260"
"Oh no! I hit the wall! (Clamping from [x=3.638820, y=-0.028803])";"30";"turtlesim2.sim2";"1758613312.532343835";"./src/turtle.cpp:update:260"
"Oh no! I hit the wall! (Clamping from [x=3.624878, y=-0.028803])";"30";"turtlesim2.sim2";"1758613312.516915022";"./src/turtle.cpp:update:260"
"Oh no! I hit the wall! (Clamping from [x=3.596994, y=-0.028803])";"30";"turtlesim3.sim3";"1758613312.516602803";"./src/turtle.cpp:update:260"
"Oh no! I hit the wall! (Clamping from [x=3.638820, y=-0.028803])";"30";"turtlesim1.sim1";"1758613312.516027040";"./src/turtle.cpp:update:260"
"Oh no! I hit the wall! (Clamping from [x=3.624878, y=-0.028803])";"30";"turtlesim1.sim1";"1758613312.500674996";"./src/turtle.cpp:update:260"
"Oh no! I hit the wall! (Clamping from [x=3.583052, y=-0.028803])";"30";"turtlesim3.sim3";"1758613312.500599533";"./src/turtle.cpp:update:260"
"Oh no! I hit the wall! (Clamping from [x=3.610936, y=-0.028803])";"30";"turtlesim2.sim2";"1758613312.500554444";"./src/turtle.cpp:update:260"
"Oh no! I hit the wall! (Clamping from [x=3.610936, y=-0.028803])";"30";"turtlesim1.sim1";"1758613312.484455132";"./src/turtle.cpp:update:260"
"Oh no! I hit the wall! (Clamping from [x=3.596994, y=-0.028803])";"30";"turtlesim2.sim2";"1758613312.484371478";"./src/turtle.cpp:update:260"
"Oh no! I hit the wall! (Clamping from [x=3.569111, y=-0.028803])";"30";"turtlesim3.sim3";"1758613312.484371506";"./src/turtle.cpp:update:260"
"Oh no! I hit the wall! (Clamping from [x=3.583052, y=-0.028803])";"30";"turtlesim2.sim2";"1758613312.468931645";"./src/turtle.cpp:update:260"
"Oh no! I hit the wall! (Clamping from [x=3.555169, y=-0.028803])";"30";"turtlesim3.sim3";"1758613312.468902213";"./src/turtle.cpp:update:260"
"Oh no! I hit the wall! (Clamping from [x=3.596994, y=-0.028803])";"30";"turtlesim1.sim1";"1758613312.468922155";"./src/turtle.cpp:update:260"
"Oh no! I hit the wall! (Clamping from [x=3.583052, y=-0.028803])";"30";"turtlesim1.sim1";"1758613312.452474233";"./src/turtle.cpp:update:260"
"Oh no! I hit the wall! (Clamping from [x=3.541227, y=-0.028803])";"30";"turtlesim3.sim3";"1758613312.452397308";"./src/turtle.cpp:update:260"
"Oh no! I hit the wall! (Clamping from [x=3.569111, y=-0.028803])";"30";"turtlesim2.sim2";"1758613312.452307922";"./src/turtle.cpp:update:260"
"Oh no! I hit the wall! (Clamping from [x=3.527285, y=-0.028803])";"30";"turtlesim3.sim3";"1758613312.436767722";"./src/turtle.cpp:update:260"
"Oh no! I hit the wall! (Clamping from [x=3.555169, y=-0.028803])";"30";"turtlesim2.sim2";"1758613312.436767393";"./src/turtle.cpp:update:260"
"Oh no! I hit the wall! (Clamping from [x=3.569111, y=-0.028803])";"30";"turtlesim1.sim1";"1758613312.436693523";"./src/turtle.cpp:update:260"
"Oh no! I hit the wall! (Clamping from [x=3.555169, y=-0.028803])";"30";"turtlesim1.sim1";"1758613312.420778800";"./src/turtle.cpp:update:260"
"Oh no! I hit the wall! (Clamping from [x=3.513343, y=-0.028803])";"30";"turtlesim3.sim3";"1758613312.420734059";"./src/turtle.cpp:update:260"
"Oh no! I hit the wall! (Clamping from [x=3.541227, y=-0.028803])";"30";"turtlesim2.sim2";"1758613312.420324716";"./src/turtle.cpp:update:260"
"Oh no! I hit the wall! (Clamping from [x=3.499401, y=-0.028803])";"30";"turtlesim3.sim3";"1758613312.404771580";"./src/turtle.cpp:update:260"
"Oh no! I hit the wall! (Clamping from [x=3.527285, y=-0.028803])";"30";"turtlesim2.sim2";"1758613312.404667681";"./src/turtle.cpp:update:260"
"Oh no! I hit the wall! (Clamping from [x=3.541227, y=-0.028803])";"30";"turtlesim1.sim1";"1758613312.404266697";"./src/turtle.cpp:update:260"
"Oh no! I hit the wall! (Clamping from [x=3.527285, y=-0.028803])";"30";"turtlesim1.sim1";"1758613312.388831355";"./src/turtle.cpp:update:260"
"Oh no! I hit the wall! (Clamping from [x=3.513343, y=-0.028803])";"30";"turtlesim2.sim2";"1758613312.388491555";"./src/turtle.cpp:update:260"
"Oh no! I hit the wall! (Clamping from [x=3.485460, y=-0.028803])";"30";"turtlesim3.sim3";"1758613312.388226427";"./src/turtle.cpp:update:260"
"Oh no! I hit the wall! (Clamping from [x=3.499401, y=-0.028803])";"30";"turtlesim2.sim2";"1758613312.372845457";"./src/turtle.cpp:update:260"
"Oh no! I hit the wall! (Clamping from [x=3.513343, y=-0.028803])";"30";"turtlesim1.sim1";"1758613312.372802089";"./src/turtle.cpp:update:260"
"Oh no! I hit the wall! (Clamping from [x=3.471518, y=-0.028803])";"30";"turtlesim3.sim3";"1758613312.372654466";"./src/turtle.cpp:update:260"
"Oh no! I hit the wall! (Clamping from [x=3.499401, y=-0.028803])";"30";"turtlesim1.sim1";"1758613312.356492964";"./src/turtle.cpp:update:260"
"Oh no! I hit the wall! (Clamping from [x=3.485460, y=-0.028803])";"30";"turtlesim2.sim2";"1758613312.356278290";"./src/turtle.cpp:update:260"
"Oh no! I hit the wall! (Clamping from [x=3.457576, y=-0.028803])";"30";"turtlesim3.sim3";"1758613312.355984735";"./src/turtle.cpp:update:260"
"Oh no! I hit the wall! (Clamping from [x=3.485460, y=-0.028803])";"30";"turtlesim1.sim1";"1758613312.341004674";"./src/turtle.cpp:update:260"
"Oh no! I hit the wall! (Clamping from [x=3.443634, y=-0.028803])";"30";"turtlesim3.sim3";"1758613312.340783318";"./src/turtle.cpp:update:260"
"Oh no! I hit the wall! (Clamping from [x=3.471518, y=-0.028803])";"30";"turtlesim2.sim2";"1758613312.340612399";"./src/turtle.cpp:update:260"
"Oh no! I hit the wall! (Clamping from [x=3.471518, y=-0.028803])";"30";"turtlesim1.sim1";"1758613312.324882669";"./src/turtle.cpp:update:260"
"Oh no! I hit the wall! (Clamping from [x=3.429692, y=-0.028803])";"30";"turtlesim3.sim3";"1758613312.324674234";"./src/turtle.cpp:update:260"
"Oh no! I hit the wall! (Clamping from [x=3.457576, y=-0.028803])";"30";"turtlesim2.sim2";"1758613312.323999045";"./src/turtle.cpp:update:260"
"Oh no! I hit the wall! (Clamping from [x=3.457576, y=-0.028803])";"30";"turtlesim1.sim1";"1758613312.308895982";"./src/turtle.cpp:update:260"
"Oh no! I hit the wall! (Clamping from [x=3.415750, y=-0.028803])";"30";"turtlesim3.sim3";"1758613312.308771596";"./src/turtle.cpp:update:260"
"Oh no! I hit the wall! (Clamping from [x=3.443634, y=-0.028803])";"30";"turtlesim2.sim2";"1758613312.308760434";"./src/turtle.cpp:update:260"
"Oh no! I hit the wall! (Clamping from [x=3.401809, y=-0.028803])";"30";"turtlesim3.sim3";"1758613312.292601466";"./src/turtle.cpp:update:260"
"Oh no! I hit the wall! (Clamping from [x=3.443634, y=-0.028803])";"30";"turtlesim1.sim1";"1758613312.292101608";"./src/turtle.cpp:update:260"
"Oh no! I hit the wall! (Clamping from [x=3.429692, y=-0.028803])";"30";"turtlesim2.sim2";"1758613312.292089095";"./src/turtle.cpp:update:260"
"Oh no! I hit the wall! (Clamping from [x=3.415750, y=-0.028803])";"30";"turtlesim2.sim2";"1758613312.276747899";"./src/turtle.cpp:update:260"
"Oh no! I hit the wall! (Clamping from [x=3.387867, y=-0.028803])";"30";"turtlesim3.sim3";"1758613312.276388008";"./src/turtle.cpp:update:260"
"Oh no! I hit the wall! (Clamping from [x=3.429692, y=-0.028803])";"30";"turtlesim1.sim1";"1758613312.276391491";"./src/turtle.cpp:update:260"
"Oh no! I hit the wall! (Clamping from [x=3.373925, y=-0.028803])";"30";"turtlesim3.sim3";"1758613312.260623314";"./src/turtle.cpp:update:260"
"Oh no! I hit the wall! (Clamping from [x=3.415750, y=-0.028803])";"30";"turtlesim1.sim1";"1758613312.260546005";"./src/turtle.cpp:update:260"
"Oh no! I hit the wall! (Clamping from [x=3.401809, y=-0.028803])";"30";"turtlesim2.sim2";"1758613312.260364438";"./src/turtle.cpp:update:260"
"Oh no! I hit the wall! (Clamping from [x=3.359983, y=-0.028803])";"30";"turtlesim3.sim3";"1758613312.245170845";"./src/turtle.cpp:update:260"
"Oh no! I hit the wall! (Clamping from [x=3.401809, y=-0.028803])";"30";"turtlesim1.sim1";"1758613312.244132660";"./src/turtle.cpp:update:260"
"Oh no! I hit the wall! (Clamping from [x=3.387867, y=-0.028803])";"30";"turtlesim2.sim2";"1758613312.243898151";"./src/turtle.cpp:update:260"
"Oh no! I hit the wall! (Clamping from [x=3.387867, y=-0.028803])";"30";"turtlesim1.sim1";"1758613312.228661047";"./src/turtle.cpp:update:260"
"Oh no! I hit the wall! (Clamping from [x=3.373925, y=-0.028803])";"30";"turtlesim2.sim2";"1758613312.228651949";"./src/turtle.cpp:update:260"
"Oh no! I hit the wall! (Clamping from [x=3.346041, y=-0.028803])";"30";"turtlesim3.sim3";"1758613312.228602005";"./src/turtle.cpp:update:260"
"Oh no! I hit the wall! (Clamping from [x=3.332099, y=-0.028803])";"30";"turtlesim3.sim3";"1758613312.212510887";"./src/turtle.cpp:update:260"
"Oh no! I hit the wall! (Clamping from [x=3.359983, y=-0.028803])";"30";"turtlesim2.sim2";"1758613312.212067205";"./src/turtle.cpp:update:260"
"Oh no! I hit the wall! (Clamping from [x=3.373925, y=-0.028803])";"30";"turtlesim1.sim1";"1758613312.212037817";"./src/turtle.cpp:update:260"
"Oh no! I hit the wall! (Clamping from [x=3.346041, y=-0.028803])";"30";"turtlesim2.sim2";"1758613312.196805108";"./src/turtle.cpp:update:260"
"Oh no! I hit the wall! (Clamping from [x=3.359983, y=-0.028803])";"30";"turtlesim1.sim1";"1758613312.196654808";"./src/turtle.cpp:update:260"
"Oh no! I hit the wall! (Clamping from [x=3.318158, y=-0.028803])";"30";"turtlesim3.sim3";"1758613312.196089853";"./src/turtle.cpp:update:260"
"Oh no! I hit the wall! (Clamping from [x=3.304216, y=-0.028803])";"30";"turtlesim3.sim3";"1758613312.180794854";"./src/turtle.cpp:update:260"
"Oh no! I hit the wall! (Clamping from [x=3.332099, y=-0.028803])";"30";"turtlesim2.sim2";"1758613312.180241964";"./src/turtle.cpp:update:260"
"Oh no! I hit the wall! (Clamping from [x=3.346041, y=-0.028803])";"30";"turtlesim1.sim1";"1758613312.180217631";"./src/turtle.cpp:update:260"
"Oh no! I hit the wall! (Clamping from [x=3.332099, y=-0.028803])";"30";"turtlesim1.sim1";"1758613312.164849336";"./src/turtle.cpp:update:260"
"Oh no! I hit the wall! (Clamping from [x=3.290274, y=-0.028803])";"30";"turtlesim3.sim3";"1758613312.164632559";"./src/turtle.cpp:update:260"
"Oh no! I hit the wall! (Clamping from [x=3.318158, y=-0.028803])";"30";"turtlesim2.sim2";"1758613312.163923744";"./src/turtle.cpp:update:260"
"Oh no! I hit the wall! (Clamping from [x=3.318158, y=-0.028803])";"30";"turtlesim1.sim1";"1758613312.148676372";"./src/turtle.cpp:update:260"
"Oh no! I hit the wall! (Clamping from [x=3.304216, y=-0.028803])";"30";"turtlesim2.sim2";"1758613312.148431775";"./src/turtle.cpp:update:260"
"Oh no! I hit the wall! (Clamping from [x=3.276332, y=-0.028803])";"30";"turtlesim3.sim3";"1758613312.148130462";"./src/turtle.cpp:update:260"
"Oh no! I hit the wall! (Clamping from [x=3.262390, y=-0.028803])";"30";"turtlesim3.sim3";"1758613312.132794636";"./src/turtle.cpp:update:260"
"Oh no! I hit the wall! (Clamping from [x=3.304216, y=-0.028803])";"30";"turtlesim1.sim1";"1758613312.132199814";"./src/turtle.cpp:update:260"
"Oh no! I hit the wall! (Clamping from [x=3.290274, y=-0.028803])";"30";"turtlesim2.sim2";"1758613312.132109995";"./src/turtle.cpp:update:260"
"Oh no! I hit the wall! (Clamping from [x=3.290274, y=-0.028803])";"30";"turtlesim1.sim1";"1758613312.116602119";"./src/turtle.cpp:update:260"
"Oh no! I hit the wall! (Clamping from [x=3.248448, y=-0.028803])";"30";"turtlesim3.sim3";"1758613312.116431922";"./src/turtle.cpp:update:260"
"Oh no! I hit the wall! (Clamping from [x=3.276332, y=-0.028803])";"30";"turtlesim2.sim2";"1758613312.116431921";"./src/turtle.cpp:update:260"
"Oh no! I hit the wall! (Clamping from [x=3.262390, y=-0.028803])";"30";"turtlesim2.sim2";"1758613312.100859906";"./src/turtle.cpp:update:260"
"Oh no! I hit the wall! (Clamping from [x=3.234506, y=-0.028803])";"30";"turtlesim3.sim3";"1758613312.100143919";"./src/turtle.cpp:update:260"
"Oh no! I hit the wall! (Clamping from [x=3.276332, y=-0.028803])";"30";"turtlesim1.sim1";"1758613312.100090413";"./src/turtle.cpp:update:260"
"Oh no! I hit the wall! (Clamping from [x=3.248448, y=-0.028803])";"30";"turtlesim2.sim2";"1758613312.085090069";"./src/turtle.cpp:update:260"
"Oh no! I hit the wall! (Clamping from [x=3.262390, y=-0.028803])";"30";"turtlesim1.sim1";"1758613312.084876390";"./src/turtle.cpp:update:260"
"Oh no! I hit the wall! (Clamping from [x=3.220565, y=-0.028803])";"30";"turtlesim3.sim3";"1758613312.084735396";"./src/turtle.cpp:update:260"
"Oh no! I hit the wall! (Clamping from [x=3.234506, y=-0.028803])";"30";"turtlesim2.sim2";"1758613312.068424475";"./src/turtle.cpp:update:260"
"Oh no! I hit the wall! (Clamping from [x=3.248448, y=-0.028803])";"30";"turtlesim1.sim1";"1758613312.068345370";"./src/turtle.cpp:update:260"
"Oh no! I hit the wall! (Clamping from [x=3.206623, y=-0.028803])";"30";"turtlesim3.sim3";"1758613312.068273603";"./src/turtle.cpp:update:260"
"Oh no! I hit the wall! (Clamping from [x=3.234506, y=-0.028803])";"30";"turtlesim1.sim1";"1758613312.052104290";"./src/turtle.cpp:update:260"
"Oh no! I hit the wall! (Clamping from [x=3.220565, y=-0.028803])";"30";"turtlesim2.sim2";"1758613312.051909685";"./src/turtle.cpp:update:260"
"Oh no! I hit the wall! (Clamping from [x=3.192681, y=-0.028803])";"30";"turtlesim3.sim3";"1758613312.051909678";"./src/turtle.cpp:update:260"
"Oh no! I hit the wall! (Clamping from [x=3.220565, y=-0.028803])";"30";"turtlesim1.sim1";"1758613312.036843255";"./src/turtle.cpp:update:260"
"Oh no! I hit the wall! (Clamping from [x=3.178739, y=-0.028803])";"30";"turtlesim3.sim3";"1758613312.036677842";"./src/turtle.cpp:update:260"
"Oh no! I hit the wall! (Clamping from [x=3.206623, y=-0.028803])";"30";"turtlesim2.sim2";"1758613312.036622263";"./src/turtle.cpp:update:260"
"Oh no! I hit the wall! (Clamping from [x=3.206623, y=-0.028803])";"30";"turtlesim1.sim1";"1758613312.020772126";"./src/turtle.cpp:update:260"
"Oh no! I hit the wall! (Clamping from [x=3.164797, y=-0.028803])";"30";"turtlesim3.sim3";"1758613312.020674195";"./src/turtle.cpp:update:260"
"Oh no! I hit the wall! (Clamping from [x=3.192681, y=-0.028803])";"30";"turtlesim2.sim2";"1758613312.020209403";"./src/turtle.cpp:update:260"
"Oh no! I hit the wall! (Clamping from [x=3.192681, y=-0.028803])";"30";"turtlesim1.sim1";"1758613312.004529157";"./src/turtle.cpp:update:260"
"Oh no! I hit the wall! (Clamping from [x=3.178739, y=-0.028803])";"30";"turtlesim2.sim2";"1758613312.004430198";"./src/turtle.cpp:update:260"
"Oh no! I hit the wall! (Clamping from [x=3.150855, y=-0.022450])";"30";"turtlesim3.sim3";"1758613312.004333112";"./src/turtle.cpp:update:260"
"Oh no! I hit the wall! (Clamping from [x=3.164797, y=-0.028803])";"30";"turtlesim2.sim2";"1758613311.988715441";"./src/turtle.cpp:update:260"
"Oh no! I hit the wall! (Clamping from [x=3.178739, y=-0.028803])";"30";"turtlesim1.sim1";"1758613311.988502205";"./src/turtle.cpp:update:260"
"Oh no! I hit the wall! (Clamping from [x=3.164797, y=-0.028803])";"30";"turtlesim1.sim1";"1758613311.972408434";"./src/turtle.cpp:update:260"
"Oh no! I hit the wall! (Clamping from [x=3.150855, y=-0.022450])";"30";"turtlesim2.sim2";"1758613311.972352009";"./src/turtle.cpp:update:260"
"Oh no! I hit the wall! (Clamping from [x=3.150855, y=-0.028803])";"30";"turtlesim1.sim1";"1758613311.956735531";"./src/turtle.cpp:update:260"
"Oh no! I hit the wall! (Clamping from [x=3.136914, y=-0.028803])";"30";"turtlesim1.sim1";"1758613311.940486892";"./src/turtle.cpp:update:260"
"Oh no! I hit the wall! (Clamping from [x=3.122972, y=-0.028803])";"30";"turtlesim1.sim1";"1758613311.924154425";"./src/turtle.cpp:update:260"
"Oh no! I hit the wall! (Clamping from [x=3.109030, y=-0.028803])";"30";"turtlesim1.sim1";"1758613311.908405024";"./src/turtle.cpp:update:260"
"Oh no! I hit the wall! (Clamping from [x=3.095088, y=-0.028803])";"30";"turtlesim1.sim1";"1758613311.892063124";"./src/turtle.cpp:update:260"
"Oh no! I hit the wall! (Clamping from [x=3.081146, y=-0.028803])";"30";"turtlesim1.sim1";"1758613311.876360088";"./src/turtle.cpp:update:260"
"Oh no! I hit the wall! (Clamping from [x=3.067204, y=-0.028803])";"30";"turtlesim1.sim1";"1758613311.860050134";"./src/turtle.cpp:update:260"
"Oh no! I hit the wall! (Clamping from [x=3.053263, y=-0.028803])";"30";"turtlesim1.sim1";"1758613311.844897299";"./src/turtle.cpp:update:260"
"Oh no! I hit the wall! (Clamping from [x=3.039321, y=-0.028803])";"30";"turtlesim1.sim1";"1758613311.828594184";"./src/turtle.cpp:update:260"
"Oh no! I hit the wall! (Clamping from [x=3.025379, y=-0.028803])";"30";"turtlesim1.sim1";"1758613311.812911708";"./src/turtle.cpp:update:260"
"Oh no! I hit the wall! (Clamping from [x=3.011437, y=-0.028803])";"30";"turtlesim1.sim1";"1758613311.796358513";"./src/turtle.cpp:update:260"
"Oh no! I hit the wall! (Clamping from [x=2.997495, y=-0.028803])";"30";"turtlesim1.sim1";"1758613311.780780573";"./src/turtle.cpp:update:260"
"Oh no! I hit the wall! (Clamping from [x=2.983553, y=-0.028803])";"30";"turtlesim1.sim1";"1758613311.764087582";"./src/turtle.cpp:update:260"
"Oh no! I hit the wall! (Clamping from [x=2.969612, y=-0.028803])";"30";"turtlesim1.sim1";"1758613311.748346474";"./src/turtle.cpp:update:260"
"Oh no! I hit the wall! (Clamping from [x=2.955670, y=-0.028803])";"30";"turtlesim1.sim1";"1758613311.732133176";"./src/turtle.cpp:update:260"
"Oh no! I hit the wall! (Clamping from [x=2.941728, y=-0.028803])";"30";"turtlesim1.sim1";"1758613311.716958698";"./src/turtle.cpp:update:260"
"Oh no! I hit the wall! (Clamping from [x=2.927786, y=-0.028803])";"30";"turtlesim1.sim1";"1758613311.700539461";"./src/turtle.cpp:update:260"
"Oh no! I hit the wall! (Clamping from [x=2.913844, y=-0.028803])";"30";"turtlesim1.sim1";"1758613311.684299164";"./src/turtle.cpp:update:260"
"Oh no! I hit the wall! (Clamping from [x=2.899902, y=-0.028803])";"30";"turtlesim1.sim1";"1758613311.668608613";"./src/turtle.cpp:update:260"
"Oh no! I hit the wall! (Clamping from [x=2.885961, y=-0.028803])";"30";"turtlesim1.sim1";"1758613311.652279676";"./src/turtle.cpp:update:260"
"Oh no! I hit the wall! (Clamping from [x=2.872019, y=-0.028803])";"30";"turtlesim1.sim1";"1758613311.636581854";"./src/turtle.cpp:update:260"
"Oh no! I hit the wall! (Clamping from [x=2.858077, y=-0.028803])";"30";"turtlesim1.sim1";"1758613311.620094844";"./src/turtle.cpp:update:260"
"Oh no! I hit the wall! (Clamping from [x=2.844135, y=-0.028803])";"30";"turtlesim1.sim1";"1758613311.604580234";"./src/turtle.cpp:update:260"
"Oh no! I hit the wall! (Clamping from [x=2.830193, y=-0.028803])";"30";"turtlesim1.sim1";"1758613311.588101118";"./src/turtle.cpp:update:260"
"Oh no! I hit the wall! (Clamping from [x=2.816251, y=-0.028803])";"30";"turtlesim1.sim1";"1758613311.572677534";"./src/turtle.cpp:update:260"
"Oh no! I hit the wall! (Clamping from [x=2.802309, y=-0.028803])";"30";"turtlesim1.sim1";"1758613311.556277197";"./src/turtle.cpp:update:260"
"Oh no! I hit the wall! (Clamping from [x=2.788368, y=-0.028803])";"30";"turtlesim1.sim1";"1758613311.540184257";"./src/turtle.cpp:update:260"
"Oh no! I hit the wall! (Clamping from [x=2.774426, y=-0.028803])";"30";"turtlesim1.sim1";"1758613311.524555365";"./src/turtle.cpp:update:260"
"Oh no! I hit the wall! (Clamping from [x=2.760484, y=-0.028803])";"30";"turtlesim1.sim1";"1758613311.508287800";"./src/turtle.cpp:update:260"
"Oh no! I hit the wall! (Clamping from [x=2.746542, y=-0.028803])";"30";"turtlesim1.sim1";"1758613311.492797816";"./src/turtle.cpp:update:260"
"Oh no! I hit the wall! (Clamping from [x=2.732600, y=-0.028803])";"30";"turtlesim1.sim1";"1758613311.476625718";"./src/turtle.cpp:update:260"
"Oh no! I hit the wall! (Clamping from [x=2.718658, y=-0.028803])";"30";"turtlesim1.sim1";"1758613311.459951624";"./src/turtle.cpp:update:260"
"Oh no! I hit the wall! (Clamping from [x=2.704717, y=-0.028803])";"30";"turtlesim1.sim1";"1758613311.444740862";"./src/turtle.cpp:update:260"
"Oh no! I hit the wall! (Clamping from [x=2.690775, y=-0.028803])";"30";"turtlesim1.sim1";"1758613311.428441398";"./src/turtle.cpp:update:260"
"Oh no! I hit the wall! (Clamping from [x=2.676833, y=-0.028803])";"30";"turtlesim1.sim1";"1758613311.412796615";"./src/turtle.cpp:update:260"
"Oh no! I hit the wall! (Clamping from [x=2.662891, y=-0.028803])";"30";"turtlesim1.sim1";"1758613311.396212481";"./src/turtle.cpp:update:260"
"Oh no! I hit the wall! (Clamping from [x=2.648949, y=-0.028803])";"30";"turtlesim1.sim1";"1758613311.379994619";"./src/turtle.cpp:update:260"
"Oh no! I hit the wall! (Clamping from [x=2.635007, y=-0.028803])";"30";"turtlesim1.sim1";"1758613311.364762641";"./src/turtle.cpp:update:260"
"Oh no! I hit the wall! (Clamping from [x=2.621066, y=-0.028803])";"30";"turtlesim1.sim1";"1758613311.348510271";"./src/turtle.cpp:update:260"
"Oh no! I hit the wall! (Clamping from [x=2.607124, y=-0.028803])";"30";"turtlesim1.sim1";"1758613311.332020198";"./src/turtle.cpp:update:260"
"Oh no! I hit the wall! (Clamping from [x=2.593182, y=-0.028803])";"30";"turtlesim1.sim1";"1758613311.316580469";"./src/turtle.cpp:update:260"
"Oh no! I hit the wall! (Clamping from [x=2.579240, y=-0.028803])";"30";"turtlesim1.sim1";"1758613311.300096160";"./src/turtle.cpp:update:260"
"Oh no! I hit the wall! (Clamping from [x=2.565298, y=-0.028803])";"30";"turtlesim1.sim1";"1758613311.284335442";"./src/turtle.cpp:update:260"
"Oh no! I hit the wall! (Clamping from [x=2.551356, y=-0.028803])";"30";"turtlesim1.sim1";"1758613311.268895211";"./src/turtle.cpp:update:260"
"Oh no! I hit the wall! (Clamping from [x=2.537415, y=-0.028803])";"30";"turtlesim1.sim1";"1758613311.252086814";"./src/turtle.cpp:update:260"
"Oh no! I hit the wall! (Clamping from [x=2.523473, y=-0.028803])";"30";"turtlesim1.sim1";"1758613311.236705532";"./src/turtle.cpp:update:260"
"Oh no! I hit the wall! (Clamping from [x=2.509531, y=-0.028803])";"30";"turtlesim1.sim1";"1758613311.220280476";"./src/turtle.cpp:update:260"
"Oh no! I hit the wall! (Clamping from [x=2.495589, y=-0.028803])";"30";"turtlesim1.sim1";"1758613311.204540761";"./src/turtle.cpp:update:260"
"Oh no! I hit the wall! (Clamping from [x=2.481647, y=-0.028803])";"30";"turtlesim1.sim1";"1758613311.188449666";"./src/turtle.cpp:update:260"
"Oh no! I hit the wall! (Clamping from [x=2.467705, y=-0.028803])";"30";"turtlesim1.sim1";"1758613311.172705178";"./src/turtle.cpp:update:260"
"Oh no! I hit the wall! (Clamping from [x=2.453764, y=-0.028803])";"30";"turtlesim1.sim1";"1758613311.156517683";"./src/turtle.cpp:update:260"
"Oh no! I hit the wall! (Clamping from [x=2.439822, y=-0.028803])";"30";"turtlesim1.sim1";"1758613311.140074905";"./src/turtle.cpp:update:260"
"Oh no! I hit the wall! (Clamping from [x=2.425880, y=-0.028803])";"30";"turtlesim1.sim1";"1758613311.124505334";"./src/turtle.cpp:update:260"
"Oh no! I hit the wall! (Clamping from [x=2.411938, y=-0.028803])";"30";"turtlesim1.sim1";"1758613311.108044700";"./src/turtle.cpp:update:260"
"Oh no! I hit the wall! (Clamping from [x=2.397996, y=-0.028803])";"30";"turtlesim1.sim1";"1758613311.092365314";"./src/turtle.cpp:update:260"
"Oh no! I hit the wall! (Clamping from [x=2.384054, y=-0.028803])";"30";"turtlesim1.sim1";"1758613311.076589395";"./src/turtle.cpp:update:260"
"Oh no! I hit the wall! (Clamping from [x=2.370113, y=-0.028803])";"30";"turtlesim1.sim1";"1758613311.060269996";"./src/turtle.cpp:update:260"
"Oh no! I hit the wall! (Clamping from [x=2.356171, y=-0.028803])";"30";"turtlesim1.sim1";"1758613311.044913577";"./src/turtle.cpp:update:260"
"Oh no! I hit the wall! (Clamping from [x=2.342229, y=-0.028803])";"30";"turtlesim1.sim1";"1758613311.028358783";"./src/turtle.cpp:update:260"
"Oh no! I hit the wall! (Clamping from [x=2.328287, y=-0.028803])";"30";"turtlesim1.sim1";"1758613311.012158663";"./src/turtle.cpp:update:260"
"Oh no! I hit the wall! (Clamping from [x=2.314345, y=-0.028803])";"30";"turtlesim1.sim1";"1758613310.996862139";"./src/turtle.cpp:update:260"
"Oh no! I hit the wall! (Clamping from [x=2.300403, y=-0.028803])";"30";"turtlesim1.sim1";"1758613310.980226588";"./src/turtle.cpp:update:260"
"Oh no! I hit the wall! (Clamping from [x=2.286461, y=-0.028803])";"30";"turtlesim1.sim1";"1758613310.964854368";"./src/turtle.cpp:update:260"
"Oh no! I hit the wall! (Clamping from [x=2.272520, y=-0.028803])";"30";"turtlesim1.sim1";"1758613310.948516725";"./src/turtle.cpp:update:260"
"Oh no! I hit the wall! (Clamping from [x=2.258578, y=-0.028803])";"30";"turtlesim1.sim1";"1758613310.932462834";"./src/turtle.cpp:update:260"
"Oh no! I hit the wall! (Clamping from [x=2.244636, y=-0.028803])";"30";"turtlesim1.sim1";"1758613310.916171144";"./src/turtle.cpp:update:260"
"Oh no! I hit the wall! (Clamping from [x=2.230694, y=-0.028803])";"30";"turtlesim1.sim1";"1758613310.900955447";"./src/turtle.cpp:update:260"
"Oh no! I hit the wall! (Clamping from [x=2.216752, y=-0.028803])";"30";"turtlesim1.sim1";"1758613310.884570642";"./src/turtle.cpp:update:260"
"Oh no! I hit the wall! (Clamping from [x=2.202810, y=-0.028803])";"30";"turtlesim1.sim1";"1758613310.868378128";"./src/turtle.cpp:update:260"
"Oh no! I hit the wall! (Clamping from [x=2.188869, y=-0.028803])";"30";"turtlesim1.sim1";"1758613310.852055717";"./src/turtle.cpp:update:260"
"Oh no! I hit the wall! (Clamping from [x=2.174927, y=-0.028803])";"30";"turtlesim1.sim1";"1758613310.836243617";"./src/turtle.cpp:update:260"
"Oh no! I hit the wall! (Clamping from [x=2.160985, y=-0.028803])";"30";"turtlesim1.sim1";"1758613310.820839130";"./src/turtle.cpp:update:260"
"Oh no! I hit the wall! (Clamping from [x=2.147043, y=-0.028803])";"30";"turtlesim1.sim1";"1758613310.804343578";"./src/turtle.cpp:update:260"
"Oh no! I hit the wall! (Clamping from [x=2.133101, y=-0.028803])";"30";"turtlesim1.sim1";"1758613310.788659493";"./src/turtle.cpp:update:260"
"Oh no! I hit the wall! (Clamping from [x=2.119159, y=-0.028803])";"30";"turtlesim1.sim1";"1758613310.772138990";"./src/turtle.cpp:update:260"
"Oh no! I hit the wall! (Clamping from [x=2.105218, y=-0.028803])";"30";"turtlesim1.sim1";"1758613310.756439848";"./src/turtle.cpp:update:260"
"Oh no! I hit the wall! (Clamping from [x=2.091276, y=-0.028803])";"30";"turtlesim1.sim1";"1758613310.740261768";"./src/turtle.cpp:update:260"
"Oh no! I hit the wall! (Clamping from [x=2.077334, y=-0.028803])";"30";"turtlesim1.sim1";"1758613310.724891025";"./src/turtle.cpp:update:260"
"Oh no! I hit the wall! (Clamping from [x=2.063392, y=-0.028803])";"30";"turtlesim1.sim1";"1758613310.708610433";"./src/turtle.cpp:update:260"
"Oh no! I hit the wall! (Clamping from [x=2.049450, y=-0.028803])";"30";"turtlesim1.sim1";"1758613310.692378324";"./src/turtle.cpp:update:260"
"Oh no! I hit the wall! (Clamping from [x=2.035508, y=-0.028803])";"30";"turtlesim1.sim1";"1758613310.676824344";"./src/turtle.cpp:update:260"
"Oh no! I hit the wall! (Clamping from [x=2.021567, y=-0.028803])";"30";"turtlesim1.sim1";"1758613310.660689982";"./src/turtle.cpp:update:260"
"Oh no! I hit the wall! (Clamping from [x=2.007625, y=-0.028803])";"30";"turtlesim1.sim1";"1758613310.644594385";"./src/turtle.cpp:update:260"
"Oh no! I hit the wall! (Clamping from [x=1.993683, y=-0.028803])";"30";"turtlesim1.sim1";"1758613310.628387085";"./src/turtle.cpp:update:260"
"Oh no! I hit the wall! (Clamping from [x=1.979741, y=-0.028803])";"30";"turtlesim1.sim1";"1758613310.612106372";"./src/turtle.cpp:update:260"
"Oh no! I hit the wall! (Clamping from [x=1.965799, y=-0.028803])";"30";"turtlesim1.sim1";"1758613310.596508302";"./src/turtle.cpp:update:260"
"Oh no! I hit the wall! (Clamping from [x=1.951857, y=-0.028803])";"30";"turtlesim1.sim1";"1758613310.580653659";"./src/turtle.cpp:update:260"
"Oh no! I hit the wall! (Clamping from [x=1.937916, y=-0.028803])";"30";"turtlesim1.sim1";"1758613310.564153082";"./src/turtle.cpp:update:260"
"Oh no! I hit the wall! (Clamping from [x=1.923974, y=-0.028803])";"30";"turtlesim1.sim1";"1758613310.548485935";"./src/turtle.cpp:update:260"
"Oh no! I hit the wall! (Clamping from [x=1.910032, y=-0.028803])";"30";"turtlesim1.sim1";"1758613310.532084066";"./src/turtle.cpp:update:260"
"Oh no! I hit the wall! (Clamping from [x=1.896090, y=-0.028803])";"30";"turtlesim1.sim1";"1758613310.516776757";"./src/turtle.cpp:update:260"
"Oh no! I hit the wall! (Clamping from [x=1.882148, y=-0.028803])";"30";"turtlesim1.sim1";"1758613310.500529351";"./src/turtle.cpp:update:260"
"Oh no! I hit the wall! (Clamping from [x=1.868206, y=-0.028803])";"30";"turtlesim1.sim1";"1758613310.483942570";"./src/turtle.cpp:update:260"
"Oh no! I hit the wall! (Clamping from [x=1.854264, y=-0.028803])";"30";"turtlesim1.sim1";"1758613310.468512063";"./src/turtle.cpp:update:260"
"Oh no! I hit the wall! (Clamping from [x=1.840323, y=-0.028803])";"30";"turtlesim1.sim1";"1758613310.452370786";"./src/turtle.cpp:update:260"
"Oh no! I hit the wall! (Clamping from [x=1.826381, y=-0.028803])";"30";"turtlesim1.sim1";"1758613310.436134490";"./src/turtle.cpp:update:260"
"Oh no! I hit the wall! (Clamping from [x=1.812439, y=-0.028803])";"30";"turtlesim1.sim1";"1758613310.420920624";"./src/turtle.cpp:update:260"
"Oh no! I hit the wall! (Clamping from [x=1.798497, y=-0.028803])";"30";"turtlesim1.sim1";"1758613310.404377854";"./src/turtle.cpp:update:260"
"Oh no! I hit the wall! (Clamping from [x=1.784555, y=-0.028803])";"30";"turtlesim1.sim1";"1758613310.388897969";"./src/turtle.cpp:update:260"
"Oh no! I hit the wall! (Clamping from [x=1.770613, y=-0.028803])";"30";"turtlesim1.sim1";"1758613310.372660586";"./src/turtle.cpp:update:260"
"Oh no! I hit the wall! (Clamping from [x=1.756672, y=-0.028803])";"30";"turtlesim1.sim1";"1758613310.356277437";"./src/turtle.cpp:update:260"
"Oh no! I hit the wall! (Clamping from [x=1.742730, y=-0.028803])";"30";"turtlesim1.sim1";"1758613310.339910973";"./src/turtle.cpp:update:260"
"Oh no! I hit the wall! (Clamping from [x=1.728788, y=-0.028803])";"30";"turtlesim1.sim1";"1758613310.324828905";"./src/turtle.cpp:update:260"
"Oh no! I hit the wall! (Clamping from [x=1.714846, y=-0.028803])";"30";"turtlesim1.sim1";"1758613310.308288321";"./src/turtle.cpp:update:260"
"Oh no! I hit the wall! (Clamping from [x=1.700904, y=-0.005225])";"30";"turtlesim1.sim1";"1758613310.292938078";"./src/turtle.cpp:update:260"
"Oh no! I hit the wall! (Clamping from [x=-0.010949, y=6.487077])";"30";"turtlesim3.sim3";"1758613307.988458451";"./src/turtle.cpp:update:260"
"Oh no! I hit the wall! (Clamping from [x=-0.010949, y=6.517145])";"30";"turtlesim3.sim3";"1758613307.972087381";"./src/turtle.cpp:update:260"
"Oh no! I hit the wall! (Clamping from [x=-0.010949, y=6.547214])";"30";"turtlesim3.sim3";"1758613307.956495334";"./src/turtle.cpp:update:260"
"Oh no! I hit the wall! (Clamping from [x=-0.010949, y=6.487077])";"30";"turtlesim2.sim2";"1758613307.956487317";"./src/turtle.cpp:update:260"
"Oh no! I hit the wall! (Clamping from [x=-0.010949, y=3.508767])";"30";"turtlesim1.sim1";"1758613307.940443666";"./src/turtle.cpp:update:260"
"Oh no! I hit the wall! (Clamping from [x=-0.010949, y=6.577283])";"30";"turtlesim3.sim3";"1758613307.940321390";"./src/turtle.cpp:update:260"
"Oh no! I hit the wall! (Clamping from [x=-0.010949, y=6.517145])";"30";"turtlesim2.sim2";"1758613307.940157060";"./src/turtle.cpp:update:260"
"Oh no! I hit the wall! (Clamping from [x=-0.010949, y=6.547214])";"30";"turtlesim2.sim2";"1758613307.924592171";"./src/turtle.cpp:update:260"
"Oh no! I hit the wall! (Clamping from [x=-0.010949, y=6.607351])";"30";"turtlesim3.sim3";"1758613307.924196277";"./src/turtle.cpp:update:260"
"Oh no! I hit the wall! (Clamping from [x=-0.010949, y=3.538835])";"30";"turtlesim1.sim1";"1758613307.924329722";"./src/turtle.cpp:update:260"
"Oh no! I hit the wall! (Clamping from [x=-0.010949, y=6.577283])";"30";"turtlesim2.sim2";"1758613307.908842408";"./src/turtle.cpp:update:260"
"Oh no! I hit the wall! (Clamping from [x=-0.010949, y=3.568904])";"30";"turtlesim1.sim1";"1758613307.908796908";"./src/turtle.cpp:update:260"
"Oh no! I hit the wall! (Clamping from [x=-0.010949, y=6.637420])";"30";"turtlesim3.sim3";"1758613307.907949208";"./src/turtle.cpp:update:260"
"Oh no! I hit the wall! (Clamping from [x=-0.010949, y=3.598973])";"30";"turtlesim1.sim1";"1758613307.892738580";"./src/turtle.cpp:update:260"
"Oh no! I hit the wall! (Clamping from [x=-0.010949, y=6.667489])";"30";"turtlesim3.sim3";"1758613307.892575051";"./src/turtle.cpp:update:260"
"Oh no! I hit the wall! (Clamping from [x=-0.010949, y=6.607351])";"30";"turtlesim2.sim2";"1758613307.892087762";"./src/turtle.cpp:update:260"
"Oh no! I hit the wall! (Clamping from [x=-0.010949, y=3.629041])";"30";"turtlesim1.sim1";"1758613307.876868636";"./src/turtle.cpp:update:260"
"Oh no! I hit the wall! (Clamping from [x=-0.010949, y=6.637420])";"30";"turtlesim2.sim2";"1758613307.876558105";"./src/turtle.cpp:update:260"
"Oh no! I hit the wall! (Clamping from [x=-0.010949, y=6.697557])";"30";"turtlesim3.sim3";"1758613307.875982122";"./src/turtle.cpp:update:260"
"Oh no! I hit the wall! (Clamping from [x=-0.010949, y=6.727626])";"30";"turtlesim3.sim3";"1758613307.860777466";"./src/turtle.cpp:update:260"
"Oh no! I hit the wall! (Clamping from [x=-0.010949, y=6.667489])";"30";"turtlesim2.sim2";"1758613307.860354682";"./src/turtle.cpp:update:260"
"Oh no! I hit the wall! (Clamping from [x=-0.010949, y=3.659110])";"30";"turtlesim1.sim1";"1758613307.860191153";"./src/turtle.cpp:update:260"
"Oh no! I hit the wall! (Clamping from [x=-0.010949, y=6.697557])";"30";"turtlesim2.sim2";"1758613307.844807923";"./src/turtle.cpp:update:260"
"Oh no! I hit the wall! (Clamping from [x=-0.010949, y=6.757695])";"30";"turtlesim3.sim3";"1758613307.844589737";"./src/turtle.cpp:update:260"
"Oh no! I hit the wall! (Clamping from [x=-0.010949, y=3.689179])";"30";"turtlesim1.sim1";"1758613307.844414006";"./src/turtle.cpp:update:260"
"Oh no! I hit the wall! (Clamping from [x=-0.010949, y=3.719247])";"30";"turtlesim1.sim1";"1758613307.828940300";"./src/turtle.cpp:update:260"
"Oh no! I hit the wall! (Clamping from [x=-0.010949, y=6.727626])";"30";"turtlesim2.sim2";"1758613307.828314521";"./src/turtle.cpp:update:260"
"Oh no! I hit the wall! (Clamping from [x=-0.010949, y=6.787763])";"30";"turtlesim3.sim3";"1758613307.828231707";"./src/turtle.cpp:update:260"
"Oh no! I hit the wall! (Clamping from [x=-0.010949, y=3.749316])";"30";"turtlesim1.sim1";"1758613307.812545103";"./src/turtle.cpp:update:260"
"Oh no! I hit the wall! (Clamping from [x=-0.010949, y=6.757695])";"30";"turtlesim2.sim2";"1758613307.812249358";"./src/turtle.cpp:update:260"
"Oh no! I hit the wall! (Clamping from [x=-0.010949, y=6.817832])";"30";"turtlesim3.sim3";"1758613307.811966375";"./src/turtle.cpp:update:260"
"Oh no! I hit the wall! (Clamping from [x=-0.010949, y=3.779385])";"30";"turtlesim1.sim1";"1758613307.796048877";"./src/turtle.cpp:update:260"
"Oh no! I hit the wall! (Clamping from [x=-0.010949, y=6.787763])";"30";"turtlesim2.sim2";"1758613307.795972488";"./src/turtle.cpp:update:260"
"Oh no! I hit the wall! (Clamping from [x=-0.010949, y=6.847901])";"30";"turtlesim3.sim3";"1758613307.795930400";"./src/turtle.cpp:update:260"
"Oh no! I hit the wall! (Clamping from [x=-0.010949, y=6.817832])";"30";"turtlesim2.sim2";"1758613307.780751955";"./src/turtle.cpp:update:260"
"Oh no! I hit the wall! (Clamping from [x=-0.010949, y=3.809453])";"30";"turtlesim1.sim1";"1758613307.780656378";"./src/turtle.cpp:update:260"
"Oh no! I hit the wall! (Clamping from [x=-0.010949, y=6.877969])";"30";"turtlesim3.sim3";"1758613307.780625742";"./src/turtle.cpp:update:260"
"Oh no! I hit the wall! (Clamping from [x=-0.010949, y=6.847901])";"30";"turtlesim2.sim2";"1758613307.764727379";"./src/turtle.cpp:update:260"
"Oh no! I hit the wall! (Clamping from [x=-0.010949, y=6.908038])";"30";"turtlesim3.sim3";"1758613307.764533988";"./src/turtle.cpp:update:260"
"Oh no! I hit the wall! (Clamping from [x=-0.010949, y=3.839522])";"30";"turtlesim1.sim1";"1758613307.763995374";"./src/turtle.cpp:update:260"
"Oh no! I hit the wall! (Clamping from [x=-0.010949, y=3.869591])";"30";"turtlesim1.sim1";"1758613307.749000267";"./src/turtle.cpp:update:260"
"Oh no! I hit the wall! (Clamping from [x=-0.010949, y=6.938107])";"30";"turtlesim3.sim3";"1758613307.748094183";"./src/turtle.cpp:update:260"
"Oh no! I hit the wall! (Clamping from [x=-0.010949, y=6.877969])";"30";"turtlesim2.sim2";"1758613307.748094286";"./src/turtle.cpp:update:260"
"Oh no! I hit the wall! (Clamping from [x=-0.010949, y=6.968175])";"30";"turtlesim3.sim3";"1758613307.732713958";"./src/turtle.cpp:update:260"
"Oh no! I hit the wall! (Clamping from [x=-0.010949, y=3.899659])";"30";"turtlesim1.sim1";"1758613307.732686014";"./src/turtle.cpp:update:260"
"Oh no! I hit the wall! (Clamping from [x=-0.010949, y=6.908038])";"30";"turtlesim2.sim2";"1758613307.732530868";"./src/turtle.cpp:update:260"
"Oh no! I hit the wall! (Clamping from [x=-0.010949, y=6.998244])";"30";"turtlesim3.sim3";"1758613307.716295899";"./src/turtle.cpp:update:260"
"Oh no! I hit the wall! (Clamping from [x=-0.010949, y=3.929728])";"30";"turtlesim1.sim1";"1758613307.716115700";"./src/turtle.cpp:update:260"
"Oh no! I hit the wall! (Clamping from [x=-0.010949, y=6.938107])";"30";"turtlesim2.sim2";"1758613307.716108820";"./src/turtle.cpp:update:260"
"Oh no! I hit the wall! (Clamping from [x=-0.010949, y=3.959797])";"30";"turtlesim1.sim1";"1758613307.700893667";"./src/turtle.cpp:update:260"
"Oh no! I hit the wall! (Clamping from [x=-0.010949, y=7.028313])";"30";"turtlesim3.sim3";"1758613307.700811435";"./src/turtle.cpp:update:260"
"Oh no! I hit the wall! (Clamping from [x=-0.010949, y=6.968175])";"30";"turtlesim2.sim2";"1758613307.700304320";"./src/turtle.cpp:update:260"
"Oh no! I hit the wall! (Clamping from [x=-0.010949, y=7.058381])";"30";"turtlesim3.sim3";"1758613307.684364566";"./src/turtle.cpp:update:260"
"Oh no! I hit the wall! (Clamping from [x=-0.010949, y=6.998244])";"30";"turtlesim2.sim2";"1758613307.684346518";"./src/turtle.cpp:update:260"
"Oh no! I hit the wall! (Clamping from [x=-0.010949, y=3.989865])";"30";"turtlesim1.sim1";"1758613307.684277777";"./src/turtle.cpp:update:260"
"Oh no! I hit the wall! (Clamping from [x=-0.010949, y=7.088450])";"30";"turtlesim3.sim3";"1758613307.668190302";"./src/turtle.cpp:update:260"
"Oh no! I hit the wall! (Clamping from [x=-0.010949, y=4.019934])";"30";"turtlesim1.sim1";"1758613307.668040679";"./src/turtle.cpp:update:260"
"Oh no! I hit the wall! (Clamping from [x=-0.010949, y=7.028313])";"30";"turtlesim2.sim2";"1758613307.667888203";"./src/turtle.cpp:update:260"
"Oh no! I hit the wall! (Clamping from [x=-0.010949, y=4.050003])";"30";"turtlesim1.sim1";"1758613307.652984796";"./src/turtle.cpp:update:260"
"Oh no! I hit the wall! (Clamping from [x=-0.010949, y=7.118519])";"30";"turtlesim3.sim3";"1758613307.652763464";"./src/turtle.cpp:update:260"
"Oh no! I hit the wall! (Clamping from [x=-0.010949, y=7.058381])";"30";"turtlesim2.sim2";"1758613307.651990908";"./src/turtle.cpp:update:260"
"Oh no! I hit the wall! (Clamping from [x=-0.010949, y=7.088450])";"30";"turtlesim2.sim2";"1758613307.636587772";"./src/turtle.cpp:update:260"
"Oh no! I hit the wall! (Clamping from [x=-0.010949, y=4.080071])";"30";"turtlesim1.sim1";"1758613307.636384251";"./src/turtle.cpp:update:260"
"Oh no! I hit the wall! (Clamping from [x=-0.010949, y=7.148587])";"30";"turtlesim3.sim3";"1758613307.636113205";"./src/turtle.cpp:update:260"
"Oh no! I hit the wall! (Clamping from [x=-0.010949, y=7.178656])";"30";"turtlesim3.sim3";"1758613307.620884042";"./src/turtle.cpp:update:260"
"Oh no! I hit the wall! (Clamping from [x=-0.010949, y=7.118519])";"30";"turtlesim2.sim2";"1758613307.620152214";"./src/turtle.cpp:update:260"
"Oh no! I hit the wall! (Clamping from [x=-0.010949, y=4.110140])";"30";"turtlesim1.sim1";"1758613307.620077884";"./src/turtle.cpp:update:260"
"Oh no! I hit the wall! (Clamping from [x=-0.010949, y=4.140209])";"30";"turtlesim1.sim1";"1758613307.604660685";"./src/turtle.cpp:update:260"
"Oh no! I hit the wall! (Clamping from [x=-0.010949, y=7.148587])";"30";"turtlesim2.sim2";"1758613307.604452085";"./src/turtle.cpp:update:260"
"Oh no! I hit the wall! (Clamping from [x=-0.010949, y=7.208725])";"30";"turtlesim3.sim3";"1758613307.604298575";"./src/turtle.cpp:update:260"
"Oh no! I hit the wall! (Clamping from [x=-0.010949, y=4.170277])";"30";"turtlesim1.sim1";"1758613307.588177168";"./src/turtle.cpp:update:260"
"Oh no! I hit the wall! (Clamping from [x=-0.010949, y=7.238793])";"30";"turtlesim3.sim3";"1758613307.588051619";"./src/turtle.cpp:update:260"
"Oh no! I hit the wall! (Clamping from [x=-0.010949, y=7.178656])";"30";"turtlesim2.sim2";"1758613307.588037782";"./src/turtle.cpp:update:260"
"Oh no! I hit the wall! (Clamping from [x=-0.010949, y=4.200346])";"30";"turtlesim1.sim1";"1758613307.572656780";"./src/turtle.cpp:update:260"
"Oh no! I hit the wall! (Clamping from [x=-0.010949, y=7.208725])";"30";"turtlesim2.sim2";"1758613307.572656805";"./src/turtle.cpp:update:260"
"Oh no! I hit the wall! (Clamping from [x=-0.010949, y=7.268862])";"30";"turtlesim3.sim3";"1758613307.572656594";"./src/turtle.cpp:update:260"
"Oh no! I hit the wall! (Clamping from [x=-0.010949, y=4.230414])";"30";"turtlesim1.sim1";"1758613307.556378028";"./src/turtle.cpp:update:260"
"Oh no! I hit the wall! (Clamping from [x=-0.010949, y=7.238793])";"30";"turtlesim2.sim2";"1758613307.556202070";"./src/turtle.cpp:update:260"
"Oh no! I hit the wall! (Clamping from [x=-0.010949, y=7.298930])";"30";"turtlesim3.sim3";"1758613307.556015836";"./src/turtle.cpp:update:260"
"Oh no! I hit the wall! (Clamping from [x=-0.010949, y=7.268862])";"30";"turtlesim2.sim2";"1758613307.540783596";"./src/turtle.cpp:update:260"
"Oh no! I hit the wall! (Clamping from [x=-0.010949, y=4.260483])";"30";"turtlesim1.sim1";"1758613307.540702804";"./src/turtle.cpp:update:260"
"Oh no! I hit the wall! (Clamping from [x=-0.010949, y=7.328999])";"30";"turtlesim3.sim3";"1758613307.540592799";"./src/turtle.cpp:update:260"
"Oh no! I hit the wall! (Clamping from [x=-0.010949, y=7.298930])";"30";"turtlesim2.sim2";"1758613307.524369410";"./src/turtle.cpp:update:260"
"Oh no! I hit the wall! (Clamping from [x=-0.010949, y=7.359068])";"30";"turtlesim3.sim3";"1758613307.524369567";"./src/turtle.cpp:update:260"
"Oh no! I hit the wall! (Clamping from [x=-0.010949, y=4.290552])";"30";"turtlesim1.sim1";"1758613307.524105133";"./src/turtle.cpp:update:260"
"Oh no! I hit the wall! (Clamping from [x=-0.010949, y=4.320620])";"30";"turtlesim1.sim1";"1758613307.508590759";"./src/turtle.cpp:update:260"
"Oh no! I hit the wall! (Clamping from [x=-0.010949, y=7.389136])";"30";"turtlesim3.sim3";"1758613307.508199532";"./src/turtle.cpp:update:260"
"Oh no! I hit the wall! (Clamping from [x=-0.010949, y=7.328999])";"30";"turtlesim2.sim2";"1758613307.507961477";"./src/turtle.cpp:update:260"
"Oh no! I hit the wall! (Clamping from [x=-0.010949, y=4.350689])";"30";"turtlesim1.sim1";"1758613307.493061727";"./src/turtle.cpp:update:260"
"Oh no! I hit the wall! (Clamping from [x=-0.010949, y=7.419205])";"30";"turtlesim3.sim3";"1758613307.492509191";"./src/turtle.cpp:update:260"
"Oh no! I hit the wall! (Clamping from [x=-0.010949, y=7.359068])";"30";"turtlesim2.sim2";"1758613307.492521394";"./src/turtle.cpp:update:260"
"Oh no! I hit the wall! (Clamping from [x=-0.010949, y=7.449274])";"30";"turtlesim3.sim3";"1758613307.476864478";"./src/turtle.cpp:update:260"
"Oh no! I hit the wall! (Clamping from [x=-0.010949, y=7.389136])";"30";"turtlesim2.sim2";"1758613307.476683988";"./src/turtle.cpp:update:260"
"Oh no! I hit the wall! (Clamping from [x=-0.010949, y=4.380758])";"30";"turtlesim1.sim1";"1758613307.476060932";"./src/turtle.cpp:update:260"
"Oh no! I hit the wall! (Clamping from [x=-0.010949, y=4.410826])";"30";"turtlesim1.sim1";"1758613307.460437184";"./src/turtle.cpp:update:260"
"Oh no! I hit the wall! (Clamping from [x=-0.010949, y=7.419205])";"30";"turtlesim2.sim2";"1758613307.460307675";"./src/turtle.cpp:update:260"
"Oh no! I hit the wall! (Clamping from [x=-0.010949, y=7.479342])";"30";"turtlesim3.sim3";"1758613307.460188187";"./src/turtle.cpp:update:260"
"Oh no! I hit the wall! (Clamping from [x=-0.010949, y=4.440895])";"30";"turtlesim1.sim1";"1758613307.444074491";"./src/turtle.cpp:update:260"
"Oh no! I hit the wall! (Clamping from [x=-0.010949, y=7.509411])";"30";"turtlesim3.sim3";"1758613307.444055896";"./src/turtle.cpp:update:260"
"Oh no! I hit the wall! (Clamping from [x=-0.010949, y=7.449274])";"30";"turtlesim2.sim2";"1758613307.443987987";"./src/turtle.cpp:update:260"
"Oh no! I hit the wall! (Clamping from [x=-0.010949, y=4.470964])";"30";"turtlesim1.sim1";"1758613307.428663059";"./src/turtle.cpp:update:260"
"Oh no! I hit the wall! (Clamping from [x=-0.010949, y=7.479342])";"30";"turtlesim2.sim2";"1758613307.428319117";"./src/turtle.cpp:update:260"
"Oh no! I hit the wall! (Clamping from [x=-0.010949, y=7.539480])";"30";"turtlesim3.sim3";"1758613307.427970140";"./src/turtle.cpp:update:260"
"Oh no! I hit the wall! (Clamping from [x=-0.010949, y=7.509411])";"30";"turtlesim2.sim2";"1758613307.412827738";"./src/turtle.cpp:update:260"
"Oh no! I hit the wall! (Clamping from [x=-0.010949, y=7.569548])";"30";"turtlesim3.sim3";"1758613307.412671002";"./src/turtle.cpp:update:260"
"Oh no! I hit the wall! (Clamping from [x=-0.010949, y=4.501032])";"30";"turtlesim1.sim1";"1758613307.412198287";"./src/turtle.cpp:update:260"
"Oh no! I hit the wall! (Clamping from [x=-0.010949, y=4.531101])";"30";"turtlesim1.sim1";"1758613307.396850575";"./src/turtle.cpp:update:260"
"Oh no! I hit the wall! (Clamping from [x=-0.010949, y=7.539480])";"30";"turtlesim2.sim2";"1758613307.396596868";"./src/turtle.cpp:update:260"
"Oh no! I hit the wall! (Clamping from [x=-0.010949, y=7.599617])";"30";"turtlesim3.sim3";"1758613307.396437655";"./src/turtle.cpp:update:260"
"Oh no! I hit the wall! (Clamping from [x=-0.010949, y=4.561170])";"30";"turtlesim1.sim1";"1758613307.380249235";"./src/turtle.cpp:update:260"
"Oh no! I hit the wall! (Clamping from [x=-0.010949, y=7.629686])";"30";"turtlesim3.sim3";"1758613307.380045319";"./src/turtle.cpp:update:260"
"Oh no! I hit the wall! (Clamping from [x=-0.010949, y=7.569548])";"30";"turtlesim2.sim2";"1758613307.380045298";"./src/turtle.cpp:update:260"
"Oh no! I hit the wall! (Clamping from [x=-0.010949, y=4.591238])";"30";"turtlesim1.sim1";"1758613307.364520362";"./src/turtle.cpp:update:260"
"Oh no! I hit the wall! (Clamping from [x=-0.010949, y=7.659754])";"30";"turtlesim3.sim3";"1758613307.364462631";"./src/turtle.cpp:update:260"
"Oh no! I hit the wall! (Clamping from [x=-0.010949, y=7.599617])";"30";"turtlesim2.sim2";"1758613307.364418865";"./src/turtle.cpp:update:260"
"Oh no! I hit the wall! (Clamping from [x=-0.010949, y=7.689823])";"30";"turtlesim3.sim3";"1758613307.348222328";"./src/turtle.cpp:update:260"
"Oh no! I hit the wall! (Clamping from [x=-0.010949, y=4.621307])";"30";"turtlesim1.sim1";"1758613307.348089873";"./src/turtle.cpp:update:260"
"Oh no! I hit the wall! (Clamping from [x=-0.010949, y=7.629686])";"30";"turtlesim2.sim2";"1758613307.347979987";"./src/turtle.cpp:update:260"
"Oh no! I hit the wall! (Clamping from [x=-0.010949, y=7.719892])";"30";"turtlesim3.sim3";"1758613307.332782251";"./src/turtle.cpp:update:260"
"Oh no! I hit the wall! (Clamping from [x=-0.010949, y=7.659754])";"30";"turtlesim2.sim2";"1758613307.332681159";"./src/turtle.cpp:update:260"
"Oh no! I hit the wall! (Clamping from [x=-0.010949, y=4.651376])";"30";"turtlesim1.sim1";"1758613307.332429393";"./src/turtle.cpp:update:260"
"Oh no! I hit the wall! (Clamping from [x=-0.010949, y=4.681444])";"30";"turtlesim1.sim1";"1758613307.316791174";"./src/turtle.cpp:update:260"
"Oh no! I hit the wall! (Clamping from [x=-0.010949, y=7.749960])";"30";"turtlesim3.sim3";"1758613307.316400296";"./src/turtle.cpp:update:260"
"Oh no! I hit the wall! (Clamping from [x=-0.010949, y=7.689823])";"30";"turtlesim2.sim2";"1758613307.316225025";"./src/turtle.cpp:update:260"
"Oh no! I hit the wall! (Clamping from [x=-0.010949, y=7.719892])";"30";"turtlesim2.sim2";"1758613307.300644919";"./src/turtle.cpp:update:260"
"Oh no! I hit the wall! (Clamping from [x=-0.010949, y=4.711513])";"30";"turtlesim1.sim1";"1758613307.300511909";"./src/turtle.cpp:update:260"
"Oh no! I hit the wall! (Clamping from [x=-0.010949, y=7.780029])";"30";"turtlesim3.sim3";"1758613307.300016748";"./src/turtle.cpp:update:260"
"Oh no! I hit the wall! (Clamping from [x=-0.010949, y=4.741582])";"30";"turtlesim1.sim1";"1758613307.284897516";"./src/turtle.cpp:update:260"
"Oh no! I hit the wall! (Clamping from [x=-0.010949, y=7.810098])";"30";"turtlesim3.sim3";"1758613307.284850783";"./src/turtle.cpp:update:260"
"Oh no! I hit the wall! (Clamping from [x=-0.010949, y=7.749960])";"30";"turtlesim2.sim2";"1758613307.283978186";"./src/turtle.cpp:update:260"
"Oh no! I hit the wall! (Clamping from [x=-0.010949, y=7.780029])";"30";"turtlesim2.sim2";"1758613307.268469530";"./src/turtle.cpp:update:260"
"Oh no! I hit the wall! (Clamping from [x=-0.010949, y=4.771650])";"30";"turtlesim1.sim1";"1758613307.268351018";"./src/turtle.cpp:update:260"
"Oh no! I hit the wall! (Clamping from [x=-0.010949, y=7.840166])";"30";"turtlesim3.sim3";"1758613307.268132586";"./src/turtle.cpp:update:260"
"Oh no! I hit the wall! (Clamping from [x=-0.010949, y=7.810098])";"30";"turtlesim2.sim2";"1758613307.253131814";"./src/turtle.cpp:update:260"
"Oh no! I hit the wall! (Clamping from [x=-0.010949, y=4.801719])";"30";"turtlesim1.sim1";"1758613307.252911460";"./src/turtle.cpp:update:260"
"Oh no! I hit the wall! (Clamping from [x=-0.010949, y=7.870235])";"30";"turtlesim3.sim3";"1758613307.251956193";"./src/turtle.cpp:update:260"
"Oh no! I hit the wall! (Clamping from [x=-0.010949, y=7.900304])";"30";"turtlesim3.sim3";"1758613307.236711816";"./src/turtle.cpp:update:260"
"Oh no! I hit the wall! (Clamping from [x=-0.010949, y=4.831788])";"30";"turtlesim1.sim1";"1758613307.236501596";"./src/turtle.cpp:update:260"
"Oh no! I hit the wall! (Clamping from [x=-0.010949, y=7.840166])";"30";"turtlesim2.sim2";"1758613307.236470099";"./src/turtle.cpp:update:260"
"Oh no! I hit the wall! (Clamping from [x=-0.010949, y=7.930372])";"30";"turtlesim3.sim3";"1758613307.220565779";"./src/turtle.cpp:update:260"
"Oh no! I hit the wall! (Clamping from [x=-0.010949, y=4.861856])";"30";"turtlesim1.sim1";"1758613307.220035223";"./src/turtle.cpp:update:260"
"Oh no! I hit the wall! (Clamping from [x=-0.010949, y=7.870235])";"30";"turtlesim2.sim2";"1758613307.219946440";"./src/turtle.cpp:update:260"
"Oh no! I hit the wall! (Clamping from [x=-0.010949, y=7.900304])";"30";"turtlesim2.sim2";"1758613307.204534519";"./src/turtle.cpp:update:260"
"Oh no! I hit the wall! (Clamping from [x=-0.010949, y=4.891925])";"30";"turtlesim1.sim1";"1758613307.204477394";"./src/turtle.cpp:update:260"
"Oh no! I hit the wall! (Clamping from [x=-0.010949, y=7.960441])";"30";"turtlesim3.sim3";"1758613307.204317793";"./src/turtle.cpp:update:260"
"Oh no! I hit the wall! (Clamping from [x=-0.010949, y=7.990510])";"30";"turtlesim3.sim3";"1758613307.188919897";"./src/turtle.cpp:update:260"
"Oh no! I hit the wall! (Clamping from [x=-0.010949, y=4.921994])";"30";"turtlesim1.sim1";"1758613307.188214652";"./src/turtle.cpp:update:260"
"Oh no! I hit the wall! (Clamping from [x=-0.010949, y=7.930372])";"30";"turtlesim2.sim2";"1758613307.188052361";"./src/turtle.cpp:update:260"
"Oh no! I hit the wall! (Clamping from [x=-0.010949, y=8.020578])";"30";"turtlesim3.sim3";"1758613307.172808177";"./src/turtle.cpp:update:260"
"Oh no! I hit the wall! (Clamping from [x=-0.010949, y=4.952062])";"30";"turtlesim1.sim1";"1758613307.172707795";"./src/turtle.cpp:update:260"
"Oh no! I hit the wall! (Clamping from [x=-0.010949, y=7.960441])";"30";"turtlesim2.sim2";"1758613307.172592220";"./src/turtle.cpp:update:260"
"Oh no! I hit the wall! (Clamping from [x=-0.010949, y=8.050647])";"30";"turtlesim3.sim3";"1758613307.156813606";"./src/turtle.cpp:update:260"
"Oh no! I hit the wall! (Clamping from [x=-0.010949, y=4.982131])";"30";"turtlesim1.sim1";"1758613307.156297137";"./src/turtle.cpp:update:260"
"Oh no! I hit the wall! (Clamping from [x=-0.010949, y=7.990510])";"30";"turtlesim2.sim2";"1758613307.156098772";"./src/turtle.cpp:update:260"
"Oh no! I hit the wall! (Clamping from [x=-0.010949, y=5.012200])";"30";"turtlesim1.sim1";"1758613307.140919001";"./src/turtle.cpp:update:260"
"Oh no! I hit the wall! (Clamping from [x=-0.010949, y=8.020578])";"30";"turtlesim2.sim2";"1758613307.140825873";"./src/turtle.cpp:update:260"
"Oh no! I hit the wall! (Clamping from [x=-0.010949, y=8.080716])";"30";"turtlesim3.sim3";"1758613307.140574790";"./src/turtle.cpp:update:260"
"Oh no! I hit the wall! (Clamping from [x=-0.010949, y=5.042268])";"30";"turtlesim1.sim1";"1758613307.124853703";"./src/turtle.cpp:update:260"
"Oh no! I hit the wall! (Clamping from [x=-0.010949, y=8.050647])";"30";"turtlesim2.sim2";"1758613307.124395247";"./src/turtle.cpp:update:260"
"Oh no! I hit the wall! (Clamping from [x=-0.010949, y=8.110784])";"30";"turtlesim3.sim3";"1758613307.124127705";"./src/turtle.cpp:update:260"
"Oh no! I hit the wall! (Clamping from [x=-0.010949, y=5.072337])";"30";"turtlesim1.sim1";"1758613307.109000541";"./src/turtle.cpp:update:260"
"Oh no! I hit the wall! (Clamping from [x=-0.010949, y=8.080716])";"30";"turtlesim2.sim2";"1758613307.108956056";"./src/turtle.cpp:update:260"
"Oh no! I hit the wall! (Clamping from [x=-0.010949, y=8.140853])";"30";"turtlesim3.sim3";"1758613307.108829867";"./src/turtle.cpp:update:260"
"Oh no! I hit the wall! (Clamping from [x=-0.010949, y=8.110784])";"30";"turtlesim2.sim2";"1758613307.092437537";"./src/turtle.cpp:update:260"
"Oh no! I hit the wall! (Clamping from [x=-0.010949, y=8.170921])";"30";"turtlesim3.sim3";"1758613307.092360705";"./src/turtle.cpp:update:260"
"Oh no! I hit the wall! (Clamping from [x=-0.010949, y=5.102405])";"30";"turtlesim1.sim1";"1758613307.092146214";"./src/turtle.cpp:update:260"
"Oh no! I hit the wall! (Clamping from [x=-0.010949, y=8.140853])";"30";"turtlesim2.sim2";"1758613307.076871720";"./src/turtle.cpp:update:260"
"Oh no! I hit the wall! (Clamping from [x=-0.010949, y=8.200990])";"30";"turtlesim3.sim3";"1758613307.076833814";"./src/turtle.cpp:update:260"
"Oh no! I hit the wall! (Clamping from [x=-0.010949, y=5.132474])";"30";"turtlesim1.sim1";"1758613307.076234660";"./src/turtle.cpp:update:260"
"Oh no! I hit the wall! (Clamping from [x=-0.010949, y=8.231059])";"30";"turtlesim3.sim3";"1758613307.060544191";"./src/turtle.cpp:update:260"
"Oh no! I hit the wall! (Clamping from [x=-0.010949, y=5.162543])";"30";"turtlesim1.sim1";"1758613307.060412456";"./src/turtle.cpp:update:260"
"Oh no! I hit the wall! (Clamping from [x=-0.010949, y=8.170921])";"30";"turtlesim2.sim2";"1758613307.060290925";"./src/turtle.cpp:update:260"
"Oh no! I hit the wall! (Clamping from [x=-0.010949, y=5.192611])";"30";"turtlesim1.sim1";"1758613307.044622037";"./src/turtle.cpp:update:260"
"Oh no! I hit the wall! (Clamping from [x=-0.010949, y=8.200990])";"30";"turtlesim2.sim2";"1758613307.044189115";"./src/turtle.cpp:update:260"
"Oh no! I hit the wall! (Clamping from [x=-0.010949, y=8.261127])";"30";"turtlesim3.sim3";"1758613307.044113926";"./src/turtle.cpp:update:260"
"Oh no! I hit the wall! (Clamping from [x=-0.010949, y=8.291196])";"30";"turtlesim3.sim3";"1758613307.028773999";"./src/turtle.cpp:update:260"
"Oh no! I hit the wall! (Clamping from [x=-0.010949, y=8.231059])";"30";"turtlesim2.sim2";"1758613307.028659766";"./src/turtle.cpp:update:260"
"Oh no! I hit the wall! (Clamping from [x=-0.010949, y=5.222680])";"30";"turtlesim1.sim1";"1758613307.028064368";"./src/turtle.cpp:update:260"
"Oh no! I hit the wall! (Clamping from [x=-0.010949, y=8.321265])";"30";"turtlesim3.sim3";"1758613307.012726913";"./src/turtle.cpp:update:260"
"Oh no! I hit the wall! (Clamping from [x=-0.010949, y=5.252749])";"30";"turtlesim1.sim1";"1758613307.012700912";"./src/turtle.cpp:update:260"
"Oh no! I hit the wall! (Clamping from [x=-0.010949, y=8.261127])";"30";"turtlesim2.sim2";"1758613307.012424812";"./src/turtle.cpp:update:260"
"Oh no! I hit the wall! (Clamping from [x=-0.010949, y=8.351333])";"30";"turtlesim3.sim3";"1758613306.996987963";"./src/turtle.cpp:update:260"
"Oh no! I hit the wall! (Clamping from [x=-0.010949, y=8.291196])";"30";"turtlesim2.sim2";"1758613306.996065302";"./src/turtle.cpp:update:260"
"Oh no! I hit the wall! (Clamping from [x=-0.010949, y=5.282817])";"30";"turtlesim1.sim1";"1758613306.995998580";"./src/turtle.cpp:update:260"
"Oh no! I hit the wall! (Clamping from [x=-0.010949, y=8.321265])";"30";"turtlesim2.sim2";"1758613306.980748096";"./src/turtle.cpp:update:260"
"Oh no! I hit the wall! (Clamping from [x=-0.010949, y=5.312886])";"30";"turtlesim1.sim1";"1758613306.980534534";"./src/turtle.cpp:update:260"
"Oh no! I hit the wall! (Clamping from [x=-0.010949, y=8.381402])";"30";"turtlesim3.sim3";"1758613306.980537824";"./src/turtle.cpp:update:260"
"Oh no! I hit the wall! (Clamping from [x=-0.010949, y=5.342955])";"30";"turtlesim1.sim1";"1758613306.964919643";"./src/turtle.cpp:update:260"
"Oh no! I hit the wall! (Clamping from [x=-0.010949, y=8.351333])";"30";"turtlesim2.sim2";"1758613306.964297518";"./src/turtle.cpp:update:260"
"Oh no! I hit the wall! (Clamping from [x=-0.010949, y=8.411471])";"30";"turtlesim3.sim3";"1758613306.964128320";"./src/turtle.cpp:update:260"
"Oh no! I hit the wall! (Clamping from [x=-0.010949, y=5.373023])";"30";"turtlesim1.sim1";"1758613306.948444765";"./src/turtle.cpp:update:260"
"Oh no! I hit the wall! (Clamping from [x=-0.010949, y=8.381402])";"30";"turtlesim2.sim2";"1758613306.947991237";"./src/turtle.cpp:update:260"
"Oh no! I hit the wall! (Clamping from [x=-0.010949, y=8.441539])";"30";"turtlesim3.sim3";"1758613306.947941564";"./src/turtle.cpp:update:260"
"Oh no! I hit the wall! (Clamping from [x=-0.010949, y=8.471608])";"30";"turtlesim3.sim3";"1758613306.932864717";"./src/turtle.cpp:update:260"
"Oh no! I hit the wall! (Clamping from [x=-0.010949, y=5.403092])";"30";"turtlesim1.sim1";"1758613306.932846259";"./src/turtle.cpp:update:260"
"Oh no! I hit the wall! (Clamping from [x=-0.010949, y=8.411471])";"30";"turtlesim2.sim2";"1758613306.932494925";"./src/turtle.cpp:update:260"
"Oh no! I hit the wall! (Clamping from [x=-0.010949, y=8.441539])";"30";"turtlesim2.sim2";"1758613306.916898984";"./src/turtle.cpp:update:260"
"Oh no! I hit the wall! (Clamping from [x=-0.010949, y=8.501677])";"30";"turtlesim3.sim3";"1758613306.916504098";"./src/turtle.cpp:update:260"
"Oh no! I hit the wall! (Clamping from [x=-0.010949, y=5.433161])";"30";"turtlesim1.sim1";"1758613306.916101456";"./src/turtle.cpp:update:260"
"Oh no! I hit the wall! (Clamping from [x=-0.010949, y=5.463229])";"30";"turtlesim1.sim1";"1758613306.900598629";"./src/turtle.cpp:update:260"
"Oh no! I hit the wall! (Clamping from [x=-0.010949, y=8.531745])";"30";"turtlesim3.sim3";"1758613306.900301499";"./src/turtle.cpp:update:260"
"Oh no! I hit the wall! (Clamping from [x=-0.010949, y=8.471608])";"30";"turtlesim2.sim2";"1758613306.900339347";"./src/turtle.cpp:update:260"
"Oh no! I hit the wall! (Clamping from [x=-0.010949, y=5.493298])";"30";"turtlesim1.sim1";"1758613306.884903419";"./src/turtle.cpp:update:260"
"Oh no! I hit the wall! (Clamping from [x=-0.010949, y=8.501677])";"30";"turtlesim2.sim2";"1758613306.884903942";"./src/turtle.cpp:update:260"
"Oh no! I hit the wall! (Clamping from [x=-0.010949, y=8.561814])";"30";"turtlesim3.sim3";"1758613306.884733608";"./src/turtle.cpp:update:260"
"Oh no! I hit the wall! (Clamping from [x=-0.010949, y=5.523367])";"30";"turtlesim1.sim1";"1758613306.869028825";"./src/turtle.cpp:update:260"
"Oh no! I hit the wall! (Clamping from [x=-0.010949, y=8.531745])";"30";"turtlesim2.sim2";"1758613306.868610207";"./src/turtle.cpp:update:260"
"Oh no! I hit the wall! (Clamping from [x=-0.010949, y=8.591883])";"30";"turtlesim3.sim3";"1758613306.868318711";"./src/turtle.cpp:update:260"
"Oh no! I hit the wall! (Clamping from [x=-0.010949, y=8.621951])";"30";"turtlesim3.sim3";"1758613306.852878380";"./src/turtle.cpp:update:260"
"Oh no! I hit the wall! (Clamping from [x=-0.010949, y=8.561814])";"30";"turtlesim2.sim2";"1758613306.852826865";"./src/turtle.cpp:update:260"
"Oh no! I hit the wall! (Clamping from [x=-0.010949, y=5.553435])";"30";"turtlesim1.sim1";"1758613306.852275954";"./src/turtle.cpp:update:260"
"Oh no! I hit the wall! (Clamping from [x=-0.010949, y=5.583504])";"30";"turtlesim1.sim1";"1758613306.836314737";"./src/turtle.cpp:update:260"
"Oh no! I hit the wall! (Clamping from [x=-0.010949, y=8.591883])";"30";"turtlesim2.sim2";"1758613306.836259229";"./src/turtle.cpp:update:260"
"Oh no! I hit the wall! (Clamping from [x=-0.010949, y=8.652020])";"30";"turtlesim3.sim3";"1758613306.836285808";"./src/turtle.cpp:update:260"
"Oh no! I hit the wall! (Clamping from [x=-0.010949, y=5.613573])";"30";"turtlesim1.sim1";"1758613306.820702777";"./src/turtle.cpp:update:260"
"Oh no! I hit the wall! (Clamping from [x=-0.010949, y=8.621951])";"30";"turtlesim2.sim2";"1758613306.820520618";"./src/turtle.cpp:update:260"
"Oh no! I hit the wall! (Clamping from [x=-0.010949, y=8.682089])";"30";"turtlesim3.sim3";"1758613306.820520158";"./src/turtle.cpp:update:260"
"Oh no! I hit the wall! (Clamping from [x=-0.010949, y=5.643641])";"30";"turtlesim1.sim1";"1758613306.805311688";"./src/turtle.cpp:update:260"
"Oh no! I hit the wall! (Clamping from [x=-0.010949, y=8.652020])";"30";"turtlesim2.sim2";"1758613306.804732336";"./src/turtle.cpp:update:260"
"Oh no! I hit the wall! (Clamping from [x=-0.010949, y=8.712157])";"30";"turtlesim3.sim3";"1758613306.804720276";"./src/turtle.cpp:update:260"
"Oh no! I hit the wall! (Clamping from [x=-0.010949, y=8.742226])";"30";"turtlesim3.sim3";"1758613306.788489238";"./src/turtle.cpp:update:260"
"Oh no! I hit the wall! (Clamping from [x=-0.010949, y=5.673710])";"30";"turtlesim1.sim1";"1758613306.788240936";"./src/turtle.cpp:update:260"
"Oh no! I hit the wall! (Clamping from [x=-0.010949, y=8.682089])";"30";"turtlesim2.sim2";"1758613306.788122630";"./src/turtle.cpp:update:260"
"Oh no! I hit the wall! (Clamping from [x=-0.010949, y=5.703779])";"30";"turtlesim1.sim1";"1758613306.772814965";"./src/turtle.cpp:update:260"
"Oh no! I hit the wall! (Clamping from [x=-0.010949, y=8.772295])";"30";"turtlesim3.sim3";"1758613306.772692265";"./src/turtle.cpp:update:260"
"Oh no! I hit the wall! (Clamping from [x=-0.010949, y=8.712157])";"30";"turtlesim2.sim2";"1758613306.772656839";"./src/turtle.cpp:update:260"
"Oh no! I hit the wall! (Clamping from [x=-0.010949, y=8.742226])";"30";"turtlesim2.sim2";"1758613306.756261166";"./src/turtle.cpp:update:260"
"Oh no! I hit the wall! (Clamping from [x=-0.010949, y=5.733847])";"30";"turtlesim1.sim1";"1758613306.756246921";"./src/turtle.cpp:update:260"
"Oh no! I hit the wall! (Clamping from [x=-0.010949, y=8.802363])";"30";"turtlesim3.sim3";"1758613306.756086662";"./src/turtle.cpp:update:260"
"Oh no! I hit the wall! (Clamping from [x=-0.010949, y=5.763916])";"30";"turtlesim1.sim1";"1758613306.740775340";"./src/turtle.cpp:update:260"
"Oh no! I hit the wall! (Clamping from [x=-0.010949, y=8.772295])";"30";"turtlesim2.sim2";"1758613306.740849816";"./src/turtle.cpp:update:260"
"Oh no! I hit the wall! (Clamping from [x=-0.010949, y=8.832432])";"30";"turtlesim3.sim3";"1758613306.740807307";"./src/turtle.cpp:update:260"
"Oh no! I hit the wall! (Clamping from [x=-0.010949, y=8.862501])";"30";"turtlesim3.sim3";"1758613306.725076211";"./src/turtle.cpp:update:260"
"Oh no! I hit the wall! (Clamping from [x=-0.010949, y=5.793985])";"30";"turtlesim1.sim1";"1758613306.724441408";"./src/turtle.cpp:update:260"
"Oh no! I hit the wall! (Clamping from [x=-0.010949, y=8.802363])";"30";"turtlesim2.sim2";"1758613306.724369947";"./src/turtle.cpp:update:260"
"Oh no! I hit the wall! (Clamping from [x=-0.010949, y=8.892569])";"30";"turtlesim3.sim3";"1758613306.708776923";"./src/turtle.cpp:update:260"
"Oh no! I hit the wall! (Clamping from [x=-0.010949, y=8.832432])";"30";"turtlesim2.sim2";"1758613306.708083130";"./src/turtle.cpp:update:260"
"Oh no! I hit the wall! (Clamping from [x=-0.010949, y=5.824053])";"30";"turtlesim1.sim1";"1758613306.708024435";"./src/turtle.cpp:update:260"
"Oh no! I hit the wall! (Clamping from [x=-0.010949, y=8.922638])";"30";"turtlesim3.sim3";"1758613306.692557494";"./src/turtle.cpp:update:260"
"Oh no! I hit the wall! (Clamping from [x=-0.010949, y=8.862501])";"30";"turtlesim2.sim2";"1758613306.692516424";"./src/turtle.cpp:update:260"
"Oh no! I hit the wall! (Clamping from [x=-0.010949, y=5.854122])";"30";"turtlesim1.sim1";"1758613306.692305579";"./src/turtle.cpp:update:260"
"Oh no! I hit the wall! (Clamping from [x=-0.010949, y=5.884191])";"30";"turtlesim1.sim1";"1758613306.676524586";"./src/turtle.cpp:update:260"
"Oh no! I hit the wall! (Clamping from [x=-0.010949, y=8.952707])";"30";"turtlesim3.sim3";"1758613306.676471517";"./src/turtle.cpp:update:260"
"Oh no! I hit the wall! (Clamping from [x=-0.010949, y=8.892569])";"30";"turtlesim2.sim2";"1758613306.676046225";"./src/turtle.cpp:update:260"
"Oh no! I hit the wall! (Clamping from [x=-0.010949, y=5.914259])";"30";"turtlesim1.sim1";"1758613306.660906345";"./src/turtle.cpp:update:260"
"Oh no! I hit the wall! (Clamping from [x=-0.010949, y=8.922638])";"30";"turtlesim2.sim2";"1758613306.660720641";"./src/turtle.cpp:update:260"
"Oh no! I hit the wall! (Clamping from [x=-0.010949, y=8.982775])";"30";"turtlesim3.sim3";"1758613306.660150683";"./src/turtle.cpp:update:260"
"Oh no! I hit the wall! (Clamping from [x=-0.010949, y=8.952707])";"30";"turtlesim2.sim2";"1758613306.644628317";"./src/turtle.cpp:update:260"
"Oh no! I hit the wall! (Clamping from [x=-0.010949, y=5.944328])";"30";"turtlesim1.sim1";"1758613306.644496914";"./src/turtle.cpp:update:260"
"Oh no! I hit the wall! (Clamping from [x=-0.010949, y=9.012844])";"30";"turtlesim3.sim3";"1758613306.643931990";"./src/turtle.cpp:update:260"
"Oh no! I hit the wall! (Clamping from [x=-0.010949, y=5.974396])";"30";"turtlesim1.sim1";"1758613306.629251862";"./src/turtle.cpp:update:260"
"Oh no! I hit the wall! (Clamping from [x=-0.010949, y=9.042912])";"30";"turtlesim3.sim3";"1758613306.628807152";"./src/turtle.cpp:update:260"
"Oh no! I hit the wall! (Clamping from [x=-0.010949, y=8.982775])";"30";"turtlesim2.sim2";"1758613306.627963140";"./src/turtle.cpp:update:260"
"Oh no! I hit the wall! (Clamping from [x=-0.010949, y=9.012844])";"30";"turtlesim2.sim2";"1758613306.612896324";"./src/turtle.cpp:update:260"
"Oh no! I hit the wall! (Clamping from [x=-0.010949, y=9.072981])";"30";"turtlesim3.sim3";"1758613306.612798825";"./src/turtle.cpp:update:260"
"Oh no! I hit the wall! (Clamping from [x=-0.010949, y=6.004465])";"30";"turtlesim1.sim1";"1758613306.612605585";"./src/turtle.cpp:update:260"
"Oh no! I hit the wall! (Clamping from [x=-0.010949, y=9.042912])";"30";"turtlesim2.sim2";"1758613306.596798359";"./src/turtle.cpp:update:260"
"Oh no! I hit the wall! (Clamping from [x=-0.010949, y=9.103050])";"30";"turtlesim3.sim3";"1758613306.596760037";"./src/turtle.cpp:update:260"
"Oh no! I hit the wall! (Clamping from [x=-0.010949, y=6.034534])";"30";"turtlesim1.sim1";"1758613306.596060695";"./src/turtle.cpp:update:260"
"Oh no! I hit the wall! (Clamping from [x=-0.010949, y=6.064602])";"30";"turtlesim1.sim1";"1758613306.580640137";"./src/turtle.cpp:update:260"
"Oh no! I hit the wall! (Clamping from [x=-0.010949, y=9.072981])";"30";"turtlesim2.sim2";"1758613306.580615584";"./src/turtle.cpp:update:260"
"Oh no! I hit the wall! (Clamping from [x=-0.010949, y=9.133118])";"30";"turtlesim3.sim3";"1758613306.580474771";"./src/turtle.cpp:update:260"
"Oh no! I hit the wall! (Clamping from [x=-0.010949, y=6.094671])";"30";"turtlesim1.sim1";"1758613306.564091317";"./src/turtle.cpp:update:260"
"Oh no! I hit the wall! (Clamping from [x=-0.010949, y=9.163187])";"30";"turtlesim3.sim3";"1758613306.564056796";"./src/turtle.cpp:update:260"
"Oh no! I hit the wall! (Clamping from [x=-0.010949, y=9.103050])";"30";"turtlesim2.sim2";"1758613306.564066754";"./src/turtle.cpp:update:260"
"Oh no! I hit the wall! (Clamping from [x=-0.010949, y=9.193256])";"30";"turtlesim3.sim3";"1758613306.548778411";"./src/turtle.cpp:update:260"
"Oh no! I hit the wall! (Clamping from [x=-0.010949, y=6.124740])";"30";"turtlesim1.sim1";"1758613306.548649175";"./src/turtle.cpp:update:260"
"Oh no! I hit the wall! (Clamping from [x=-0.010949, y=9.133118])";"30";"turtlesim2.sim2";"1758613306.548324209";"./src/turtle.cpp:update:260"
"Oh no! I hit the wall! (Clamping from [x=-0.010949, y=9.163187])";"30";"turtlesim2.sim2";"1758613306.532908613";"./src/turtle.cpp:update:260"
"Oh no! I hit the wall! (Clamping from [x=-0.010949, y=6.154808])";"30";"turtlesim1.sim1";"1758613306.532465272";"./src/turtle.cpp:update:260"
"Oh no! I hit the wall! (Clamping from [x=-0.010949, y=9.223324])";"30";"turtlesim3.sim3";"1758613306.532426442";"./src/turtle.cpp:update:260"
"Oh no! I hit the wall! (Clamping from [x=-0.010949, y=9.193256])";"30";"turtlesim2.sim2";"1758613306.516643428";"./src/turtle.cpp:update:260"
"Oh no! I hit the wall! (Clamping from [x=-0.010949, y=9.253393])";"30";"turtlesim3.sim3";"1758613306.516070986";"./src/turtle.cpp:update:260"
"Oh no! I hit the wall! (Clamping from [x=-0.010949, y=6.184877])";"30";"turtlesim1.sim1";"1758613306.515963060";"./src/turtle.cpp:update:260"
"Oh no! I hit the wall! (Clamping from [x=-0.010949, y=9.283462])";"30";"turtlesim3.sim3";"1758613306.500842808";"./src/turtle.cpp:update:260"
"Oh no! I hit the wall! (Clamping from [x=-0.010949, y=6.214946])";"30";"turtlesim1.sim1";"1758613306.500811331";"./src/turtle.cpp:update:260"
"Oh no! I hit the wall! (Clamping from [x=-0.010949, y=9.223324])";"30";"turtlesim2.sim2";"1758613306.500190540";"./src/turtle.cpp:update:260"
"Oh no! I hit the wall! (Clamping from [x=-0.010949, y=6.245014])";"30";"turtlesim1.sim1";"1758613306.484957799";"./src/turtle.cpp:update:260"
"Oh no! I hit the wall! (Clamping from [x=-0.010949, y=9.253393])";"30";"turtlesim2.sim2";"1758613306.484616682";"./src/turtle.cpp:update:260"
"Oh no! I hit the wall! (Clamping from [x=-0.010949, y=9.313530])";"30";"turtlesim3.sim3";"1758613306.484144385";"./src/turtle.cpp:update:260"
"Oh no! I hit the wall! (Clamping from [x=-0.010949, y=6.275083])";"30";"turtlesim1.sim1";"1758613306.468654408";"./src/turtle.cpp:update:260"
"Oh no! I hit the wall! (Clamping from [x=-0.010949, y=9.343599])";"30";"turtlesim3.sim3";"1758613306.468605606";"./src/turtle.cpp:update:260"
"Oh no! I hit the wall! (Clamping from [x=-0.010949, y=9.283462])";"30";"turtlesim2.sim2";"1758613306.468060971";"./src/turtle.cpp:update:260"
"Oh no! I hit the wall! (Clamping from [x=-0.010949, y=9.373668])";"30";"turtlesim3.sim3";"1758613306.452182317";"./src/turtle.cpp:update:260"
"Oh no! I hit the wall! (Clamping from [x=-0.010949, y=6.305152])";"30";"turtlesim1.sim1";"1758613306.452179829";"./src/turtle.cpp:update:260"
"Oh no! I hit the wall! (Clamping from [x=-0.010949, y=9.313530])";"30";"turtlesim2.sim2";"1758613306.452182179";"./src/turtle.cpp:update:260"
"Oh no! I hit the wall! (Clamping from [x=-0.010949, y=9.343599])";"30";"turtlesim2.sim2";"1758613306.436796875";"./src/turtle.cpp:update:260"
"Oh no! I hit the wall! (Clamping from [x=-0.010949, y=6.335220])";"30";"turtlesim1.sim1";"1758613306.436850215";"./src/turtle.cpp:update:260"
"Oh no! I hit the wall! (Clamping from [x=-0.010949, y=9.403736])";"30";"turtlesim3.sim3";"1758613306.436835241";"./src/turtle.cpp:update:260"
"Oh no! I hit the wall! (Clamping from [x=-0.010949, y=9.373668])";"30";"turtlesim2.sim2";"1758613306.420493236";"./src/turtle.cpp:update:260"
"Oh no! I hit the wall! (Clamping from [x=-0.010949, y=6.365289])";"30";"turtlesim1.sim1";"1758613306.420523286";"./src/turtle.cpp:update:260"
"Oh no! I hit the wall! (Clamping from [x=-0.010949, y=9.433805])";"30";"turtlesim3.sim3";"1758613306.420523932";"./src/turtle.cpp:update:260"
"Oh no! I hit the wall! (Clamping from [x=-0.010949, y=9.463874])";"30";"turtlesim3.sim3";"1758613306.404353837";"./src/turtle.cpp:update:260"
"Oh no! I hit the wall! (Clamping from [x=-0.010949, y=6.395358])";"30";"turtlesim1.sim1";"1758613306.404147470";"./src/turtle.cpp:update:260"
"Oh no! I hit the wall! (Clamping from [x=-0.010949, y=9.403736])";"30";"turtlesim2.sim2";"1758613306.403933198";"./src/turtle.cpp:update:260"
"Oh no! I hit the wall! (Clamping from [x=-0.010949, y=9.493942])";"30";"turtlesim3.sim3";"1758613306.388883679";"./src/turtle.cpp:update:260"
"Oh no! I hit the wall! (Clamping from [x=-0.010949, y=6.425426])";"30";"turtlesim1.sim1";"1758613306.388383029";"./src/turtle.cpp:update:260"
"Oh no! I hit the wall! (Clamping from [x=-0.010949, y=9.433805])";"30";"turtlesim2.sim2";"1758613306.388201736";"./src/turtle.cpp:update:260"
"Oh no! I hit the wall! (Clamping from [x=-0.010949, y=6.455495])";"30";"turtlesim1.sim1";"1758613306.372798949";"./src/turtle.cpp:update:260"
"Oh no! I hit the wall! (Clamping from [x=-0.010949, y=9.463874])";"30";"turtlesim2.sim2";"1758613306.372640378";"./src/turtle.cpp:update:260"
"Oh no! I hit the wall! (Clamping from [x=-0.010949, y=9.524011])";"30";"turtlesim3.sim3";"1758613306.372208315";"./src/turtle.cpp:update:260"
"Oh no! I hit the wall! (Clamping from [x=-0.010949, y=9.493942])";"30";"turtlesim2.sim2";"1758613306.356928036";"./src/turtle.cpp:update:260"
"Oh no! I hit the wall! (Clamping from [x=-0.010949, y=9.554080])";"30";"turtlesim3.sim3";"1758613306.356603339";"./src/turtle.cpp:update:260"
"Oh no! I hit the wall! (Clamping from [x=-0.010949, y=6.485564])";"30";"turtlesim1.sim1";"1758613306.356145796";"./src/turtle.cpp:update:260"
"Oh no! I hit the wall! (Clamping from [x=-0.010949, y=9.524011])";"30";"turtlesim2.sim2";"1758613306.340507893";"./src/turtle.cpp:update:260"
"Oh no! I hit the wall! (Clamping from [x=-0.010949, y=9.584148])";"30";"turtlesim3.sim3";"1758613306.340425853";"./src/turtle.cpp:update:260"
"Oh no! I hit the wall! (Clamping from [x=-0.010949, y=6.515632])";"30";"turtlesim1.sim1";"1758613306.339852021";"./src/turtle.cpp:update:260"
"Oh no! I hit the wall! (Clamping from [x=-0.010949, y=6.545701])";"30";"turtlesim1.sim1";"1758613306.324996177";"./src/turtle.cpp:update:260"
"Oh no! I hit the wall! (Clamping from [x=-0.010949, y=9.614217])";"30";"turtlesim3.sim3";"1758613306.324987504";"./src/turtle.cpp:update:260"
"Oh no! I hit the wall! (Clamping from [x=-0.010949, y=9.554080])";"30";"turtlesim2.sim2";"1758613306.324847261";"./src/turtle.cpp:update:260"
"Oh no! I hit the wall! (Clamping from [x=-0.010949, y=6.575770])";"30";"turtlesim1.sim1";"1758613306.308503254";"./src/turtle.cpp:update:260"
"Oh no! I hit the wall! (Clamping from [x=-0.010949, y=9.584148])";"30";"turtlesim2.sim2";"1758613306.308076431";"./src/turtle.cpp:update:260"
"Oh no! I hit the wall! (Clamping from [x=-0.010949, y=9.644286])";"30";"turtlesim3.sim3";"1758613306.308010616";"./src/turtle.cpp:update:260"
"Oh no! I hit the wall! (Clamping from [x=-0.010949, y=6.605838])";"30";"turtlesim1.sim1";"1758613306.292454762";"./src/turtle.cpp:update:260"
"Oh no! I hit the wall! (Clamping from [x=-0.010949, y=9.674354])";"30";"turtlesim3.sim3";"1758613306.292357882";"./src/turtle.cpp:update:260"
"Oh no! I hit the wall! (Clamping from [x=-0.010949, y=9.614217])";"30";"turtlesim2.sim2";"1758613306.292383790";"./src/turtle.cpp:update:260"
"Oh no! I hit the wall! (Clamping from [x=-0.010949, y=9.644286])";"30";"turtlesim2.sim2";"1758613306.276769326";"./src/turtle.cpp:update:260"
"Oh no! I hit the wall! (Clamping from [x=-0.010949, y=6.635907])";"30";"turtlesim1.sim1";"1758613306.276060460";"./src/turtle.cpp:update:260"
"Oh no! I hit the wall! (Clamping from [x=-0.010949, y=9.704423])";"30";"turtlesim3.sim3";"1758613306.275956395";"./src/turtle.cpp:update:260"
"Oh no! I hit the wall! (Clamping from [x=-0.010949, y=9.674354])";"30";"turtlesim2.sim2";"1758613306.260827715";"./src/turtle.cpp:update:260"
"Oh no! I hit the wall! (Clamping from [x=-0.010949, y=9.734492])";"30";"turtlesim3.sim3";"1758613306.260593436";"./src/turtle.cpp:update:260"
"Oh no! I hit the wall! (Clamping from [x=-0.010949, y=6.665976])";"30";"turtlesim1.sim1";"1758613306.260533410";"./src/turtle.cpp:update:260"
"Oh no! I hit the wall! (Clamping from [x=-0.010949, y=6.696044])";"30";"turtlesim1.sim1";"1758613306.244959067";"./src/turtle.cpp:update:260"
"Oh no! I hit the wall! (Clamping from [x=-0.010949, y=9.704423])";"30";"turtlesim2.sim2";"1758613306.244573455";"./src/turtle.cpp:update:260"
"Oh no! I hit the wall! (Clamping from [x=-0.010949, y=9.764560])";"30";"turtlesim3.sim3";"1758613306.244504167";"./src/turtle.cpp:update:260"
"Oh no! I hit the wall! (Clamping from [x=-0.010949, y=6.726113])";"30";"turtlesim1.sim1";"1758613306.228702877";"./src/turtle.cpp:update:260"
"Oh no! I hit the wall! (Clamping from [x=-0.010949, y=9.734492])";"30";"turtlesim2.sim2";"1758613306.228346262";"./src/turtle.cpp:update:260"
"Oh no! I hit the wall! (Clamping from [x=-0.010949, y=9.794629])";"30";"turtlesim3.sim3";"1758613306.228346287";"./src/turtle.cpp:update:260"
"Oh no! I hit the wall! (Clamping from [x=-0.010949, y=6.756182])";"30";"turtlesim1.sim1";"1758613306.212178507";"./src/turtle.cpp:update:260"
"Oh no! I hit the wall! (Clamping from [x=-0.010949, y=9.764560])";"30";"turtlesim2.sim2";"1758613306.212136976";"./src/turtle.cpp:update:260"
"Oh no! I hit the wall! (Clamping from [x=-0.010949, y=9.824698])";"30";"turtlesim3.sim3";"1758613306.212137099";"./src/turtle.cpp:update:260"
"Oh no! I hit the wall! (Clamping from [x=-0.010949, y=6.786250])";"30";"turtlesim1.sim1";"1758613306.196575336";"./src/turtle.cpp:update:260"
"Oh no! I hit the wall! (Clamping from [x=-0.010949, y=9.794629])";"30";"turtlesim2.sim2";"1758613306.195908008";"./src/turtle.cpp:update:260"
"Oh no! I hit the wall! (Clamping from [x=-0.010949, y=9.854766])";"30";"turtlesim3.sim3";"1758613306.195907690";"./src/turtle.cpp:update:260"
"Oh no! I hit the wall! (Clamping from [x=-0.010949, y=6.816319])";"30";"turtlesim1.sim1";"1758613306.180962517";"./src/turtle.cpp:update:260"
"Oh no! I hit the wall! (Clamping from [x=-0.010949, y=9.884835])";"30";"turtlesim3.sim3";"1758613306.180580306";"./src/turtle.cpp:update:260"
"Oh no! I hit the wall! (Clamping from [x=-0.010949, y=9.824698])";"30";"turtlesim2.sim2";"1758613306.180312889";"./src/turtle.cpp:update:260"
"Oh no! I hit the wall! (Clamping from [x=-0.010949, y=6.846387])";"30";"turtlesim1.sim1";"1758613306.164591069";"./src/turtle.cpp:update:260"
"Oh no! I hit the wall! (Clamping from [x=-0.010949, y=9.914903])";"30";"turtlesim3.sim3";"1758613306.164443692";"./src/turtle.cpp:update:260"
"Oh no! I hit the wall! (Clamping from [x=-0.010949, y=9.854766])";"30";"turtlesim2.sim2";"1758613306.163957055";"./src/turtle.cpp:update:260"
"Oh no! I hit the wall! (Clamping from [x=-0.010949, y=9.884835])";"30";"turtlesim2.sim2";"1758613306.148567430";"./src/turtle.cpp:update:260"
"Oh no! I hit the wall! (Clamping from [x=-0.010949, y=6.876456])";"30";"turtlesim1.sim1";"1758613306.148191461";"./src/turtle.cpp:update:260"
"Oh no! I hit the wall! (Clamping from [x=-0.010949, y=9.944972])";"30";"turtlesim3.sim3";"1758613306.148131981";"./src/turtle.cpp:update:260"
"Oh no! I hit the wall! (Clamping from [x=-0.010949, y=6.906525])";"30";"turtlesim1.sim1";"1758613306.132900001";"./src/turtle.cpp:update:260"
"Oh no! I hit the wall! (Clamping from [x=-0.010949, y=9.975041])";"30";"turtlesim3.sim3";"1758613306.132620925";"./src/turtle.cpp:update:260"
"Oh no! I hit the wall! (Clamping from [x=-0.010949, y=9.914903])";"30";"turtlesim2.sim2";"1758613306.132109176";"./src/turtle.cpp:update:260"
"Oh no! I hit the wall! (Clamping from [x=-0.010949, y=9.944972])";"30";"turtlesim2.sim2";"1758613306.117508589";"./src/turtle.cpp:update:260"
"Oh no! I hit the wall! (Clamping from [x=-0.010949, y=6.936593])";"30";"turtlesim1.sim1";"1758613306.116377689";"./src/turtle.cpp:update:260"
"Oh no! I hit the wall! (Clamping from [x=-0.010949, y=10.005109])";"30";"turtlesim3.sim3";"1758613306.116390470";"./src/turtle.cpp:update:260"
"Oh no! I hit the wall! (Clamping from [x=-0.010949, y=6.966662])";"30";"turtlesim1.sim1";"1758613306.100972308";"./src/turtle.cpp:update:260"
"Oh no! I hit the wall! (Clamping from [x=-0.010949, y=10.035178])";"30";"turtlesim3.sim3";"1758613306.100922571";"./src/turtle.cpp:update:260"
"Oh no! I hit the wall! (Clamping from [x=-0.010949, y=9.975041])";"30";"turtlesim2.sim2";"1758613306.100923125";"./src/turtle.cpp:update:260"
"Oh no! I hit the wall! (Clamping from [x=-0.010949, y=10.005109])";"30";"turtlesim2.sim2";"1758613306.084260912";"./src/turtle.cpp:update:260"
"Oh no! I hit the wall! (Clamping from [x=-0.010949, y=6.996731])";"30";"turtlesim1.sim1";"1758613306.084189086";"./src/turtle.cpp:update:260"
"Oh no! I hit the wall! (Clamping from [x=-0.010949, y=10.065247])";"30";"turtlesim3.sim3";"1758613306.084140461";"./src/turtle.cpp:update:260"
"Oh no! I hit the wall! (Clamping from [x=-0.010949, y=10.035178])";"30";"turtlesim2.sim2";"1758613306.068666314";"./src/turtle.cpp:update:260"
"Oh no! I hit the wall! (Clamping from [x=-0.010949, y=7.026799])";"30";"turtlesim1.sim1";"1758613306.068559793";"./src/turtle.cpp:update:260"
"Oh no! I hit the wall! (Clamping from [x=-0.010949, y=10.095315])";"30";"turtlesim3.sim3";"1758613306.068517692";"./src/turtle.cpp:update:260"
"Oh no! I hit the wall! (Clamping from [x=-0.010949, y=10.065247])";"30";"turtlesim2.sim2";"1758613306.053049825";"./src/turtle.cpp:update:260"
"Oh no! I hit the wall! (Clamping from [x=-0.010949, y=10.125384])";"30";"turtlesim3.sim3";"1758613306.052900370";"./src/turtle.cpp:update:260"
"Oh no! I hit the wall! (Clamping from [x=-0.010949, y=7.056868])";"30";"turtlesim1.sim1";"1758613306.052607893";"./src/turtle.cpp:update:260"
"Oh no! I hit the wall! (Clamping from [x=-0.010949, y=7.086937])";"30";"turtlesim1.sim1";"1758613306.036382595";"./src/turtle.cpp:update:260"
"Oh no! I hit the wall! (Clamping from [x=-0.010949, y=10.155453])";"30";"turtlesim3.sim3";"1758613306.036338576";"./src/turtle.cpp:update:260"
"Oh no! I hit the wall! (Clamping from [x=-0.010949, y=10.095315])";"30";"turtlesim2.sim2";"1758613306.036341935";"./src/turtle.cpp:update:260"
"Oh no! I hit the wall! (Clamping from [x=-0.010949, y=7.117005])";"30";"turtlesim1.sim1";"1758613306.020193350";"./src/turtle.cpp:update:260"
"Oh no! I hit the wall! (Clamping from [x=-0.010949, y=10.185521])";"30";"turtlesim3.sim3";"1758613306.020052693";"./src/turtle.cpp:update:260"
"Oh no! I hit the wall! (Clamping from [x=-0.010949, y=10.125384])";"30";"turtlesim2.sim2";"1758613306.019974796";"./src/turtle.cpp:update:260"
"Oh no! I hit the wall! (Clamping from [x=-0.010949, y=10.155453])";"30";"turtlesim2.sim2";"1758613306.004754789";"./src/turtle.cpp:update:260"
"Oh no! I hit the wall! (Clamping from [x=-0.010949, y=10.215590])";"30";"turtlesim3.sim3";"1758613306.004615988";"./src/turtle.cpp:update:260"
"Oh no! I hit the wall! (Clamping from [x=-0.010949, y=7.147074])";"30";"turtlesim1.sim1";"1758613306.004538728";"./src/turtle.cpp:update:260"
"Oh no! I hit the wall! (Clamping from [x=-0.010949, y=7.177143])";"30";"turtlesim1.sim1";"1758613305.989041017";"./src/turtle.cpp:update:260"
"Oh no! I hit the wall! (Clamping from [x=-0.010949, y=10.245659])";"30";"turtlesim3.sim3";"1758613305.988453269";"./src/turtle.cpp:update:260"
"Oh no! I hit the wall! (Clamping from [x=-0.010949, y=10.185521])";"30";"turtlesim2.sim2";"1758613305.988353071";"./src/turtle.cpp:update:260"
"Oh no! I hit the wall! (Clamping from [x=-0.010949, y=7.207211])";"30";"turtlesim1.sim1";"1758613305.973203851";"./src/turtle.cpp:update:260"
"Oh no! I hit the wall! (Clamping from [x=-0.010949, y=10.275727])";"30";"turtlesim3.sim3";"1758613305.972917978";"./src/turtle.cpp:update:260"
"Oh no! I hit the wall! (Clamping from [x=-0.010949, y=10.215590])";"30";"turtlesim2.sim2";"1758613305.972329065";"./src/turtle.cpp:update:260"
"Oh no! I hit the wall! (Clamping from [x=-0.010949, y=7.237280])";"30";"turtlesim1.sim1";"1758613305.957195174";"./src/turtle.cpp:update:260"
"Oh no! I hit the wall! (Clamping from [x=-0.010949, y=10.245659])";"30";"turtlesim2.sim2";"1758613305.956467992";"./src/turtle.cpp:update:260"
"Oh no! I hit the wall! (Clamping from [x=-0.010949, y=10.305796])";"30";"turtlesim3.sim3";"1758613305.956145422";"./src/turtle.cpp:update:260"
"Oh no! I hit the wall! (Clamping from [x=-0.010949, y=10.275727])";"30";"turtlesim2.sim2";"1758613305.940891029";"./src/turtle.cpp:update:260"
"Oh no! I hit the wall! (Clamping from [x=-0.010949, y=10.335865])";"30";"turtlesim3.sim3";"1758613305.940576507";"./src/turtle.cpp:update:260"
"Oh no! I hit the wall! (Clamping from [x=-0.010949, y=7.267349])";"30";"turtlesim1.sim1";"1758613305.940208634";"./src/turtle.cpp:update:260"
"Oh no! I hit the wall! (Clamping from [x=-0.010949, y=7.297417])";"30";"turtlesim1.sim1";"1758613305.925154972";"./src/turtle.cpp:update:260"
"Oh no! I hit the wall! (Clamping from [x=-0.010949, y=10.365933])";"30";"turtlesim3.sim3";"1758613305.924783519";"./src/turtle.cpp:update:260"
"Oh no! I hit the wall! (Clamping from [x=-0.010949, y=10.305796])";"30";"turtlesim2.sim2";"1758613305.924741361";"./src/turtle.cpp:update:260"
"Oh no! I hit the wall! (Clamping from [x=-0.010949, y=7.327486])";"30";"turtlesim1.sim1";"1758613305.908783913";"./src/turtle.cpp:update:260"
"Oh no! I hit the wall! (Clamping from [x=-0.010949, y=10.396002])";"30";"turtlesim3.sim3";"1758613305.908624460";"./src/turtle.cpp:update:260"
"Oh no! I hit the wall! (Clamping from [x=-0.010949, y=10.335865])";"30";"turtlesim2.sim2";"1758613305.908242767";"./src/turtle.cpp:update:260"
"Oh no! I hit the wall! (Clamping from [x=-0.010949, y=10.365933])";"30";"turtlesim2.sim2";"1758613305.892878729";"./src/turtle.cpp:update:260"
"Oh no! I hit the wall! (Clamping from [x=-0.010949, y=10.426071])";"30";"turtlesim3.sim3";"1758613305.892783832";"./src/turtle.cpp:update:260"
"Oh no! I hit the wall! (Clamping from [x=-0.010949, y=7.357555])";"30";"turtlesim1.sim1";"1758613305.892328798";"./src/turtle.cpp:update:260"
"Oh no! I hit the wall! (Clamping from [x=-0.010949, y=7.387623])";"30";"turtlesim1.sim1";"1758613305.876832446";"./src/turtle.cpp:update:260"
"Oh no! I hit the wall! (Clamping from [x=-0.010949, y=10.456139])";"30";"turtlesim3.sim3";"1758613305.876541177";"./src/turtle.cpp:update:260"
"Oh no! I hit the wall! (Clamping from [x=-0.010949, y=10.396002])";"30";"turtlesim2.sim2";"1758613305.876546824";"./src/turtle.cpp:update:260"
"Oh no! I hit the wall! (Clamping from [x=-0.010949, y=7.417692])";"30";"turtlesim1.sim1";"1758613305.860141541";"./src/turtle.cpp:update:260"
"Oh no! I hit the wall! (Clamping from [x=-0.010949, y=10.426071])";"30";"turtlesim2.sim2";"1758613305.860127430";"./src/turtle.cpp:update:260"
"Oh no! I hit the wall! (Clamping from [x=-0.010949, y=10.486208])";"30";"turtlesim3.sim3";"1758613305.859972312";"./src/turtle.cpp:update:260"
"Oh no! I hit the wall! (Clamping from [x=-0.010949, y=7.447761])";"30";"turtlesim1.sim1";"1758613305.844330766";"./src/turtle.cpp:update:260"
"Oh no! I hit the wall! (Clamping from [x=-0.010949, y=10.456139])";"30";"turtlesim2.sim2";"1758613305.844220842";"./src/turtle.cpp:update:260"
"Oh no! I hit the wall! (Clamping from [x=-0.010949, y=7.477829])";"30";"turtlesim1.sim1";"1758613305.828542830";"./src/turtle.cpp:update:260"
"Oh no! I hit the wall! (Clamping from [x=-0.010949, y=10.486208])";"30";"turtlesim2.sim2";"1758613305.828340571";"./src/turtle.cpp:update:260"
"Oh no! I hit the wall! (Clamping from [x=-0.010949, y=7.507898])";"30";"turtlesim1.sim1";"1758613305.812423574";"./src/turtle.cpp:update:260"
"Oh no! I hit the wall! (Clamping from [x=-0.030732, y=10.516277])";"30";"turtlesim3.sim3";"1758613305.092394088";"./src/turtle.cpp:update:260"
"Oh no! I hit the wall! (Clamping from [x=-0.030732, y=10.507359])";"30";"turtlesim3.sim3";"1758613305.075917694";"./src/turtle.cpp:update:260"
"Oh no! I hit the wall! (Clamping from [x=-0.030732, y=10.498442])";"30";"turtlesim3.sim3";"1758613305.060669718";"./src/turtle.cpp:update:260"
"Oh no! I hit the wall! (Clamping from [x=-0.030732, y=10.516277])";"30";"turtlesim2.sim2";"1758613305.060386141";"./src/turtle.cpp:update:260"
"Oh no! I hit the wall! (Clamping from [x=-0.030732, y=7.537967])";"30";"turtlesim1.sim1";"1758613305.044241871";"./src/turtle.cpp:update:260"
"Oh no! I hit the wall! (Clamping from [x=-0.030732, y=10.489524])";"30";"turtlesim3.sim3";"1758613305.044198868";"./src/turtle.cpp:update:260"
"Oh no! I hit the wall! (Clamping from [x=-0.030732, y=10.507359])";"30";"turtlesim2.sim2";"1758613305.044206912";"./src/turtle.cpp:update:260"
"Oh no! I hit the wall! (Clamping from [x=-0.030732, y=7.529049])";"30";"turtlesim1.sim1";"1758613305.027982996";"./src/turtle.cpp:update:260"
"Oh no! I hit the wall! (Clamping from [x=-0.030732, y=10.480607])";"30";"turtlesim3.sim3";"1758613305.027946778";"./src/turtle.cpp:update:260"
"Oh no! I hit the wall! (Clamping from [x=-0.030732, y=10.498442])";"30";"turtlesim2.sim2";"1758613305.027946524";"./src/turtle.cpp:update:260"
"Oh no! I hit the wall! (Clamping from [x=-0.030732, y=10.489524])";"30";"turtlesim2.sim2";"1758613305.012945842";"./src/turtle.cpp:update:260"
"Oh no! I hit the wall! (Clamping from [x=-0.030732, y=10.471690])";"30";"turtlesim3.sim3";"1758613305.012821895";"./src/turtle.cpp:update:260"
"Oh no! I hit the wall! (Clamping from [x=-0.030732, y=7.520132])";"30";"turtlesim1.sim1";"1758613305.012548989";"./src/turtle.cpp:update:260"
"Oh no! I hit the wall! (Clamping from [x=-0.030732, y=10.480607])";"30";"turtlesim2.sim2";"1758613304.996741150";"./src/turtle.cpp:update:260"
"Oh no! I hit the wall! (Clamping from [x=-0.030732, y=10.462772])";"30";"turtlesim3.sim3";"1758613304.996700424";"./src/turtle.cpp:update:260"
"Oh no! I hit the wall! (Clamping from [x=-0.030732, y=7.511214])";"30";"turtlesim1.sim1";"1758613304.996069189";"./src/turtle.cpp:update:260"
"Oh no! I hit the wall! (Clamping from [x=-0.030732, y=7.502297])";"30";"turtlesim1.sim1";"1758613304.980682042";"./src/turtle.cpp:update:260"
"Oh no! I hit the wall! (Clamping from [x=-0.030732, y=10.471690])";"30";"turtlesim2.sim2";"1758613304.980429362";"./src/turtle.cpp:update:260"
"Oh no! I hit the wall! (Clamping from [x=-0.030732, y=10.453855])";"30";"turtlesim3.sim3";"1758613304.980447432";"./src/turtle.cpp:update:260"
"Oh no! I hit the wall! (Clamping from [x=-0.030732, y=7.493380])";"30";"turtlesim1.sim1";"1758613304.965054571";"./src/turtle.cpp:update:260"
"Oh no! I hit the wall! (Clamping from [x=-0.030732, y=10.444937])";"30";"turtlesim3.sim3";"1758613304.964907292";"./src/turtle.cpp:update:260"
"Oh no! I hit the wall! (Clamping from [x=-0.030732, y=10.462772])";"30";"turtlesim2.sim2";"1758613304.964867716";"./src/turtle.cpp:update:260"
"Oh no! I hit the wall! (Clamping from [x=-0.030732, y=7.484462])";"30";"turtlesim1.sim1";"1758613304.948480251";"./src/turtle.cpp:update:260"
"Oh no! I hit the wall! (Clamping from [x=-0.030732, y=10.436020])";"30";"turtlesim3.sim3";"1758613304.948374811";"./src/turtle.cpp:update:260"
"Oh no! I hit the wall! (Clamping from [x=-0.030732, y=10.453855])";"30";"turtlesim2.sim2";"1758613304.948145174";"./src/turtle.cpp:update:260"
"Oh no! I hit the wall! (Clamping from [x=-0.030732, y=10.427103])";"30";"turtlesim3.sim3";"1758613304.932961711";"./src/turtle.cpp:update:260"
"Oh no! I hit the wall! (Clamping from [x=-0.030732, y=7.475545])";"30";"turtlesim1.sim1";"1758613304.932894173";"./src/turtle.cpp:update:260"
"Oh no! I hit the wall! (Clamping from [x=-0.030732, y=10.444937])";"30";"turtlesim2.sim2";"1758613304.932532013";"./src/turtle.cpp:update:260"
"Oh no! I hit the wall! (Clamping from [x=-0.030732, y=10.418185])";"30";"turtlesim3.sim3";"1758613304.916718333";"./src/turtle.cpp:update:260"
"Oh no! I hit the wall! (Clamping from [x=-0.030732, y=7.466627])";"30";"turtlesim1.sim1";"1758613304.916645701";"./src/turtle.cpp:update:260"
"Oh no! I hit the wall! (Clamping from [x=-0.030732, y=10.436020])";"30";"turtlesim2.sim2";"1758613304.916049394";"./src/turtle.cpp:update:260"
"Oh no! I hit the wall! (Clamping from [x=-0.030732, y=10.427103])";"30";"turtlesim2.sim2";"1758613304.900861636";"./src/turtle.cpp:update:260"
"Oh no! I hit the wall! (Clamping from [x=-0.030732, y=10.409268])";"30";"turtlesim3.sim3";"1758613304.900740470";"./src/turtle.cpp:update:260"
"Oh no! I hit the wall! (Clamping from [x=-0.030732, y=7.457710])";"30";"turtlesim1.sim1";"1758613304.900085267";"./src/turtle.cpp:update:260"
"Oh no! I hit the wall! (Clamping from [x=-0.030732, y=7.448793])";"30";"turtlesim1.sim1";"1758613304.884830097";"./src/turtle.cpp:update:260"
"Oh no! I hit the wall! (Clamping from [x=-0.030732, y=10.418185])";"30";"turtlesim2.sim2";"1758613304.884490589";"./src/turtle.cpp:update:260"
"Oh no! I hit the wall! (Clamping from [x=-0.030732, y=10.400351])";"30";"turtlesim3.sim3";"1758613304.884184129";"./src/turtle.cpp:update:260"
"Oh no! I hit the wall! (Clamping from [x=-0.030732, y=7.439875])";"30";"turtlesim1.sim1";"1758613304.868324622";"./src/turtle.cpp:update:260"
"Oh no! I hit the wall! (Clamping from [x=-0.030732, y=10.409268])";"30";"turtlesim2.sim2";"1758613304.868210605";"./src/turtle.cpp:update:260"
"Oh no! I hit the wall! (Clamping from [x=-0.030732, y=10.391433])";"30";"turtlesim3.sim3";"1758613304.867990841";"./src/turtle.cpp:update:260"
"Oh no! I hit the wall! (Clamping from [x=-0.030732, y=7.430958])";"30";"turtlesim1.sim1";"1758613304.853188306";"./src/turtle.cpp:update:260"
"Oh no! I hit the wall! (Clamping from [x=-0.030732, y=10.382516])";"30";"turtlesim3.sim3";"1758613304.852575360";"./src/turtle.cpp:update:260"
"Oh no! I hit the wall! (Clamping from [x=-0.030732, y=10.400351])";"30";"turtlesim2.sim2";"1758613304.852577655";"./src/turtle.cpp:update:260"
"Oh no! I hit the wall! (Clamping from [x=-0.030732, y=7.422040])";"30";"turtlesim1.sim1";"1758613304.836612117";"./src/turtle.cpp:update:260"
"Oh no! I hit the wall! (Clamping from [x=-0.030732, y=10.373598])";"30";"turtlesim3.sim3";"1758613304.836333869";"./src/turtle.cpp:update:260"
"Oh no! I hit the wall! (Clamping from [x=-0.030732, y=10.391433])";"30";"turtlesim2.sim2";"1758613304.836056051";"./src/turtle.cpp:update:260"
"Oh no! I hit the wall! (Clamping from [x=-0.030732, y=10.382516])";"30";"turtlesim2.sim2";"1758613304.820456576";"./src/turtle.cpp:update:260"
"Oh no! I hit the wall! (Clamping from [x=-0.030732, y=7.413123])";"30";"turtlesim1.sim1";"1758613304.820089450";"./src/turtle.cpp:update:260"
"Oh no! I hit the wall! (Clamping from [x=-0.030732, y=10.364681])";"30";"turtlesim3.sim3";"1758613304.820094601";"./src/turtle.cpp:update:260"
"Oh no! I hit the wall! (Clamping from [x=-0.030732, y=10.373598])";"30";"turtlesim2.sim2";"1758613304.805012448";"./src/turtle.cpp:update:260"
"Oh no! I hit the wall! (Clamping from [x=-0.030732, y=7.404206])";"30";"turtlesim1.sim1";"1758613304.804885432";"./src/turtle.cpp:update:260"
"Oh no! I hit the wall! (Clamping from [x=-0.030732, y=10.355764])";"30";"turtlesim3.sim3";"1758613304.804831293";"./src/turtle.cpp:update:260"
"Oh no! I hit the wall! (Clamping from [x=-0.030732, y=7.395288])";"30";"turtlesim1.sim1";"1758613304.788527261";"./src/turtle.cpp:update:260"
"Oh no! I hit the wall! (Clamping from [x=-0.030732, y=10.346846])";"30";"turtlesim3.sim3";"1758613304.788513369";"./src/turtle.cpp:update:260"
"Oh no! I hit the wall! (Clamping from [x=-0.030732, y=10.364681])";"30";"turtlesim2.sim2";"1758613304.788238790";"./src/turtle.cpp:update:260"
"Oh no! I hit the wall! (Clamping from [x=-0.030732, y=10.355764])";"30";"turtlesim2.sim2";"1758613304.772793639";"./src/turtle.cpp:update:260"
"Oh no! I hit the wall! (Clamping from [x=-0.030732, y=10.337929])";"30";"turtlesim3.sim3";"1758613304.772301662";"./src/turtle.cpp:update:260"
"Oh no! I hit the wall! (Clamping from [x=-0.030732, y=7.386371])";"30";"turtlesim1.sim1";"1758613304.772235712";"./src/turtle.cpp:update:260"
"Oh no! I hit the wall! (Clamping from [x=-0.030732, y=10.329011])";"30";"turtlesim3.sim3";"1758613304.756679239";"./src/turtle.cpp:update:260"
"Oh no! I hit the wall! (Clamping from [x=-0.030732, y=10.346846])";"30";"turtlesim2.sim2";"1758613304.756525625";"./src/turtle.cpp:update:260"
"Oh no! I hit the wall! (Clamping from [x=-0.030732, y=7.377454])";"30";"turtlesim1.sim1";"1758613304.756567651";"./src/turtle.cpp:update:260"
"Oh no! I hit the wall! (Clamping from [x=-0.030732, y=10.337929])";"30";"turtlesim2.sim2";"1758613304.740841147";"./src/turtle.cpp:update:260"
"Oh no! I hit the wall! (Clamping from [x=-0.030732, y=7.368536])";"30";"turtlesim1.sim1";"1758613304.740431746";"./src/turtle.cpp:update:260"
"Oh no! I hit the wall! (Clamping from [x=-0.030732, y=10.320094])";"30";"turtlesim3.sim3";"1758613304.740394076";"./src/turtle.cpp:update:260"
"Oh no! I hit the wall! (Clamping from [x=-0.030732, y=10.329011])";"30";"turtlesim2.sim2";"1758613304.724678287";"./src/turtle.cpp:update:260"
"Oh no! I hit the wall! (Clamping from [x=-0.030732, y=7.359619])";"30";"turtlesim1.sim1";"1758613304.724084087";"./src/turtle.cpp:update:260"
"Oh no! I hit the wall! (Clamping from [x=-0.030732, y=10.311177])";"30";"turtlesim3.sim3";"1758613304.724043039";"./src/turtle.cpp:update:260"
"Oh no! I hit the wall! (Clamping from [x=-0.030732, y=7.350701])";"30";"turtlesim1.sim1";"1758613304.709688538";"./src/turtle.cpp:update:260"
"Oh no! I hit the wall! (Clamping from [x=-0.030732, y=10.302259])";"30";"turtlesim3.sim3";"1758613304.708642771";"./src/turtle.cpp:update:260"
"Oh no! I hit the wall! (Clamping from [x=-0.030732, y=10.320094])";"30";"turtlesim2.sim2";"1758613304.708184972";"./src/turtle.cpp:update:260"
"Oh no! I hit the wall! (Clamping from [x=-0.030732, y=7.341784])";"30";"turtlesim1.sim1";"1758613304.692770640";"./src/turtle.cpp:update:260"
"Oh no! I hit the wall! (Clamping from [x=-0.030732, y=10.311177])";"30";"turtlesim2.sim2";"1758613304.692423914";"./src/turtle.cpp:update:260"
"Oh no! I hit the wall! (Clamping from [x=-0.030732, y=10.293342])";"30";"turtlesim3.sim3";"1758613304.692212794";"./src/turtle.cpp:update:260"
"Oh no! I hit the wall! (Clamping from [x=-0.030732, y=7.332867])";"30";"turtlesim1.sim1";"1758613304.676648743";"./src/turtle.cpp:update:260"
"Oh no! I hit the wall! (Clamping from [x=-0.030732, y=10.302259])";"30";"turtlesim2.sim2";"1758613304.676171042";"./src/turtle.cpp:update:260"
"Oh no! I hit the wall! (Clamping from [x=-0.030732, y=10.284424])";"30";"turtlesim3.sim3";"1758613304.676018201";"./src/turtle.cpp:update:260"
"Oh no! I hit the wall! (Clamping from [x=-0.030732, y=10.275507])";"30";"turtlesim3.sim3";"1758613304.660697973";"./src/turtle.cpp:update:260"
"Oh no! I hit the wall! (Clamping from [x=-0.030732, y=10.293342])";"30";"turtlesim2.sim2";"1758613304.660593291";"./src/turtle.cpp:update:260"
"Oh no! I hit the wall! (Clamping from [x=-0.030732, y=7.323949])";"30";"turtlesim1.sim1";"1758613304.659975819";"./src/turtle.cpp:update:260"
"Oh no! I hit the wall! (Clamping from [x=-0.030732, y=7.315032])";"30";"turtlesim1.sim1";"1758613304.644741691";"./src/turtle.cpp:update:260"
"Oh no! I hit the wall! (Clamping from [x=-0.030732, y=10.266590])";"30";"turtlesim3.sim3";"1758613304.644656125";"./src/turtle.cpp:update:260"
"Oh no! I hit the wall! (Clamping from [x=-0.030732, y=10.284424])";"30";"turtlesim2.sim2";"1758613304.644059917";"./src/turtle.cpp:update:260"
"Oh no! I hit the wall! (Clamping from [x=-0.030732, y=10.257672])";"30";"turtlesim3.sim3";"1758613304.628572416";"./src/turtle.cpp:update:260"
"Oh no! I hit the wall! (Clamping from [x=-0.030732, y=7.306114])";"30";"turtlesim1.sim1";"1758613304.628518492";"./src/turtle.cpp:update:260"
"Oh no! I hit the wall! (Clamping from [x=-0.030732, y=10.275507])";"30";"turtlesim2.sim2";"1758613304.628446767";"./src/turtle.cpp:update:260"
"Oh no! I hit the wall! (Clamping from [x=-0.030732, y=10.266590])";"30";"turtlesim2.sim2";"1758613304.612813879";"./src/turtle.cpp:update:260"
"Oh no! I hit the wall! (Clamping from [x=-0.030732, y=10.248755])";"30";"turtlesim3.sim3";"1758613304.612472437";"./src/turtle.cpp:update:260"
"Oh no! I hit the wall! (Clamping from [x=-0.030732, y=7.297197])";"30";"turtlesim1.sim1";"1758613304.612030367";"./src/turtle.cpp:update:260"
"Oh no! I hit the wall! (Clamping from [x=-0.030732, y=7.288280])";"30";"turtlesim1.sim1";"1758613304.596804903";"./src/turtle.cpp:update:260"
"Oh no! I hit the wall! (Clamping from [x=-0.030732, y=10.257672])";"30";"turtlesim2.sim2";"1758613304.596192050";"./src/turtle.cpp:update:260"
"Oh no! I hit the wall! (Clamping from [x=-0.030732, y=10.239837])";"30";"turtlesim3.sim3";"1758613304.596212440";"./src/turtle.cpp:update:260"
"Oh no! I hit the wall! (Clamping from [x=-0.030732, y=10.230920])";"30";"turtlesim3.sim3";"1758613304.580832112";"./src/turtle.cpp:update:260"
"Oh no! I hit the wall! (Clamping from [x=-0.030732, y=10.248755])";"30";"turtlesim2.sim2";"1758613304.580263630";"./src/turtle.cpp:update:260"
"Oh no! I hit the wall! (Clamping from [x=-0.030732, y=7.279362])";"30";"turtlesim1.sim1";"1758613304.580170631";"./src/turtle.cpp:update:260"
"Oh no! I hit the wall! (Clamping from [x=-0.030732, y=10.239837])";"30";"turtlesim2.sim2";"1758613304.564705217";"./src/turtle.cpp:update:260"
"Oh no! I hit the wall! (Clamping from [x=-0.030732, y=7.270445])";"30";"turtlesim1.sim1";"1758613304.564493229";"./src/turtle.cpp:update:260"
"Oh no! I hit the wall! (Clamping from [x=-0.030732, y=10.222003])";"30";"turtlesim3.sim3";"1758613304.564460316";"./src/turtle.cpp:update:260"
"Oh no! I hit the wall! (Clamping from [x=-0.030732, y=10.230920])";"30";"turtlesim2.sim2";"1758613304.549079551";"./src/turtle.cpp:update:260"
"Oh no! I hit the wall! (Clamping from [x=-0.030732, y=7.261527])";"30";"turtlesim1.sim1";"1758613304.548709008";"./src/turtle.cpp:update:260"
"Oh no! I hit the wall! (Clamping from [x=-0.030732, y=10.213085])";"30";"turtlesim3.sim3";"1758613304.548479288";"./src/turtle.cpp:update:260"
"Oh no! I hit the wall! (Clamping from [x=-0.030732, y=7.252610])";"30";"turtlesim1.sim1";"1758613304.532668954";"./src/turtle.cpp:update:260"
"Oh no! I hit the wall! (Clamping from [x=-0.030732, y=10.204168])";"30";"turtlesim3.sim3";"1758613304.532074911";"./src/turtle.cpp:update:260"
"Oh no! I hit the wall! (Clamping from [x=-0.030732, y=10.222003])";"30";"turtlesim2.sim2";"1758613304.532041656";"./src/turtle.cpp:update:260"
"Oh no! I hit the wall! (Clamping from [x=-0.030732, y=10.213085])";"30";"turtlesim2.sim2";"1758613304.516999198";"./src/turtle.cpp:update:260"
"Oh no! I hit the wall! (Clamping from [x=-0.030732, y=7.243693])";"30";"turtlesim1.sim1";"1758613304.516457057";"./src/turtle.cpp:update:260"
"Oh no! I hit the wall! (Clamping from [x=-0.030732, y=10.195251])";"30";"turtlesim3.sim3";"1758613304.516271561";"./src/turtle.cpp:update:260"
"Oh no! I hit the wall! (Clamping from [x=-0.030732, y=10.204168])";"30";"turtlesim2.sim2";"1758613304.500562431";"./src/turtle.cpp:update:260"
"Oh no! I hit the wall! (Clamping from [x=-0.030732, y=10.186333])";"30";"turtlesim3.sim3";"1758613304.500424180";"./src/turtle.cpp:update:260"
"Oh no! I hit the wall! (Clamping from [x=-0.030732, y=7.234775])";"30";"turtlesim1.sim1";"1758613304.500424138";"./src/turtle.cpp:update:260"
"Oh no! I hit the wall! (Clamping from [x=-0.030732, y=10.195251])";"30";"turtlesim2.sim2";"1758613304.485041948";"./src/turtle.cpp:update:260"
"Oh no! I hit the wall! (Clamping from [x=-0.030732, y=7.225858])";"30";"turtlesim1.sim1";"1758613304.484457552";"./src/turtle.cpp:update:260"
"Oh no! I hit the wall! (Clamping from [x=-0.020577, y=10.177416])";"30";"turtlesim3.sim3";"1758613304.484161830";"./src/turtle.cpp:update:260"
"Oh no! I hit the wall! (Clamping from [x=-0.030732, y=10.186333])";"30";"turtlesim2.sim2";"1758613304.468978337";"./src/turtle.cpp:update:260"
"Oh no! I hit the wall! (Clamping from [x=-0.030732, y=7.216940])";"30";"turtlesim1.sim1";"1758613304.468184094";"./src/turtle.cpp:update:260"
"Oh no! I hit the wall! (Clamping from [x=-0.030732, y=7.208023])";"30";"turtlesim1.sim1";"1758613304.452486594";"./src/turtle.cpp:update:260"
"Oh no! I hit the wall! (Clamping from [x=-0.020577, y=10.177416])";"30";"turtlesim2.sim2";"1758613304.452142626";"./src/turtle.cpp:update:260"
"Oh no! I hit the wall! (Clamping from [x=-0.030732, y=7.199106])";"30";"turtlesim1.sim1";"1758613304.436682621";"./src/turtle.cpp:update:260"
"Oh no! I hit the wall! (Clamping from [x=-0.030732, y=7.190188])";"30";"turtlesim1.sim1";"1758613304.420751989";"./src/turtle.cpp:update:260"
"Oh no! I hit the wall! (Clamping from [x=-0.030732, y=7.181271])";"30";"turtlesim1.sim1";"1758613304.404950977";"./src/turtle.cpp:update:260"
"Oh no! I hit the wall! (Clamping from [x=-0.030732, y=7.172354])";"30";"turtlesim1.sim1";"1758613304.388216711";"./src/turtle.cpp:update:260"
"Oh no! I hit the wall! (Clamping from [x=-0.030732, y=7.163436])";"30";"turtlesim1.sim1";"1758613304.372757246";"./src/turtle.cpp:update:260"
"Oh no! I hit the wall! (Clamping from [x=-0.030732, y=7.154519])";"30";"turtlesim1.sim1";"1758613304.356418204";"./src/turtle.cpp:update:260"
"Oh no! I hit the wall! (Clamping from [x=-0.030732, y=7.145601])";"30";"turtlesim1.sim1";"1758613304.340260340";"./src/turtle.cpp:update:260"
"Oh no! I hit the wall! (Clamping from [x=-0.030732, y=7.136684])";"30";"turtlesim1.sim1";"1758613304.324073536";"./src/turtle.cpp:update:260"
"Oh no! I hit the wall! (Clamping from [x=-0.030732, y=7.127767])";"30";"turtlesim1.sim1";"1758613304.308591161";"./src/turtle.cpp:update:260"
"Oh no! I hit the wall! (Clamping from [x=-0.030732, y=7.118849])";"30";"turtlesim1.sim1";"1758613304.292846406";"./src/turtle.cpp:update:260"
"Oh no! I hit the wall! (Clamping from [x=-0.030732, y=7.109932])";"30";"turtlesim1.sim1";"1758613304.276384109";"./src/turtle.cpp:update:260"
"Oh no! I hit the wall! (Clamping from [x=-0.030732, y=7.101014])";"30";"turtlesim1.sim1";"1758613304.260888289";"./src/turtle.cpp:update:260"
"Oh no! I hit the wall! (Clamping from [x=-0.030732, y=7.092097])";"30";"turtlesim1.sim1";"1758613304.245017955";"./src/turtle.cpp:update:260"
"Oh no! I hit the wall! (Clamping from [x=-0.030732, y=7.083180])";"30";"turtlesim1.sim1";"1758613304.228443944";"./src/turtle.cpp:update:260"
"Oh no! I hit the wall! (Clamping from [x=-0.030732, y=7.074262])";"30";"turtlesim1.sim1";"1758613304.212210913";"./src/turtle.cpp:update:260"
"Oh no! I hit the wall! (Clamping from [x=-0.030732, y=7.065345])";"30";"turtlesim1.sim1";"1758613304.196310316";"./src/turtle.cpp:update:260"
"Oh no! I hit the wall! (Clamping from [x=-0.030732, y=7.056427])";"30";"turtlesim1.sim1";"1758613304.179914455";"./src/turtle.cpp:update:260"
"Oh no! I hit the wall! (Clamping from [x=-0.030732, y=7.047510])";"30";"turtlesim1.sim1";"1758613304.164373684";"./src/turtle.cpp:update:260"
"Oh no! I hit the wall! (Clamping from [x=-0.030732, y=7.038593])";"30";"turtlesim1.sim1";"1758613304.147908965";"./src/turtle.cpp:update:260"
"Oh no! I hit the wall! (Clamping from [x=-0.030732, y=7.029675])";"30";"turtlesim1.sim1";"1758613304.132785513";"./src/turtle.cpp:update:260"
"Oh no! I hit the wall! (Clamping from [x=-0.030732, y=7.020758])";"30";"turtlesim1.sim1";"1758613304.116315730";"./src/turtle.cpp:update:260"
"Oh no! I hit the wall! (Clamping from [x=-0.030732, y=7.011841])";"30";"turtlesim1.sim1";"1758613304.100890340";"./src/turtle.cpp:update:260"
"Oh no! I hit the wall! (Clamping from [x=-0.030732, y=7.002923])";"30";"turtlesim1.sim1";"1758613304.084274341";"./src/turtle.cpp:update:260"
"Oh no! I hit the wall! (Clamping from [x=-0.030732, y=6.994006])";"30";"turtlesim1.sim1";"1758613304.068961709";"./src/turtle.cpp:update:260"
"Oh no! I hit the wall! (Clamping from [x=-0.030732, y=6.985088])";"30";"turtlesim1.sim1";"1758613304.052456620";"./src/turtle.cpp:update:260"
"Oh no! I hit the wall! (Clamping from [x=-0.030732, y=6.976171])";"30";"turtlesim1.sim1";"1758613304.036373838";"./src/turtle.cpp:update:260"
"Oh no! I hit the wall! (Clamping from [x=-0.030732, y=6.967254])";"30";"turtlesim1.sim1";"1758613304.020670281";"./src/turtle.cpp:update:260"
"Oh no! I hit the wall! (Clamping from [x=-0.030732, y=6.958336])";"30";"turtlesim1.sim1";"1758613304.004465871";"./src/turtle.cpp:update:260"
"Oh no! I hit the wall! (Clamping from [x=-0.030732, y=6.949419])";"30";"turtlesim1.sim1";"1758613303.988930326";"./src/turtle.cpp:update:260"
"Oh no! I hit the wall! (Clamping from [x=-0.030732, y=6.940501])";"30";"turtlesim1.sim1";"1758613303.972058846";"./src/turtle.cpp:update:260"
"Oh no! I hit the wall! (Clamping from [x=-0.030732, y=6.931584])";"30";"turtlesim1.sim1";"1758613303.956749966";"./src/turtle.cpp:update:260"
"Oh no! I hit the wall! (Clamping from [x=-0.030732, y=6.922667])";"30";"turtlesim1.sim1";"1758613303.940174220";"./src/turtle.cpp:update:260"
"Oh no! I hit the wall! (Clamping from [x=-0.030732, y=6.913749])";"30";"turtlesim1.sim1";"1758613303.925210745";"./src/turtle.cpp:update:260"
"Oh no! I hit the wall! (Clamping from [x=-0.030732, y=6.904832])";"30";"turtlesim1.sim1";"1758613303.908824176";"./src/turtle.cpp:update:260"
"Oh no! I hit the wall! (Clamping from [x=-0.030732, y=6.895914])";"30";"turtlesim1.sim1";"1758613303.892552151";"./src/turtle.cpp:update:260"
"Oh no! I hit the wall! (Clamping from [x=-0.030732, y=6.886997])";"30";"turtlesim1.sim1";"1758613303.877140939";"./src/turtle.cpp:update:260"
"Oh no! I hit the wall! (Clamping from [x=-0.030732, y=6.878080])";"30";"turtlesim1.sim1";"1758613303.860788389";"./src/turtle.cpp:update:260"
"Oh no! I hit the wall! (Clamping from [x=-0.030732, y=6.869162])";"30";"turtlesim1.sim1";"1758613303.844061880";"./src/turtle.cpp:update:260"
"Oh no! I hit the wall! (Clamping from [x=-0.030732, y=6.860245])";"30";"turtlesim1.sim1";"1758613303.828063370";"./src/turtle.cpp:update:260"
"Oh no! I hit the wall! (Clamping from [x=-0.030732, y=6.851327])";"30";"turtlesim1.sim1";"1758613303.812697743";"./src/turtle.cpp:update:260"
"Oh no! I hit the wall! (Clamping from [x=-0.030732, y=6.842410])";"30";"turtlesim1.sim1";"1758613303.796532558";"./src/turtle.cpp:update:260"
"Oh no! I hit the wall! (Clamping from [x=-0.030732, y=6.833493])";"30";"turtlesim1.sim1";"1758613303.780303649";"./src/turtle.cpp:update:260"
"Oh no! I hit the wall! (Clamping from [x=-0.030732, y=6.824575])";"30";"turtlesim1.sim1";"1758613303.764609585";"./src/turtle.cpp:update:260"
"Oh no! I hit the wall! (Clamping from [x=-0.030732, y=6.815658])";"30";"turtlesim1.sim1";"1758613303.748371865";"./src/turtle.cpp:update:260"
"Oh no! I hit the wall! (Clamping from [x=-0.030732, y=6.806741])";"30";"turtlesim1.sim1";"1758613303.732197958";"./src/turtle.cpp:update:260"
"Oh no! I hit the wall! (Clamping from [x=-0.030732, y=6.797823])";"30";"turtlesim1.sim1";"1758613303.715920570";"./src/turtle.cpp:update:260"
"Oh no! I hit the wall! (Clamping from [x=-0.030732, y=6.788906])";"30";"turtlesim1.sim1";"1758613303.700353637";"./src/turtle.cpp:update:260"
"Oh no! I hit the wall! (Clamping from [x=-0.030732, y=6.779988])";"30";"turtlesim1.sim1";"1758613303.684555361";"./src/turtle.cpp:update:260"
"Oh no! I hit the wall! (Clamping from [x=-0.030732, y=6.771071])";"30";"turtlesim1.sim1";"1758613303.668100658";"./src/turtle.cpp:update:260"
"Oh no! I hit the wall! (Clamping from [x=-0.030732, y=6.762154])";"30";"turtlesim1.sim1";"1758613303.652574364";"./src/turtle.cpp:update:260"
"Oh no! I hit the wall! (Clamping from [x=-0.030732, y=6.753236])";"30";"turtlesim1.sim1";"1758613303.636271177";"./src/turtle.cpp:update:260"
"Oh no! I hit the wall! (Clamping from [x=-0.030732, y=6.744319])";"30";"turtlesim1.sim1";"1758613303.620789444";"./src/turtle.cpp:update:260"
"Oh no! I hit the wall! (Clamping from [x=-0.030732, y=6.735401])";"30";"turtlesim1.sim1";"1758613303.604440197";"./src/turtle.cpp:update:260"
"Oh no! I hit the wall! (Clamping from [x=-0.030732, y=6.726484])";"30";"turtlesim1.sim1";"1758613303.589008886";"./src/turtle.cpp:update:260"
"Oh no! I hit the wall! (Clamping from [x=-0.030732, y=6.717567])";"30";"turtlesim1.sim1";"1758613303.572326627";"./src/turtle.cpp:update:260"
"Oh no! I hit the wall! (Clamping from [x=-0.030732, y=6.708649])";"30";"turtlesim1.sim1";"1758613303.556201459";"./src/turtle.cpp:update:260"
"Oh no! I hit the wall! (Clamping from [x=-0.030732, y=6.699732])";"30";"turtlesim1.sim1";"1758613303.540661662";"./src/turtle.cpp:update:260"
"Oh no! I hit the wall! (Clamping from [x=-0.030732, y=6.690814])";"30";"turtlesim1.sim1";"1758613303.524638182";"./src/turtle.cpp:update:260"
"Oh no! I hit the wall! (Clamping from [x=-0.030732, y=6.681897])";"30";"turtlesim1.sim1";"1758613303.508055604";"./src/turtle.cpp:update:260"
"Oh no! I hit the wall! (Clamping from [x=-0.030732, y=6.672980])";"30";"turtlesim1.sim1";"1758613303.492652657";"./src/turtle.cpp:update:260"
"Oh no! I hit the wall! (Clamping from [x=-0.030732, y=6.664062])";"30";"turtlesim1.sim1";"1758613303.476241419";"./src/turtle.cpp:update:260"
"Oh no! I hit the wall! (Clamping from [x=-0.030732, y=6.655145])";"30";"turtlesim1.sim1";"1758613303.460583369";"./src/turtle.cpp:update:260"
"Oh no! I hit the wall! (Clamping from [x=-0.030732, y=6.646228])";"30";"turtlesim1.sim1";"1758613303.444689316";"./src/turtle.cpp:update:260"
"Oh no! I hit the wall! (Clamping from [x=-0.030732, y=6.637310])";"30";"turtlesim1.sim1";"1758613303.428747585";"./src/turtle.cpp:update:260"
"Oh no! I hit the wall! (Clamping from [x=-0.030732, y=6.628393])";"30";"turtlesim1.sim1";"1758613303.412372763";"./src/turtle.cpp:update:260"
"Oh no! I hit the wall! (Clamping from [x=-0.030732, y=6.619475])";"30";"turtlesim1.sim1";"1758613303.396054285";"./src/turtle.cpp:update:260"
"Oh no! I hit the wall! (Clamping from [x=-0.030732, y=6.610558])";"30";"turtlesim1.sim1";"1758613303.380376943";"./src/turtle.cpp:update:260"
"Oh no! I hit the wall! (Clamping from [x=-0.030732, y=6.601641])";"30";"turtlesim1.sim1";"1758613303.364614901";"./src/turtle.cpp:update:260"
"Oh no! I hit the wall! (Clamping from [x=-0.030732, y=6.592723])";"30";"turtlesim1.sim1";"1758613303.348076039";"./src/turtle.cpp:update:260"
"Oh no! I hit the wall! (Clamping from [x=-0.030732, y=6.583806])";"30";"turtlesim1.sim1";"1758613303.332533142";"./src/turtle.cpp:update:260"
"Oh no! I hit the wall! (Clamping from [x=-0.030732, y=6.574888])";"30";"turtlesim1.sim1";"1758613303.317208843";"./src/turtle.cpp:update:260"
"Oh no! I hit the wall! (Clamping from [x=-0.030732, y=6.565971])";"30";"turtlesim1.sim1";"1758613303.300542206";"./src/turtle.cpp:update:260"
"Oh no! I hit the wall! (Clamping from [x=-0.030732, y=6.557054])";"30";"turtlesim1.sim1";"1758613303.284845197";"./src/turtle.cpp:update:260"
"Oh no! I hit the wall! (Clamping from [x=-0.030732, y=6.548136])";"30";"turtlesim1.sim1";"1758613303.268119485";"./src/turtle.cpp:update:260"
"Oh no! I hit the wall! (Clamping from [x=-0.030732, y=6.539219])";"30";"turtlesim1.sim1";"1758613303.252628954";"./src/turtle.cpp:update:260"
"Oh no! I hit the wall! (Clamping from [x=-0.030732, y=6.530301])";"30";"turtlesim1.sim1";"1758613303.236152719";"./src/turtle.cpp:update:260"
"Oh no! I hit the wall! (Clamping from [x=-0.030732, y=6.521384])";"30";"turtlesim1.sim1";"1758613303.219987631";"./src/turtle.cpp:update:260"
"Oh no! I hit the wall! (Clamping from [x=-0.030732, y=6.512467])";"30";"turtlesim1.sim1";"1758613303.204777381";"./src/turtle.cpp:update:260"
"Oh no! I hit the wall! (Clamping from [x=-0.030732, y=6.503549])";"30";"turtlesim1.sim1";"1758613303.188447142";"./src/turtle.cpp:update:260"
"Oh no! I hit the wall! (Clamping from [x=-0.030732, y=6.494632])";"30";"turtlesim1.sim1";"1758613303.172122879";"./src/turtle.cpp:update:260"
"Oh no! I hit the wall! (Clamping from [x=-0.030732, y=6.485714])";"30";"turtlesim1.sim1";"1758613303.156356883";"./src/turtle.cpp:update:260"
"Oh no! I hit the wall! (Clamping from [x=-0.030732, y=6.476797])";"30";"turtlesim1.sim1";"1758613303.140720851";"./src/turtle.cpp:update:260"
"Oh no! I hit the wall! (Clamping from [x=-0.030732, y=6.467880])";"30";"turtlesim1.sim1";"1758613303.125024079";"./src/turtle.cpp:update:260"
"Oh no! I hit the wall! (Clamping from [x=-0.030732, y=6.458962])";"30";"turtlesim1.sim1";"1758613303.108086511";"./src/turtle.cpp:update:260"
"Oh no! I hit the wall! (Clamping from [x=-0.030732, y=6.450045])";"30";"turtlesim1.sim1";"1758613303.092490461";"./src/turtle.cpp:update:260"
"Oh no! I hit the wall! (Clamping from [x=-0.030732, y=6.441128])";"30";"turtlesim1.sim1";"1758613303.076260225";"./src/turtle.cpp:update:260"
"Oh no! I hit the wall! (Clamping from [x=-0.030732, y=6.432210])";"30";"turtlesim1.sim1";"1758613303.061064733";"./src/turtle.cpp:update:260"
"Oh no! I hit the wall! (Clamping from [x=-0.030732, y=6.423293])";"30";"turtlesim1.sim1";"1758613303.044453541";"./src/turtle.cpp:update:260"
"Oh no! I hit the wall! (Clamping from [x=-0.030732, y=6.414375])";"30";"turtlesim1.sim1";"1758613303.028783079";"./src/turtle.cpp:update:260"
"Oh no! I hit the wall! (Clamping from [x=-0.030732, y=6.405458])";"30";"turtlesim1.sim1";"1758613303.012634850";"./src/turtle.cpp:update:260"
"Oh no! I hit the wall! (Clamping from [x=-0.030732, y=6.396541])";"30";"turtlesim1.sim1";"1758613302.996175980";"./src/turtle.cpp:update:260"
"Oh no! I hit the wall! (Clamping from [x=-0.030732, y=6.387623])";"30";"turtlesim1.sim1";"1758613302.980583416";"./src/turtle.cpp:update:260"
"Oh no! I hit the wall! (Clamping from [x=-0.030732, y=6.378706])";"30";"turtlesim1.sim1";"1758613302.964220310";"./src/turtle.cpp:update:260"
"Oh no! I hit the wall! (Clamping from [x=-0.030732, y=6.369788])";"30";"turtlesim1.sim1";"1758613302.948795723";"./src/turtle.cpp:update:260"
"Oh no! I hit the wall! (Clamping from [x=-0.030732, y=6.360871])";"30";"turtlesim1.sim1";"1758613302.932591696";"./src/turtle.cpp:update:260"
"Oh no! I hit the wall! (Clamping from [x=-0.030732, y=6.351954])";"30";"turtlesim1.sim1";"1758613302.916156903";"./src/turtle.cpp:update:260"
"Oh no! I hit the wall! (Clamping from [x=-0.030732, y=6.343036])";"30";"turtlesim1.sim1";"1758613302.900641748";"./src/turtle.cpp:update:260"
"Oh no! I hit the wall! (Clamping from [x=-0.030732, y=6.334119])";"30";"turtlesim1.sim1";"1758613302.884234305";"./src/turtle.cpp:update:260"
"Oh no! I hit the wall! (Clamping from [x=-0.030732, y=6.325201])";"30";"turtlesim1.sim1";"1758613302.868113991";"./src/turtle.cpp:update:260"
"Oh no! I hit the wall! (Clamping from [x=-0.030732, y=6.316284])";"30";"turtlesim1.sim1";"1758613302.852543650";"./src/turtle.cpp:update:260"
"Oh no! I hit the wall! (Clamping from [x=-0.030732, y=6.307367])";"30";"turtlesim1.sim1";"1758613302.836127273";"./src/turtle.cpp:update:260"
"Oh no! I hit the wall! (Clamping from [x=-0.030732, y=6.298449])";"30";"turtlesim1.sim1";"1758613302.819965845";"./src/turtle.cpp:update:260"
"Oh no! I hit the wall! (Clamping from [x=-0.030732, y=6.289532])";"30";"turtlesim1.sim1";"1758613302.804680169";"./src/turtle.cpp:update:260"
"Oh no! I hit the wall! (Clamping from [x=-0.030732, y=6.280615])";"30";"turtlesim1.sim1";"1758613302.788189200";"./src/turtle.cpp:update:260"
"Oh no! I hit the wall! (Clamping from [x=-0.030732, y=6.271697])";"30";"turtlesim1.sim1";"1758613302.772011562";"./src/turtle.cpp:update:260"
"Oh no! I hit the wall! (Clamping from [x=-0.030732, y=6.262780])";"30";"turtlesim1.sim1";"1758613302.756538785";"./src/turtle.cpp:update:260"
"Oh no! I hit the wall! (Clamping from [x=-0.030732, y=6.253862])";"30";"turtlesim1.sim1";"1758613302.740305305";"./src/turtle.cpp:update:260"
"Oh no! I hit the wall! (Clamping from [x=-0.030732, y=6.244945])";"30";"turtlesim1.sim1";"1758613302.724726961";"./src/turtle.cpp:update:260"
"Oh no! I hit the wall! (Clamping from [x=-0.030732, y=6.236028])";"30";"turtlesim1.sim1";"1758613302.709039979";"./src/turtle.cpp:update:260"
"Oh no! I hit the wall! (Clamping from [x=-0.030732, y=6.227110])";"30";"turtlesim1.sim1";"1758613302.691949225";"./src/turtle.cpp:update:260"
"Oh no! I hit the wall! (Clamping from [x=-0.030732, y=6.218193])";"30";"turtlesim1.sim1";"1758613302.676351674";"./src/turtle.cpp:update:260"
"Oh no! I hit the wall! (Clamping from [x=-0.030732, y=6.209275])";"30";"turtlesim1.sim1";"1758613302.660027691";"./src/turtle.cpp:update:260"
"Oh no! I hit the wall! (Clamping from [x=-0.030732, y=6.200358])";"30";"turtlesim1.sim1";"1758613302.643947696";"./src/turtle.cpp:update:260"
"Oh no! I hit the wall! (Clamping from [x=-0.030732, y=6.191441])";"30";"turtlesim1.sim1";"1758613302.628293124";"./src/turtle.cpp:update:260"
"Oh no! I hit the wall! (Clamping from [x=-0.030732, y=6.182523])";"30";"turtlesim1.sim1";"1758613302.612562771";"./src/turtle.cpp:update:260"
"Oh no! I hit the wall! (Clamping from [x=-0.030732, y=6.173606])";"30";"turtlesim1.sim1";"1758613302.596072634";"./src/turtle.cpp:update:260"
"Oh no! I hit the wall! (Clamping from [x=-0.030732, y=6.164688])";"30";"turtlesim1.sim1";"1758613302.580184995";"./src/turtle.cpp:update:260"
"Oh no! I hit the wall! (Clamping from [x=-0.030732, y=6.155771])";"30";"turtlesim1.sim1";"1758613302.564627314";"./src/turtle.cpp:update:260"
"Oh no! I hit the wall! (Clamping from [x=-0.030732, y=6.146854])";"30";"turtlesim1.sim1";"1758613302.547865956";"./src/turtle.cpp:update:260"
"Oh no! I hit the wall! (Clamping from [x=-0.030732, y=6.137936])";"30";"turtlesim1.sim1";"1758613302.532868500";"./src/turtle.cpp:update:260"
"Oh no! I hit the wall! (Clamping from [x=-0.030732, y=6.129019])";"30";"turtlesim1.sim1";"1758613302.516774297";"./src/turtle.cpp:update:260"
"Oh no! I hit the wall! (Clamping from [x=-0.030732, y=6.120101])";"30";"turtlesim1.sim1";"1758613302.500654272";"./src/turtle.cpp:update:260"
"Oh no! I hit the wall! (Clamping from [x=-0.030732, y=6.111184])";"30";"turtlesim1.sim1";"1758613302.484669255";"./src/turtle.cpp:update:260"
"Oh no! I hit the wall! (Clamping from [x=-0.030732, y=6.102267])";"30";"turtlesim1.sim1";"1758613302.468278211";"./src/turtle.cpp:update:260"
"Oh no! I hit the wall! (Clamping from [x=-0.030732, y=6.093349])";"30";"turtlesim1.sim1";"1758613302.451989164";"./src/turtle.cpp:update:260"
"Oh no! I hit the wall! (Clamping from [x=-0.030732, y=6.084432])";"30";"turtlesim1.sim1";"1758613302.436273310";"./src/turtle.cpp:update:260"
"Oh no! I hit the wall! (Clamping from [x=-0.030732, y=6.075515])";"30";"turtlesim1.sim1";"1758613302.420709028";"./src/turtle.cpp:update:260"
"Oh no! I hit the wall! (Clamping from [x=-0.030732, y=6.066597])";"30";"turtlesim1.sim1";"1758613302.404569543";"./src/turtle.cpp:update:260"
"Oh no! I hit the wall! (Clamping from [x=-0.030732, y=6.057680])";"30";"turtlesim1.sim1";"1758613302.388831968";"./src/turtle.cpp:update:260"
"Oh no! I hit the wall! (Clamping from [x=-0.030732, y=6.048762])";"30";"turtlesim1.sim1";"1758613302.372383369";"./src/turtle.cpp:update:260"
"Oh no! I hit the wall! (Clamping from [x=-0.030732, y=6.039845])";"30";"turtlesim1.sim1";"1758613302.356030269";"./src/turtle.cpp:update:260"
"Oh no! I hit the wall! (Clamping from [x=-0.030732, y=6.030928])";"30";"turtlesim1.sim1";"1758613302.339994245";"./src/turtle.cpp:update:260"
"Oh no! I hit the wall! (Clamping from [x=-0.030732, y=6.022010])";"30";"turtlesim1.sim1";"1758613302.324687089";"./src/turtle.cpp:update:260"
"Oh no! I hit the wall! (Clamping from [x=-0.030732, y=6.013093])";"30";"turtlesim1.sim1";"1758613302.308474407";"./src/turtle.cpp:update:260"
"Oh no! I hit the wall! (Clamping from [x=-0.030732, y=6.004175])";"30";"turtlesim1.sim1";"1758613302.292285841";"./src/turtle.cpp:update:260"
"Oh no! I hit the wall! (Clamping from [x=-0.030732, y=5.995258])";"30";"turtlesim1.sim1";"1758613302.276764903";"./src/turtle.cpp:update:260"
"Oh no! I hit the wall! (Clamping from [x=-0.030732, y=5.986341])";"30";"turtlesim1.sim1";"1758613302.260225580";"./src/turtle.cpp:update:260"
"Oh no! I hit the wall! (Clamping from [x=-0.030732, y=5.977423])";"30";"turtlesim1.sim1";"1758613302.244870428";"./src/turtle.cpp:update:260"
"Oh no! I hit the wall! (Clamping from [x=-0.030732, y=5.968506])";"30";"turtlesim1.sim1";"1758613302.228692270";"./src/turtle.cpp:update:260"
"Oh no! I hit the wall! (Clamping from [x=-0.030732, y=5.959588])";"30";"turtlesim1.sim1";"1758613302.212149352";"./src/turtle.cpp:update:260"
"Oh no! I hit the wall! (Clamping from [x=-0.030732, y=5.950671])";"30";"turtlesim1.sim1";"1758613302.196126231";"./src/turtle.cpp:update:260"
"Oh no! I hit the wall! (Clamping from [x=-0.030732, y=5.941754])";"30";"turtlesim1.sim1";"1758613302.180705400";"./src/turtle.cpp:update:260"
"Oh no! I hit the wall! (Clamping from [x=-0.030732, y=5.932836])";"30";"turtlesim1.sim1";"1758613302.164473690";"./src/turtle.cpp:update:260"
"Oh no! I hit the wall! (Clamping from [x=-0.030732, y=5.923919])";"30";"turtlesim1.sim1";"1758613302.148733775";"./src/turtle.cpp:update:260"
"Oh no! I hit the wall! (Clamping from [x=-0.030732, y=5.915002])";"30";"turtlesim1.sim1";"1758613302.132328948";"./src/turtle.cpp:update:260"
"Oh no! I hit the wall! (Clamping from [x=-0.030732, y=5.906084])";"30";"turtlesim1.sim1";"1758613302.117004810";"./src/turtle.cpp:update:260"
"Oh no! I hit the wall! (Clamping from [x=-0.030732, y=5.897167])";"30";"turtlesim1.sim1";"1758613302.100327631";"./src/turtle.cpp:update:260"
"Oh no! I hit the wall! (Clamping from [x=-0.030732, y=5.888249])";"30";"turtlesim1.sim1";"1758613302.084615263";"./src/turtle.cpp:update:260"
"Oh no! I hit the wall! (Clamping from [x=-0.030732, y=5.879332])";"30";"turtlesim1.sim1";"1758613302.068484898";"./src/turtle.cpp:update:260"
"Oh no! I hit the wall! (Clamping from [x=-0.030732, y=5.870415])";"30";"turtlesim1.sim1";"1758613302.052613908";"./src/turtle.cpp:update:260"
"Oh no! I hit the wall! (Clamping from [x=-0.030732, y=5.861497])";"30";"turtlesim1.sim1";"1758613302.036278132";"./src/turtle.cpp:update:260"
"Oh no! I hit the wall! (Clamping from [x=-0.030732, y=5.852580])";"30";"turtlesim1.sim1";"1758613302.020137720";"./src/turtle.cpp:update:260"
"Oh no! I hit the wall! (Clamping from [x=-0.030732, y=5.843662])";"30";"turtlesim1.sim1";"1758613302.004735085";"./src/turtle.cpp:update:260"
"Oh no! I hit the wall! (Clamping from [x=-0.030732, y=5.834745])";"30";"turtlesim1.sim1";"1758613301.988329015";"./src/turtle.cpp:update:260"
"Oh no! I hit the wall! (Clamping from [x=-0.030732, y=5.825828])";"30";"turtlesim1.sim1";"1758613301.972882077";"./src/turtle.cpp:update:260"
"Oh no! I hit the wall! (Clamping from [x=-0.030732, y=5.816910])";"30";"turtlesim1.sim1";"1758613301.956979684";"./src/turtle.cpp:update:260"
"Oh no! I hit the wall! (Clamping from [x=-0.030732, y=5.807993])";"30";"turtlesim1.sim1";"1758613301.940632759";"./src/turtle.cpp:update:260"
"Oh no! I hit the wall! (Clamping from [x=-0.030732, y=5.799075])";"30";"turtlesim1.sim1";"1758613301.924582748";"./src/turtle.cpp:update:260"
"Oh no! I hit the wall! (Clamping from [x=-0.030732, y=5.790158])";"30";"turtlesim1.sim1";"1758613301.908685346";"./src/turtle.cpp:update:260"
"Oh no! I hit the wall! (Clamping from [x=-0.030732, y=5.781241])";"30";"turtlesim1.sim1";"1758613301.892619163";"./src/turtle.cpp:update:260"
"Oh no! I hit the wall! (Clamping from [x=-0.030732, y=5.772323])";"30";"turtlesim1.sim1";"1758613301.876327390";"./src/turtle.cpp:update:260"
"Oh no! I hit the wall! (Clamping from [x=-0.030732, y=5.763406])";"30";"turtlesim1.sim1";"1758613301.860704721";"./src/turtle.cpp:update:260"
"Oh no! I hit the wall! (Clamping from [x=-0.030732, y=5.754488])";"30";"turtlesim1.sim1";"1758613301.844283832";"./src/turtle.cpp:update:260"
"Oh no! I hit the wall! (Clamping from [x=-0.030732, y=5.745571])";"30";"turtlesim1.sim1";"1758613301.828723871";"./src/turtle.cpp:update:260"
"Oh no! I hit the wall! (Clamping from [x=-0.030732, y=5.736654])";"30";"turtlesim1.sim1";"1758613301.812514614";"./src/turtle.cpp:update:260"
"Oh no! I hit the wall! (Clamping from [x=-0.030732, y=5.727736])";"30";"turtlesim1.sim1";"1758613301.796908312";"./src/turtle.cpp:update:260"
"Oh no! I hit the wall! (Clamping from [x=-0.030732, y=5.718819])";"30";"turtlesim1.sim1";"1758613301.780601463";"./src/turtle.cpp:update:260"
"Oh no! I hit the wall! (Clamping from [x=-0.030732, y=5.709902])";"30";"turtlesim1.sim1";"1758613301.764114132";"./src/turtle.cpp:update:260"
"Oh no! I hit the wall! (Clamping from [x=-0.030732, y=5.700984])";"30";"turtlesim1.sim1";"1758613301.748844309";"./src/turtle.cpp:update:260"
"Oh no! I hit the wall! (Clamping from [x=-0.030732, y=5.692067])";"30";"turtlesim1.sim1";"1758613301.732692658";"./src/turtle.cpp:update:260"
"Oh no! I hit the wall! (Clamping from [x=-0.030732, y=5.683149])";"30";"turtlesim1.sim1";"1758613301.716632480";"./src/turtle.cpp:update:260"
"Oh no! I hit the wall! (Clamping from [x=-0.030732, y=5.674232])";"30";"turtlesim1.sim1";"1758613301.700387129";"./src/turtle.cpp:update:260"
"Oh no! I hit the wall! (Clamping from [x=-0.030732, y=5.665315])";"30";"turtlesim1.sim1";"1758613301.684884147";"./src/turtle.cpp:update:260"
"Oh no! I hit the wall! (Clamping from [x=-0.030732, y=5.656397])";"30";"turtlesim1.sim1";"1758613301.668525943";"./src/turtle.cpp:update:260"
"Oh no! I hit the wall! (Clamping from [x=-0.030732, y=5.647480])";"30";"turtlesim1.sim1";"1758613301.652983418";"./src/turtle.cpp:update:260"
"Oh no! I hit the wall! (Clamping from [x=-0.030732, y=5.638562])";"30";"turtlesim1.sim1";"1758613301.636457823";"./src/turtle.cpp:update:260"
"Oh no! I hit the wall! (Clamping from [x=-0.030732, y=5.629645])";"30";"turtlesim1.sim1";"1758613301.620347728";"./src/turtle.cpp:update:260"
"Oh no! I hit the wall! (Clamping from [x=-0.030732, y=5.620728])";"30";"turtlesim1.sim1";"1758613301.604870262";"./src/turtle.cpp:update:260"
"Oh no! I hit the wall! (Clamping from [x=-0.030732, y=5.611810])";"30";"turtlesim1.sim1";"1758613301.588622725";"./src/turtle.cpp:update:260"
"Oh no! I hit the wall! (Clamping from [x=-0.030732, y=5.602893])";"30";"turtlesim1.sim1";"1758613301.572577179";"./src/turtle.cpp:update:260"
"Oh no! I hit the wall! (Clamping from [x=-0.030732, y=5.593975])";"30";"turtlesim1.sim1";"1758613301.556240055";"./src/turtle.cpp:update:260"
"Oh no! I hit the wall! (Clamping from [x=-0.030732, y=5.585058])";"30";"turtlesim1.sim1";"1758613301.540212470";"./src/turtle.cpp:update:260"
"Oh no! I hit the wall! (Clamping from [x=-0.030732, y=5.576141])";"30";"turtlesim1.sim1";"1758613301.524799870";"./src/turtle.cpp:update:260"
"Oh no! I hit the wall! (Clamping from [x=-0.030732, y=5.567223])";"30";"turtlesim1.sim1";"1758613301.508302987";"./src/turtle.cpp:update:260"
"Oh no! I hit the wall! (Clamping from [x=-0.030732, y=5.558306])";"30";"turtlesim1.sim1";"1758613301.492742359";"./src/turtle.cpp:update:260"
"Oh no! I hit the wall! (Clamping from [x=-0.030732, y=5.549389])";"30";"turtlesim1.sim1";"1758613301.476377989";"./src/turtle.cpp:update:260"
"Oh no! I hit the wall! (Clamping from [x=-0.030732, y=5.540471])";"30";"turtlesim1.sim1";"1758613301.461011891";"./src/turtle.cpp:update:260"
"Oh no! I hit the wall! (Clamping from [x=-0.030732, y=5.531554])";"30";"turtlesim1.sim1";"1758613301.444722042";"./src/turtle.cpp:update:260"
"Oh no! I hit the wall! (Clamping from [x=-0.030732, y=5.522636])";"30";"turtlesim1.sim1";"1758613301.428369165";"./src/turtle.cpp:update:260"
"Oh no! I hit the wall! (Clamping from [x=-0.030732, y=5.513719])";"30";"turtlesim1.sim1";"1758613301.412881448";"./src/turtle.cpp:update:260"
"Oh no! I hit the wall! (Clamping from [x=-0.030732, y=5.504802])";"30";"turtlesim1.sim1";"1758613301.396832309";"./src/turtle.cpp:update:260"
"Oh no! I hit the wall! (Clamping from [x=-0.030732, y=5.495884])";"30";"turtlesim1.sim1";"1758613301.380386834";"./src/turtle.cpp:update:260"
"Oh no! I hit the wall! (Clamping from [x=-0.030732, y=5.486967])";"30";"turtlesim1.sim1";"1758613301.364175519";"./src/turtle.cpp:update:260"
"Oh no! I hit the wall! (Clamping from [x=-0.030732, y=5.478049])";"30";"turtlesim1.sim1";"1758613301.348614144";"./src/turtle.cpp:update:260"
"Oh no! I hit the wall! (Clamping from [x=-0.030732, y=5.469132])";"30";"turtlesim1.sim1";"1758613301.332584759";"./src/turtle.cpp:update:260"
"Oh no! I hit the wall! (Clamping from [x=-0.030732, y=5.460215])";"30";"turtlesim1.sim1";"1758613301.316790668";"./src/turtle.cpp:update:260"
"Oh no! I hit the wall! (Clamping from [x=-0.030732, y=5.451297])";"30";"turtlesim1.sim1";"1758613301.301033797";"./src/turtle.cpp:update:260"
"Oh no! I hit the wall! (Clamping from [x=-0.030732, y=5.442380])";"30";"turtlesim1.sim1";"1758613301.284152765";"./src/turtle.cpp:update:260"
"Oh no! I hit the wall! (Clamping from [x=-0.030732, y=5.433462])";"30";"turtlesim1.sim1";"1758613301.268694263";"./src/turtle.cpp:update:260"
"Oh no! I hit the wall! (Clamping from [x=-0.030732, y=5.424545])";"30";"turtlesim1.sim1";"1758613301.252788545";"./src/turtle.cpp:update:260"
"Oh no! I hit the wall! (Clamping from [x=-0.030732, y=5.415628])";"30";"turtlesim1.sim1";"1758613301.236886863";"./src/turtle.cpp:update:260"
"Oh no! I hit the wall! (Clamping from [x=-0.030732, y=5.406710])";"30";"turtlesim1.sim1";"1758613301.220228150";"./src/turtle.cpp:update:260"
"Oh no! I hit the wall! (Clamping from [x=-0.030732, y=5.397793])";"30";"turtlesim1.sim1";"1758613301.204704610";"./src/turtle.cpp:update:260"
"Oh no! I hit the wall! (Clamping from [x=-0.030732, y=5.388875])";"30";"turtlesim1.sim1";"1758613301.188261604";"./src/turtle.cpp:update:260"
"Oh no! I hit the wall! (Clamping from [x=-0.030732, y=5.379958])";"30";"turtlesim1.sim1";"1758613301.172801126";"./src/turtle.cpp:update:260"
"Oh no! I hit the wall! (Clamping from [x=-0.030732, y=5.371041])";"30";"turtlesim1.sim1";"1758613301.156259816";"./src/turtle.cpp:update:260"
"Oh no! I hit the wall! (Clamping from [x=-0.030732, y=5.362123])";"30";"turtlesim1.sim1";"1758613301.141298387";"./src/turtle.cpp:update:260"
"Oh no! I hit the wall! (Clamping from [x=-0.030732, y=5.353206])";"30";"turtlesim1.sim1";"1758613301.124774016";"./src/turtle.cpp:update:260"
"Oh no! I hit the wall! (Clamping from [x=-0.007210, y=5.344289])";"30";"turtlesim1.sim1";"1758613301.108413913";"./src/turtle.cpp:update:260"
