[0.520s] DEBUG:colcon:Command line arguments: ['/usr/bin/colcon', 'build', '--symlink-install']
[0.521s] DEBUG:colcon:Parsed command line arguments: Namespace(log_base=None, log_level=None, verb_name='build', build_base='build', install_base='install', merge_install=False, symlink_install=True, test_result_base=None, continue_on_error=False, executor='parallel', parallel_workers=16, event_handlers=None, ignore_user_meta=False, metas=['./colcon.meta'], base_paths=['.'], packages_ignore=None, packages_ignore_regex=None, paths=None, packages_up_to=None, packages_up_to_regex=None, packages_above=None, packages_above_and_dependencies=None, packages_above_depth=None, packages_select_by_dep=None, packages_skip_by_dep=None, packages_skip_up_to=None, packages_select_build_failed=False, packages_skip_build_finished=False, packages_select_test_failures=False, packages_skip_test_passed=False, packages_select=None, packages_skip=None, packages_select_regex=None, packages_skip_regex=None, packages_start=None, packages_end=None, allow_overriding=[], cmake_args=None, cmake_target=None, cmake_target_skip_unavailable=False, cmake_clean_cache=False, cmake_clean_first=False, cmake_force_configure=False, ament_cmake_args=None, catkin_cmake_args=None, catkin_skip_building_tests=False, verb_parser=<colcon_defaults.argument_parser.defaults.DefaultArgumentsDecorator object at 0x7f9e5eb1ff10>, verb_extension=<colcon_core.verb.build.BuildVerb object at 0x7f9e5eb1fa00>, main=<bound method BuildVerb.main of <colcon_core.verb.build.BuildVerb object at 0x7f9e5eb1fa00>>)
[0.688s] Level 1:colcon.colcon_core.package_discovery:discover_packages(colcon_meta) check parameters
[0.688s] Level 1:colcon.colcon_core.package_discovery:discover_packages(recursive) check parameters
[0.689s] Level 1:colcon.colcon_core.package_discovery:discover_packages(ignore) check parameters
[0.689s] Level 1:colcon.colcon_core.package_discovery:discover_packages(path) check parameters
[0.689s] Level 1:colcon.colcon_core.package_discovery:discover_packages(colcon_meta) discover
[0.689s] Level 1:colcon.colcon_core.package_discovery:discover_packages(recursive) discover
[0.689s] INFO:colcon.colcon_core.package_discovery:Crawling recursively for packages in '/home/capybariana/workspace/ros2_ws'
[0.689s] Level 1:colcon.colcon_core.package_identification:_identify(.) by extensions ['ignore', 'ignore_ament_install']
[0.690s] Level 1:colcon.colcon_core.package_identification:_identify(.) by extension 'ignore'
[0.690s] Level 1:colcon.colcon_core.package_identification:_identify(.) by extension 'ignore_ament_install'
[0.690s] Level 1:colcon.colcon_core.package_identification:_identify(.) by extensions ['colcon_pkg']
[0.690s] Level 1:colcon.colcon_core.package_identification:_identify(.) by extension 'colcon_pkg'
[0.690s] Level 1:colcon.colcon_core.package_identification:_identify(.) by extensions ['colcon_meta']
[0.690s] Level 1:colcon.colcon_core.package_identification:_identify(.) by extension 'colcon_meta'
[0.690s] Level 1:colcon.colcon_core.package_identification:_identify(.) by extensions ['ros']
[0.690s] Level 1:colcon.colcon_core.package_identification:_identify(.) by extension 'ros'
[0.716s] Level 1:colcon.colcon_core.package_identification:_identify(.) by extensions ['cmake', 'python']
[0.717s] Level 1:colcon.colcon_core.package_identification:_identify(.) by extension 'cmake'
[0.717s] Level 1:colcon.colcon_core.package_identification:_identify(.) by extension 'python'
[0.717s] Level 1:colcon.colcon_core.package_identification:_identify(.) by extensions ['python_setup_py']
[0.717s] Level 1:colcon.colcon_core.package_identification:_identify(.) by extension 'python_setup_py'
[0.717s] Level 1:colcon.colcon_core.package_identification:_identify(build) by extensions ['ignore', 'ignore_ament_install']
[0.717s] Level 1:colcon.colcon_core.package_identification:_identify(build) by extension 'ignore'
[0.717s] Level 1:colcon.colcon_core.package_identification:_identify(build) ignored
[0.718s] Level 1:colcon.colcon_core.package_identification:_identify(ex01) by extensions ['ignore', 'ignore_ament_install']
[0.718s] Level 1:colcon.colcon_core.package_identification:_identify(ex01) by extension 'ignore'
[0.718s] Level 1:colcon.colcon_core.package_identification:_identify(ex01) by extension 'ignore_ament_install'
[0.718s] Level 1:colcon.colcon_core.package_identification:_identify(ex01) by extensions ['colcon_pkg']
[0.718s] Level 1:colcon.colcon_core.package_identification:_identify(ex01) by extension 'colcon_pkg'
[0.718s] Level 1:colcon.colcon_core.package_identification:_identify(ex01) by extensions ['colcon_meta']
[0.718s] Level 1:colcon.colcon_core.package_identification:_identify(ex01) by extension 'colcon_meta'
[0.718s] Level 1:colcon.colcon_core.package_identification:_identify(ex01) by extensions ['ros']
[0.718s] Level 1:colcon.colcon_core.package_identification:_identify(ex01) by extension 'ros'
[0.718s] Level 1:colcon.colcon_core.package_identification:_identify(ex01) by extensions ['cmake', 'python']
[0.718s] Level 1:colcon.colcon_core.package_identification:_identify(ex01) by extension 'cmake'
[0.718s] Level 1:colcon.colcon_core.package_identification:_identify(ex01) by extension 'python'
[0.718s] Level 1:colcon.colcon_core.package_identification:_identify(ex01) by extensions ['python_setup_py']
[0.718s] Level 1:colcon.colcon_core.package_identification:_identify(ex01) by extension 'python_setup_py'
[0.718s] Level 1:colcon.colcon_core.package_identification:_identify(ex02) by extensions ['ignore', 'ignore_ament_install']
[0.719s] Level 1:colcon.colcon_core.package_identification:_identify(ex02) by extension 'ignore'
[0.719s] Level 1:colcon.colcon_core.package_identification:_identify(ex02) by extension 'ignore_ament_install'
[0.719s] Level 1:colcon.colcon_core.package_identification:_identify(ex02) by extensions ['colcon_pkg']
[0.719s] Level 1:colcon.colcon_core.package_identification:_identify(ex02) by extension 'colcon_pkg'
[0.719s] Level 1:colcon.colcon_core.package_identification:_identify(ex02) by extensions ['colcon_meta']
[0.719s] Level 1:colcon.colcon_core.package_identification:_identify(ex02) by extension 'colcon_meta'
[0.719s] Level 1:colcon.colcon_core.package_identification:_identify(ex02) by extensions ['ros']
[0.719s] Level 1:colcon.colcon_core.package_identification:_identify(ex02) by extension 'ros'
[0.719s] Level 1:colcon.colcon_core.package_identification:_identify(ex02) by extensions ['cmake', 'python']
[0.719s] Level 1:colcon.colcon_core.package_identification:_identify(ex02) by extension 'cmake'
[0.719s] Level 1:colcon.colcon_core.package_identification:_identify(ex02) by extension 'python'
[0.719s] Level 1:colcon.colcon_core.package_identification:_identify(ex02) by extensions ['python_setup_py']
[0.719s] Level 1:colcon.colcon_core.package_identification:_identify(ex02) by extension 'python_setup_py'
[0.719s] Level 1:colcon.colcon_core.package_identification:_identify(install) by extensions ['ignore', 'ignore_ament_install']
[0.719s] Level 1:colcon.colcon_core.package_identification:_identify(install) by extension 'ignore'
[0.719s] Level 1:colcon.colcon_core.package_identification:_identify(install) ignored
[0.720s] Level 1:colcon.colcon_core.package_identification:_identify(log) by extensions ['ignore', 'ignore_ament_install']
[0.720s] Level 1:colcon.colcon_core.package_identification:_identify(log) by extension 'ignore'
[0.720s] Level 1:colcon.colcon_core.package_identification:_identify(log) ignored
[0.720s] Level 1:colcon.colcon_core.package_identification:_identify(src) by extensions ['ignore', 'ignore_ament_install']
[0.720s] Level 1:colcon.colcon_core.package_identification:_identify(src) by extension 'ignore'
[0.720s] Level 1:colcon.colcon_core.package_identification:_identify(src) by extension 'ignore_ament_install'
[0.720s] Level 1:colcon.colcon_core.package_identification:_identify(src) by extensions ['colcon_pkg']
[0.720s] Level 1:colcon.colcon_core.package_identification:_identify(src) by extension 'colcon_pkg'
[0.720s] Level 1:colcon.colcon_core.package_identification:_identify(src) by extensions ['colcon_meta']
[0.720s] Level 1:colcon.colcon_core.package_identification:_identify(src) by extension 'colcon_meta'
[0.721s] Level 1:colcon.colcon_core.package_identification:_identify(src) by extensions ['ros']
[0.721s] Level 1:colcon.colcon_core.package_identification:_identify(src) by extension 'ros'
[0.721s] Level 1:colcon.colcon_core.package_identification:_identify(src) by extensions ['cmake', 'python']
[0.721s] Level 1:colcon.colcon_core.package_identification:_identify(src) by extension 'cmake'
[0.721s] Level 1:colcon.colcon_core.package_identification:_identify(src) by extension 'python'
[0.721s] Level 1:colcon.colcon_core.package_identification:_identify(src) by extensions ['python_setup_py']
[0.721s] Level 1:colcon.colcon_core.package_identification:_identify(src) by extension 'python_setup_py'
[0.721s] Level 1:colcon.colcon_core.package_identification:_identify(src/build) by extensions ['ignore', 'ignore_ament_install']
[0.721s] Level 1:colcon.colcon_core.package_identification:_identify(src/build) by extension 'ignore'
[0.721s] Level 1:colcon.colcon_core.package_identification:_identify(src/build) ignored
[0.721s] Level 1:colcon.colcon_core.package_identification:_identify(src/capybariana) by extensions ['ignore', 'ignore_ament_install']
[0.721s] Level 1:colcon.colcon_core.package_identification:_identify(src/capybariana) by extension 'ignore'
[0.721s] Level 1:colcon.colcon_core.package_identification:_identify(src/capybariana) by extension 'ignore_ament_install'
[0.722s] Level 1:colcon.colcon_core.package_identification:_identify(src/capybariana) by extensions ['colcon_pkg']
[0.722s] Level 1:colcon.colcon_core.package_identification:_identify(src/capybariana) by extension 'colcon_pkg'
[0.722s] Level 1:colcon.colcon_core.package_identification:_identify(src/capybariana) by extensions ['colcon_meta']
[0.722s] Level 1:colcon.colcon_core.package_identification:_identify(src/capybariana) by extension 'colcon_meta'
[0.722s] Level 1:colcon.colcon_core.package_identification:_identify(src/capybariana) by extensions ['ros']
[0.722s] Level 1:colcon.colcon_core.package_identification:_identify(src/capybariana) by extension 'ros'
[0.732s] DEBUG:colcon.colcon_core.package_identification:Package 'src/capybariana' with type 'ros.ament_cmake' and name 'capybariana'
[0.732s] Level 1:colcon.colcon_core.package_identification:_identify(src/cleaning_robot) by extensions ['ignore', 'ignore_ament_install']
[0.733s] Level 1:colcon.colcon_core.package_identification:_identify(src/cleaning_robot) by extension 'ignore'
[0.733s] Level 1:colcon.colcon_core.package_identification:_identify(src/cleaning_robot) by extension 'ignore_ament_install'
[0.733s] Level 1:colcon.colcon_core.package_identification:_identify(src/cleaning_robot) by extensions ['colcon_pkg']
[0.733s] Level 1:colcon.colcon_core.package_identification:_identify(src/cleaning_robot) by extension 'colcon_pkg'
[0.733s] Level 1:colcon.colcon_core.package_identification:_identify(src/cleaning_robot) by extensions ['colcon_meta']
[0.733s] Level 1:colcon.colcon_core.package_identification:_identify(src/cleaning_robot) by extension 'colcon_meta'
[0.733s] Level 1:colcon.colcon_core.package_identification:_identify(src/cleaning_robot) by extensions ['ros']
[0.733s] Level 1:colcon.colcon_core.package_identification:_identify(src/cleaning_robot) by extension 'ros'
[0.737s] DEBUG:colcon.colcon_core.package_identification:Package 'src/cleaning_robot' with type 'ros.ament_python' and name 'cleaning_robot'
[0.737s] Level 1:colcon.colcon_core.package_identification:_identify(src/cleaning_robot_msgs) by extensions ['ignore', 'ignore_ament_install']
[0.737s] Level 1:colcon.colcon_core.package_identification:_identify(src/cleaning_robot_msgs) by extension 'ignore'
[0.737s] Level 1:colcon.colcon_core.package_identification:_identify(src/cleaning_robot_msgs) by extension 'ignore_ament_install'
[0.737s] Level 1:colcon.colcon_core.package_identification:_identify(src/cleaning_robot_msgs) by extensions ['colcon_pkg']
[0.737s] Level 1:colcon.colcon_core.package_identification:_identify(src/cleaning_robot_msgs) by extension 'colcon_pkg'
[0.737s] Level 1:colcon.colcon_core.package_identification:_identify(src/cleaning_robot_msgs) by extensions ['colcon_meta']
[0.737s] Level 1:colcon.colcon_core.package_identification:_identify(src/cleaning_robot_msgs) by extension 'colcon_meta'
[0.738s] Level 1:colcon.colcon_core.package_identification:_identify(src/cleaning_robot_msgs) by extensions ['ros']
[0.738s] Level 1:colcon.colcon_core.package_identification:_identify(src/cleaning_robot_msgs) by extension 'ros'
[0.740s] DEBUG:colcon.colcon_core.package_identification:Package 'src/cleaning_robot_msgs' with type 'ros.ament_cmake' and name 'cleaning_robot_msgs'
[0.740s] Level 1:colcon.colcon_core.package_identification:_identify(src/ex02) by extensions ['ignore', 'ignore_ament_install']
[0.740s] Level 1:colcon.colcon_core.package_identification:_identify(src/ex02) by extension 'ignore'
[0.740s] Level 1:colcon.colcon_core.package_identification:_identify(src/ex02) by extension 'ignore_ament_install'
[0.740s] Level 1:colcon.colcon_core.package_identification:_identify(src/ex02) by extensions ['colcon_pkg']
[0.740s] Level 1:colcon.colcon_core.package_identification:_identify(src/ex02) by extension 'colcon_pkg'
[0.741s] Level 1:colcon.colcon_core.package_identification:_identify(src/ex02) by extensions ['colcon_meta']
[0.741s] Level 1:colcon.colcon_core.package_identification:_identify(src/ex02) by extension 'colcon_meta'
[0.741s] Level 1:colcon.colcon_core.package_identification:_identify(src/ex02) by extensions ['ros']
[0.741s] Level 1:colcon.colcon_core.package_identification:_identify(src/ex02) by extension 'ros'
[0.743s] DEBUG:colcon.colcon_core.package_identification:Found ROS schema reference in package manifest in 'src/ex02'
[0.744s] WARNING:colcon.colcon_core.package_identification:Failed to parse ROS package manifest in 'src/ex02': Error(s) in package 'src/ex02/package.xml':
Error(s):
- The generic dependency on 'rclpy' is redundant with: exec_depend
- The generic dependency on 'tf2_ros' is redundant with: exec_depend
- The generic dependency on 'tf_transformations' is redundant with: exec_depend
- The generic dependency on 'geometry_msgs' is redundant with: exec_depend
- The generic dependency on 'turtlesim' is redundant with: exec_depend
[0.744s] Level 1:colcon.colcon_core.package_identification:_identify(src/ex02) by extensions ['cmake', 'python']
[0.744s] Level 1:colcon.colcon_core.package_identification:_identify(src/ex02) by extension 'cmake'
[0.744s] Level 1:colcon.colcon_core.package_identification:_identify(src/ex02) by extension 'python'
[0.744s] DEBUG:colcon.colcon_core.package_identification:Python package in 'src/ex02' passes arguments to the setup() function which requires a different identification extension than 'python'
[0.744s] Level 1:colcon.colcon_core.package_identification:_identify(src/ex02) by extensions ['python_setup_py']
[0.744s] Level 1:colcon.colcon_core.package_identification:_identify(src/ex02) by extension 'python_setup_py'
[1.098s] DEBUG:colcon.colcon_core.package_identification:Package 'src/ex02' with type 'python' and name 'ex02'
[1.098s] Level 1:colcon.colcon_core.package_identification:_identify(src/ex03) by extensions ['ignore', 'ignore_ament_install']
[1.098s] Level 1:colcon.colcon_core.package_identification:_identify(src/ex03) by extension 'ignore'
[1.099s] Level 1:colcon.colcon_core.package_identification:_identify(src/ex03) by extension 'ignore_ament_install'
[1.099s] Level 1:colcon.colcon_core.package_identification:_identify(src/ex03) by extensions ['colcon_pkg']
[1.099s] Level 1:colcon.colcon_core.package_identification:_identify(src/ex03) by extension 'colcon_pkg'
[1.099s] Level 1:colcon.colcon_core.package_identification:_identify(src/ex03) by extensions ['colcon_meta']
[1.099s] Level 1:colcon.colcon_core.package_identification:_identify(src/ex03) by extension 'colcon_meta'
[1.099s] Level 1:colcon.colcon_core.package_identification:_identify(src/ex03) by extensions ['ros']
[1.099s] Level 1:colcon.colcon_core.package_identification:_identify(src/ex03) by extension 'ros'
[1.101s] DEBUG:colcon.colcon_core.package_identification:Package 'src/ex03' with type 'ros.ament_python' and name 'ex03'
[1.101s] Level 1:colcon.colcon_core.package_identification:_identify(src/ex10) by extensions ['ignore', 'ignore_ament_install']
[1.101s] Level 1:colcon.colcon_core.package_identification:_identify(src/ex10) by extension 'ignore'
[1.102s] Level 1:colcon.colcon_core.package_identification:_identify(src/ex10) by extension 'ignore_ament_install'
[1.102s] Level 1:colcon.colcon_core.package_identification:_identify(src/ex10) by extensions ['colcon_pkg']
[1.102s] Level 1:colcon.colcon_core.package_identification:_identify(src/ex10) by extension 'colcon_pkg'
[1.102s] Level 1:colcon.colcon_core.package_identification:_identify(src/ex10) by extensions ['colcon_meta']
[1.102s] Level 1:colcon.colcon_core.package_identification:_identify(src/ex10) by extension 'colcon_meta'
[1.102s] Level 1:colcon.colcon_core.package_identification:_identify(src/ex10) by extensions ['ros']
[1.102s] Level 1:colcon.colcon_core.package_identification:_identify(src/ex10) by extension 'ros'
[1.105s] DEBUG:colcon.colcon_core.package_identification:Package 'src/ex10' with type 'ros.ament_python' and name 'ex10'
[1.107s] Level 1:colcon.colcon_core.package_identification:_identify(src/examples) by extensions ['ignore', 'ignore_ament_install']
[1.107s] Level 1:colcon.colcon_core.package_identification:_identify(src/examples) by extension 'ignore'
[1.108s] Level 1:colcon.colcon_core.package_identification:_identify(src/examples) by extension 'ignore_ament_install'
[1.108s] Level 1:colcon.colcon_core.package_identification:_identify(src/examples) by extensions ['colcon_pkg']
[1.108s] Level 1:colcon.colcon_core.package_identification:_identify(src/examples) by extension 'colcon_pkg'
[1.108s] Level 1:colcon.colcon_core.package_identification:_identify(src/examples) by extensions ['colcon_meta']
[1.108s] Level 1:colcon.colcon_core.package_identification:_identify(src/examples) by extension 'colcon_meta'
[1.108s] Level 1:colcon.colcon_core.package_identification:_identify(src/examples) by extensions ['ros']
[1.108s] Level 1:colcon.colcon_core.package_identification:_identify(src/examples) by extension 'ros'
[1.108s] Level 1:colcon.colcon_core.package_identification:_identify(src/examples) by extensions ['cmake', 'python']
[1.108s] Level 1:colcon.colcon_core.package_identification:_identify(src/examples) by extension 'cmake'
[1.108s] Level 1:colcon.colcon_core.package_identification:_identify(src/examples) by extension 'python'
[1.109s] Level 1:colcon.colcon_core.package_identification:_identify(src/examples) by extensions ['python_setup_py']
[1.109s] Level 1:colcon.colcon_core.package_identification:_identify(src/examples) by extension 'python_setup_py'
[1.109s] Level 1:colcon.colcon_core.package_identification:_identify(src/examples/launch_testing) by extensions ['ignore', 'ignore_ament_install']
[1.109s] Level 1:colcon.colcon_core.package_identification:_identify(src/examples/launch_testing) by extension 'ignore'
[1.109s] Level 1:colcon.colcon_core.package_identification:_identify(src/examples/launch_testing) by extension 'ignore_ament_install'
[1.109s] Level 1:colcon.colcon_core.package_identification:_identify(src/examples/launch_testing) by extensions ['colcon_pkg']
[1.109s] Level 1:colcon.colcon_core.package_identification:_identify(src/examples/launch_testing) by extension 'colcon_pkg'
[1.109s] Level 1:colcon.colcon_core.package_identification:_identify(src/examples/launch_testing) by extensions ['colcon_meta']
[1.109s] Level 1:colcon.colcon_core.package_identification:_identify(src/examples/launch_testing) by extension 'colcon_meta'
[1.109s] Level 1:colcon.colcon_core.package_identification:_identify(src/examples/launch_testing) by extensions ['ros']
[1.110s] Level 1:colcon.colcon_core.package_identification:_identify(src/examples/launch_testing) by extension 'ros'
[1.110s] Level 1:colcon.colcon_core.package_identification:_identify(src/examples/launch_testing) by extensions ['cmake', 'python']
[1.110s] Level 1:colcon.colcon_core.package_identification:_identify(src/examples/launch_testing) by extension 'cmake'
[1.110s] Level 1:colcon.colcon_core.package_identification:_identify(src/examples/launch_testing) by extension 'python'
[1.110s] Level 1:colcon.colcon_core.package_identification:_identify(src/examples/launch_testing) by extensions ['python_setup_py']
[1.110s] Level 1:colcon.colcon_core.package_identification:_identify(src/examples/launch_testing) by extension 'python_setup_py'
[1.110s] Level 1:colcon.colcon_core.package_identification:_identify(src/examples/launch_testing/launch_testing_examples) by extensions ['ignore', 'ignore_ament_install']
[1.111s] Level 1:colcon.colcon_core.package_identification:_identify(src/examples/launch_testing/launch_testing_examples) by extension 'ignore'
[1.111s] Level 1:colcon.colcon_core.package_identification:_identify(src/examples/launch_testing/launch_testing_examples) by extension 'ignore_ament_install'
[1.111s] Level 1:colcon.colcon_core.package_identification:_identify(src/examples/launch_testing/launch_testing_examples) by extensions ['colcon_pkg']
[1.111s] Level 1:colcon.colcon_core.package_identification:_identify(src/examples/launch_testing/launch_testing_examples) by extension 'colcon_pkg'
[1.111s] Level 1:colcon.colcon_core.package_identification:_identify(src/examples/launch_testing/launch_testing_examples) by extensions ['colcon_meta']
[1.111s] Level 1:colcon.colcon_core.package_identification:_identify(src/examples/launch_testing/launch_testing_examples) by extension 'colcon_meta'
[1.111s] Level 1:colcon.colcon_core.package_identification:_identify(src/examples/launch_testing/launch_testing_examples) by extensions ['ros']
[1.111s] Level 1:colcon.colcon_core.package_identification:_identify(src/examples/launch_testing/launch_testing_examples) by extension 'ros'
[1.113s] DEBUG:colcon.colcon_core.package_identification:Package 'src/examples/launch_testing/launch_testing_examples' with type 'ros.ament_python' and name 'launch_testing_examples'
[1.113s] Level 1:colcon.colcon_core.package_identification:_identify(src/examples/rclcpp) by extensions ['ignore', 'ignore_ament_install']
[1.114s] Level 1:colcon.colcon_core.package_identification:_identify(src/examples/rclcpp) by extension 'ignore'
[1.114s] Level 1:colcon.colcon_core.package_identification:_identify(src/examples/rclcpp) by extension 'ignore_ament_install'
[1.114s] Level 1:colcon.colcon_core.package_identification:_identify(src/examples/rclcpp) by extensions ['colcon_pkg']
[1.114s] Level 1:colcon.colcon_core.package_identification:_identify(src/examples/rclcpp) by extension 'colcon_pkg'
[1.114s] Level 1:colcon.colcon_core.package_identification:_identify(src/examples/rclcpp) by extensions ['colcon_meta']
[1.114s] Level 1:colcon.colcon_core.package_identification:_identify(src/examples/rclcpp) by extension 'colcon_meta'
[1.114s] Level 1:colcon.colcon_core.package_identification:_identify(src/examples/rclcpp) by extensions ['ros']
[1.114s] Level 1:colcon.colcon_core.package_identification:_identify(src/examples/rclcpp) by extension 'ros'
[1.114s] Level 1:colcon.colcon_core.package_identification:_identify(src/examples/rclcpp) by extensions ['cmake', 'python']
[1.114s] Level 1:colcon.colcon_core.package_identification:_identify(src/examples/rclcpp) by extension 'cmake'
[1.114s] Level 1:colcon.colcon_core.package_identification:_identify(src/examples/rclcpp) by extension 'python'
[1.114s] Level 1:colcon.colcon_core.package_identification:_identify(src/examples/rclcpp) by extensions ['python_setup_py']
[1.114s] Level 1:colcon.colcon_core.package_identification:_identify(src/examples/rclcpp) by extension 'python_setup_py'
[1.114s] Level 1:colcon.colcon_core.package_identification:_identify(src/examples/rclcpp/actions) by extensions ['ignore', 'ignore_ament_install']
[1.115s] Level 1:colcon.colcon_core.package_identification:_identify(src/examples/rclcpp/actions) by extension 'ignore'
[1.115s] Level 1:colcon.colcon_core.package_identification:_identify(src/examples/rclcpp/actions) by extension 'ignore_ament_install'
[1.115s] Level 1:colcon.colcon_core.package_identification:_identify(src/examples/rclcpp/actions) by extensions ['colcon_pkg']
[1.115s] Level 1:colcon.colcon_core.package_identification:_identify(src/examples/rclcpp/actions) by extension 'colcon_pkg'
[1.115s] Level 1:colcon.colcon_core.package_identification:_identify(src/examples/rclcpp/actions) by extensions ['colcon_meta']
[1.115s] Level 1:colcon.colcon_core.package_identification:_identify(src/examples/rclcpp/actions) by extension 'colcon_meta'
[1.115s] Level 1:colcon.colcon_core.package_identification:_identify(src/examples/rclcpp/actions) by extensions ['ros']
[1.115s] Level 1:colcon.colcon_core.package_identification:_identify(src/examples/rclcpp/actions) by extension 'ros'
[1.115s] Level 1:colcon.colcon_core.package_identification:_identify(src/examples/rclcpp/actions) by extensions ['cmake', 'python']
[1.115s] Level 1:colcon.colcon_core.package_identification:_identify(src/examples/rclcpp/actions) by extension 'cmake'
[1.115s] Level 1:colcon.colcon_core.package_identification:_identify(src/examples/rclcpp/actions) by extension 'python'
[1.115s] Level 1:colcon.colcon_core.package_identification:_identify(src/examples/rclcpp/actions) by extensions ['python_setup_py']
[1.115s] Level 1:colcon.colcon_core.package_identification:_identify(src/examples/rclcpp/actions) by extension 'python_setup_py'
[1.115s] Level 1:colcon.colcon_core.package_identification:_identify(src/examples/rclcpp/actions/minimal_action_client) by extensions ['ignore', 'ignore_ament_install']
[1.115s] Level 1:colcon.colcon_core.package_identification:_identify(src/examples/rclcpp/actions/minimal_action_client) by extension 'ignore'
[1.115s] Level 1:colcon.colcon_core.package_identification:_identify(src/examples/rclcpp/actions/minimal_action_client) by extension 'ignore_ament_install'
[1.115s] Level 1:colcon.colcon_core.package_identification:_identify(src/examples/rclcpp/actions/minimal_action_client) by extensions ['colcon_pkg']
[1.116s] Level 1:colcon.colcon_core.package_identification:_identify(src/examples/rclcpp/actions/minimal_action_client) by extension 'colcon_pkg'
[1.116s] Level 1:colcon.colcon_core.package_identification:_identify(src/examples/rclcpp/actions/minimal_action_client) by extensions ['colcon_meta']
[1.116s] Level 1:colcon.colcon_core.package_identification:_identify(src/examples/rclcpp/actions/minimal_action_client) by extension 'colcon_meta'
[1.116s] Level 1:colcon.colcon_core.package_identification:_identify(src/examples/rclcpp/actions/minimal_action_client) by extensions ['ros']
[1.116s] Level 1:colcon.colcon_core.package_identification:_identify(src/examples/rclcpp/actions/minimal_action_client) by extension 'ros'
[1.117s] DEBUG:colcon.colcon_core.package_identification:Package 'src/examples/rclcpp/actions/minimal_action_client' with type 'ros.ament_cmake' and name 'examples_rclcpp_minimal_action_client'
[1.117s] Level 1:colcon.colcon_core.package_identification:_identify(src/examples/rclcpp/actions/minimal_action_server) by extensions ['ignore', 'ignore_ament_install']
[1.117s] Level 1:colcon.colcon_core.package_identification:_identify(src/examples/rclcpp/actions/minimal_action_server) by extension 'ignore'
[1.118s] Level 1:colcon.colcon_core.package_identification:_identify(src/examples/rclcpp/actions/minimal_action_server) by extension 'ignore_ament_install'
[1.118s] Level 1:colcon.colcon_core.package_identification:_identify(src/examples/rclcpp/actions/minimal_action_server) by extensions ['colcon_pkg']
[1.118s] Level 1:colcon.colcon_core.package_identification:_identify(src/examples/rclcpp/actions/minimal_action_server) by extension 'colcon_pkg'
[1.118s] Level 1:colcon.colcon_core.package_identification:_identify(src/examples/rclcpp/actions/minimal_action_server) by extensions ['colcon_meta']
[1.118s] Level 1:colcon.colcon_core.package_identification:_identify(src/examples/rclcpp/actions/minimal_action_server) by extension 'colcon_meta'
[1.118s] Level 1:colcon.colcon_core.package_identification:_identify(src/examples/rclcpp/actions/minimal_action_server) by extensions ['ros']
[1.118s] Level 1:colcon.colcon_core.package_identification:_identify(src/examples/rclcpp/actions/minimal_action_server) by extension 'ros'
[1.119s] DEBUG:colcon.colcon_core.package_identification:Package 'src/examples/rclcpp/actions/minimal_action_server' with type 'ros.ament_cmake' and name 'examples_rclcpp_minimal_action_server'
[1.119s] Level 1:colcon.colcon_core.package_identification:_identify(src/examples/rclcpp/composition) by extensions ['ignore', 'ignore_ament_install']
[1.119s] Level 1:colcon.colcon_core.package_identification:_identify(src/examples/rclcpp/composition) by extension 'ignore'
[1.119s] Level 1:colcon.colcon_core.package_identification:_identify(src/examples/rclcpp/composition) by extension 'ignore_ament_install'
[1.120s] Level 1:colcon.colcon_core.package_identification:_identify(src/examples/rclcpp/composition) by extensions ['colcon_pkg']
[1.120s] Level 1:colcon.colcon_core.package_identification:_identify(src/examples/rclcpp/composition) by extension 'colcon_pkg'
[1.120s] Level 1:colcon.colcon_core.package_identification:_identify(src/examples/rclcpp/composition) by extensions ['colcon_meta']
[1.120s] Level 1:colcon.colcon_core.package_identification:_identify(src/examples/rclcpp/composition) by extension 'colcon_meta'
[1.120s] Level 1:colcon.colcon_core.package_identification:_identify(src/examples/rclcpp/composition) by extensions ['ros']
[1.120s] Level 1:colcon.colcon_core.package_identification:_identify(src/examples/rclcpp/composition) by extension 'ros'
[1.120s] Level 1:colcon.colcon_core.package_identification:_identify(src/examples/rclcpp/composition) by extensions ['cmake', 'python']
[1.120s] Level 1:colcon.colcon_core.package_identification:_identify(src/examples/rclcpp/composition) by extension 'cmake'
[1.120s] Level 1:colcon.colcon_core.package_identification:_identify(src/examples/rclcpp/composition) by extension 'python'
[1.120s] Level 1:colcon.colcon_core.package_identification:_identify(src/examples/rclcpp/composition) by extensions ['python_setup_py']
[1.120s] Level 1:colcon.colcon_core.package_identification:_identify(src/examples/rclcpp/composition) by extension 'python_setup_py'
[1.120s] Level 1:colcon.colcon_core.package_identification:_identify(src/examples/rclcpp/composition/minimal_composition) by extensions ['ignore', 'ignore_ament_install']
[1.120s] Level 1:colcon.colcon_core.package_identification:_identify(src/examples/rclcpp/composition/minimal_composition) by extension 'ignore'
[1.120s] Level 1:colcon.colcon_core.package_identification:_identify(src/examples/rclcpp/composition/minimal_composition) by extension 'ignore_ament_install'
[1.120s] Level 1:colcon.colcon_core.package_identification:_identify(src/examples/rclcpp/composition/minimal_composition) by extensions ['colcon_pkg']
[1.120s] Level 1:colcon.colcon_core.package_identification:_identify(src/examples/rclcpp/composition/minimal_composition) by extension 'colcon_pkg'
[1.120s] Level 1:colcon.colcon_core.package_identification:_identify(src/examples/rclcpp/composition/minimal_composition) by extensions ['colcon_meta']
[1.120s] Level 1:colcon.colcon_core.package_identification:_identify(src/examples/rclcpp/composition/minimal_composition) by extension 'colcon_meta'
[1.120s] Level 1:colcon.colcon_core.package_identification:_identify(src/examples/rclcpp/composition/minimal_composition) by extensions ['ros']
[1.120s] Level 1:colcon.colcon_core.package_identification:_identify(src/examples/rclcpp/composition/minimal_composition) by extension 'ros'
[1.121s] DEBUG:colcon.colcon_core.package_identification:Package 'src/examples/rclcpp/composition/minimal_composition' with type 'ros.ament_cmake' and name 'examples_rclcpp_minimal_composition'
[1.121s] Level 1:colcon.colcon_core.package_identification:_identify(src/examples/rclcpp/executors) by extensions ['ignore', 'ignore_ament_install']
[1.122s] Level 1:colcon.colcon_core.package_identification:_identify(src/examples/rclcpp/executors) by extension 'ignore'
[1.122s] Level 1:colcon.colcon_core.package_identification:_identify(src/examples/rclcpp/executors) by extension 'ignore_ament_install'
[1.122s] Level 1:colcon.colcon_core.package_identification:_identify(src/examples/rclcpp/executors) by extensions ['colcon_pkg']
[1.122s] Level 1:colcon.colcon_core.package_identification:_identify(src/examples/rclcpp/executors) by extension 'colcon_pkg'
[1.122s] Level 1:colcon.colcon_core.package_identification:_identify(src/examples/rclcpp/executors) by extensions ['colcon_meta']
[1.122s] Level 1:colcon.colcon_core.package_identification:_identify(src/examples/rclcpp/executors) by extension 'colcon_meta'
[1.122s] Level 1:colcon.colcon_core.package_identification:_identify(src/examples/rclcpp/executors) by extensions ['ros']
[1.122s] Level 1:colcon.colcon_core.package_identification:_identify(src/examples/rclcpp/executors) by extension 'ros'
[1.122s] Level 1:colcon.colcon_core.package_identification:_identify(src/examples/rclcpp/executors) by extensions ['cmake', 'python']
[1.122s] Level 1:colcon.colcon_core.package_identification:_identify(src/examples/rclcpp/executors) by extension 'cmake'
[1.122s] Level 1:colcon.colcon_core.package_identification:_identify(src/examples/rclcpp/executors) by extension 'python'
[1.122s] Level 1:colcon.colcon_core.package_identification:_identify(src/examples/rclcpp/executors) by extensions ['python_setup_py']
[1.122s] Level 1:colcon.colcon_core.package_identification:_identify(src/examples/rclcpp/executors) by extension 'python_setup_py'
[1.122s] Level 1:colcon.colcon_core.package_identification:_identify(src/examples/rclcpp/executors/cbg_executor) by extensions ['ignore', 'ignore_ament_install']
[1.122s] Level 1:colcon.colcon_core.package_identification:_identify(src/examples/rclcpp/executors/cbg_executor) by extension 'ignore'
[1.122s] Level 1:colcon.colcon_core.package_identification:_identify(src/examples/rclcpp/executors/cbg_executor) by extension 'ignore_ament_install'
[1.123s] Level 1:colcon.colcon_core.package_identification:_identify(src/examples/rclcpp/executors/cbg_executor) by extensions ['colcon_pkg']
[1.123s] Level 1:colcon.colcon_core.package_identification:_identify(src/examples/rclcpp/executors/cbg_executor) by extension 'colcon_pkg'
[1.123s] Level 1:colcon.colcon_core.package_identification:_identify(src/examples/rclcpp/executors/cbg_executor) by extensions ['colcon_meta']
[1.123s] Level 1:colcon.colcon_core.package_identification:_identify(src/examples/rclcpp/executors/cbg_executor) by extension 'colcon_meta'
[1.123s] Level 1:colcon.colcon_core.package_identification:_identify(src/examples/rclcpp/executors/cbg_executor) by extensions ['ros']
[1.123s] Level 1:colcon.colcon_core.package_identification:_identify(src/examples/rclcpp/executors/cbg_executor) by extension 'ros'
[1.124s] DEBUG:colcon.colcon_core.package_identification:Package 'src/examples/rclcpp/executors/cbg_executor' with type 'ros.ament_cmake' and name 'examples_rclcpp_cbg_executor'
[1.124s] Level 1:colcon.colcon_core.package_identification:_identify(src/examples/rclcpp/executors/multithreaded_executor) by extensions ['ignore', 'ignore_ament_install']
[1.125s] Level 1:colcon.colcon_core.package_identification:_identify(src/examples/rclcpp/executors/multithreaded_executor) by extension 'ignore'
[1.125s] Level 1:colcon.colcon_core.package_identification:_identify(src/examples/rclcpp/executors/multithreaded_executor) by extension 'ignore_ament_install'
[1.125s] Level 1:colcon.colcon_core.package_identification:_identify(src/examples/rclcpp/executors/multithreaded_executor) by extensions ['colcon_pkg']
[1.125s] Level 1:colcon.colcon_core.package_identification:_identify(src/examples/rclcpp/executors/multithreaded_executor) by extension 'colcon_pkg'
[1.125s] Level 1:colcon.colcon_core.package_identification:_identify(src/examples/rclcpp/executors/multithreaded_executor) by extensions ['colcon_meta']
[1.125s] Level 1:colcon.colcon_core.package_identification:_identify(src/examples/rclcpp/executors/multithreaded_executor) by extension 'colcon_meta'
[1.125s] Level 1:colcon.colcon_core.package_identification:_identify(src/examples/rclcpp/executors/multithreaded_executor) by extensions ['ros']
[1.125s] Level 1:colcon.colcon_core.package_identification:_identify(src/examples/rclcpp/executors/multithreaded_executor) by extension 'ros'
[1.127s] DEBUG:colcon.colcon_core.package_identification:Package 'src/examples/rclcpp/executors/multithreaded_executor' with type 'ros.ament_cmake' and name 'examples_rclcpp_multithreaded_executor'
[1.127s] Level 1:colcon.colcon_core.package_identification:_identify(src/examples/rclcpp/services) by extensions ['ignore', 'ignore_ament_install']
[1.127s] Level 1:colcon.colcon_core.package_identification:_identify(src/examples/rclcpp/services) by extension 'ignore'
[1.127s] Level 1:colcon.colcon_core.package_identification:_identify(src/examples/rclcpp/services) by extension 'ignore_ament_install'
[1.127s] Level 1:colcon.colcon_core.package_identification:_identify(src/examples/rclcpp/services) by extensions ['colcon_pkg']
[1.127s] Level 1:colcon.colcon_core.package_identification:_identify(src/examples/rclcpp/services) by extension 'colcon_pkg'
[1.127s] Level 1:colcon.colcon_core.package_identification:_identify(src/examples/rclcpp/services) by extensions ['colcon_meta']
[1.127s] Level 1:colcon.colcon_core.package_identification:_identify(src/examples/rclcpp/services) by extension 'colcon_meta'
[1.127s] Level 1:colcon.colcon_core.package_identification:_identify(src/examples/rclcpp/services) by extensions ['ros']
[1.128s] Level 1:colcon.colcon_core.package_identification:_identify(src/examples/rclcpp/services) by extension 'ros'
[1.128s] Level 1:colcon.colcon_core.package_identification:_identify(src/examples/rclcpp/services) by extensions ['cmake', 'python']
[1.128s] Level 1:colcon.colcon_core.package_identification:_identify(src/examples/rclcpp/services) by extension 'cmake'
[1.128s] Level 1:colcon.colcon_core.package_identification:_identify(src/examples/rclcpp/services) by extension 'python'
[1.128s] Level 1:colcon.colcon_core.package_identification:_identify(src/examples/rclcpp/services) by extensions ['python_setup_py']
[1.128s] Level 1:colcon.colcon_core.package_identification:_identify(src/examples/rclcpp/services) by extension 'python_setup_py'
[1.128s] Level 1:colcon.colcon_core.package_identification:_identify(src/examples/rclcpp/services/async_client) by extensions ['ignore', 'ignore_ament_install']
[1.128s] Level 1:colcon.colcon_core.package_identification:_identify(src/examples/rclcpp/services/async_client) by extension 'ignore'
[1.128s] Level 1:colcon.colcon_core.package_identification:_identify(src/examples/rclcpp/services/async_client) by extension 'ignore_ament_install'
[1.128s] Level 1:colcon.colcon_core.package_identification:_identify(src/examples/rclcpp/services/async_client) by extensions ['colcon_pkg']
[1.128s] Level 1:colcon.colcon_core.package_identification:_identify(src/examples/rclcpp/services/async_client) by extension 'colcon_pkg'
[1.128s] Level 1:colcon.colcon_core.package_identification:_identify(src/examples/rclcpp/services/async_client) by extensions ['colcon_meta']
[1.128s] Level 1:colcon.colcon_core.package_identification:_identify(src/examples/rclcpp/services/async_client) by extension 'colcon_meta'
[1.128s] Level 1:colcon.colcon_core.package_identification:_identify(src/examples/rclcpp/services/async_client) by extensions ['ros']
[1.128s] Level 1:colcon.colcon_core.package_identification:_identify(src/examples/rclcpp/services/async_client) by extension 'ros'
[1.130s] DEBUG:colcon.colcon_core.package_identification:Package 'src/examples/rclcpp/services/async_client' with type 'ros.ament_cmake' and name 'examples_rclcpp_async_client'
[1.130s] Level 1:colcon.colcon_core.package_identification:_identify(src/examples/rclcpp/services/minimal_client) by extensions ['ignore', 'ignore_ament_install']
[1.130s] Level 1:colcon.colcon_core.package_identification:_identify(src/examples/rclcpp/services/minimal_client) by extension 'ignore'
[1.130s] Level 1:colcon.colcon_core.package_identification:_identify(src/examples/rclcpp/services/minimal_client) by extension 'ignore_ament_install'
[1.130s] Level 1:colcon.colcon_core.package_identification:_identify(src/examples/rclcpp/services/minimal_client) by extensions ['colcon_pkg']
[1.130s] Level 1:colcon.colcon_core.package_identification:_identify(src/examples/rclcpp/services/minimal_client) by extension 'colcon_pkg'
[1.130s] Level 1:colcon.colcon_core.package_identification:_identify(src/examples/rclcpp/services/minimal_client) by extensions ['colcon_meta']
[1.130s] Level 1:colcon.colcon_core.package_identification:_identify(src/examples/rclcpp/services/minimal_client) by extension 'colcon_meta'
[1.130s] Level 1:colcon.colcon_core.package_identification:_identify(src/examples/rclcpp/services/minimal_client) by extensions ['ros']
[1.130s] Level 1:colcon.colcon_core.package_identification:_identify(src/examples/rclcpp/services/minimal_client) by extension 'ros'
[1.132s] DEBUG:colcon.colcon_core.package_identification:Package 'src/examples/rclcpp/services/minimal_client' with type 'ros.ament_cmake' and name 'examples_rclcpp_minimal_client'
[1.132s] Level 1:colcon.colcon_core.package_identification:_identify(src/examples/rclcpp/services/minimal_service) by extensions ['ignore', 'ignore_ament_install']
[1.132s] Level 1:colcon.colcon_core.package_identification:_identify(src/examples/rclcpp/services/minimal_service) by extension 'ignore'
[1.132s] Level 1:colcon.colcon_core.package_identification:_identify(src/examples/rclcpp/services/minimal_service) by extension 'ignore_ament_install'
[1.132s] Level 1:colcon.colcon_core.package_identification:_identify(src/examples/rclcpp/services/minimal_service) by extensions ['colcon_pkg']
[1.133s] Level 1:colcon.colcon_core.package_identification:_identify(src/examples/rclcpp/services/minimal_service) by extension 'colcon_pkg'
[1.133s] Level 1:colcon.colcon_core.package_identification:_identify(src/examples/rclcpp/services/minimal_service) by extensions ['colcon_meta']
[1.133s] Level 1:colcon.colcon_core.package_identification:_identify(src/examples/rclcpp/services/minimal_service) by extension 'colcon_meta'
[1.133s] Level 1:colcon.colcon_core.package_identification:_identify(src/examples/rclcpp/services/minimal_service) by extensions ['ros']
[1.133s] Level 1:colcon.colcon_core.package_identification:_identify(src/examples/rclcpp/services/minimal_service) by extension 'ros'
[1.134s] DEBUG:colcon.colcon_core.package_identification:Package 'src/examples/rclcpp/services/minimal_service' with type 'ros.ament_cmake' and name 'examples_rclcpp_minimal_service'
[1.134s] Level 1:colcon.colcon_core.package_identification:_identify(src/examples/rclcpp/timers) by extensions ['ignore', 'ignore_ament_install']
[1.134s] Level 1:colcon.colcon_core.package_identification:_identify(src/examples/rclcpp/timers) by extension 'ignore'
[1.135s] Level 1:colcon.colcon_core.package_identification:_identify(src/examples/rclcpp/timers) by extension 'ignore_ament_install'
[1.135s] Level 1:colcon.colcon_core.package_identification:_identify(src/examples/rclcpp/timers) by extensions ['colcon_pkg']
[1.135s] Level 1:colcon.colcon_core.package_identification:_identify(src/examples/rclcpp/timers) by extension 'colcon_pkg'
[1.135s] Level 1:colcon.colcon_core.package_identification:_identify(src/examples/rclcpp/timers) by extensions ['colcon_meta']
[1.135s] Level 1:colcon.colcon_core.package_identification:_identify(src/examples/rclcpp/timers) by extension 'colcon_meta'
[1.135s] Level 1:colcon.colcon_core.package_identification:_identify(src/examples/rclcpp/timers) by extensions ['ros']
[1.135s] Level 1:colcon.colcon_core.package_identification:_identify(src/examples/rclcpp/timers) by extension 'ros'
[1.135s] Level 1:colcon.colcon_core.package_identification:_identify(src/examples/rclcpp/timers) by extensions ['cmake', 'python']
[1.135s] Level 1:colcon.colcon_core.package_identification:_identify(src/examples/rclcpp/timers) by extension 'cmake'
[1.135s] Level 1:colcon.colcon_core.package_identification:_identify(src/examples/rclcpp/timers) by extension 'python'
[1.135s] Level 1:colcon.colcon_core.package_identification:_identify(src/examples/rclcpp/timers) by extensions ['python_setup_py']
[1.135s] Level 1:colcon.colcon_core.package_identification:_identify(src/examples/rclcpp/timers) by extension 'python_setup_py'
[1.135s] Level 1:colcon.colcon_core.package_identification:_identify(src/examples/rclcpp/timers/minimal_timer) by extensions ['ignore', 'ignore_ament_install']
[1.135s] Level 1:colcon.colcon_core.package_identification:_identify(src/examples/rclcpp/timers/minimal_timer) by extension 'ignore'
[1.135s] Level 1:colcon.colcon_core.package_identification:_identify(src/examples/rclcpp/timers/minimal_timer) by extension 'ignore_ament_install'
[1.135s] Level 1:colcon.colcon_core.package_identification:_identify(src/examples/rclcpp/timers/minimal_timer) by extensions ['colcon_pkg']
[1.135s] Level 1:colcon.colcon_core.package_identification:_identify(src/examples/rclcpp/timers/minimal_timer) by extension 'colcon_pkg'
[1.135s] Level 1:colcon.colcon_core.package_identification:_identify(src/examples/rclcpp/timers/minimal_timer) by extensions ['colcon_meta']
[1.135s] Level 1:colcon.colcon_core.package_identification:_identify(src/examples/rclcpp/timers/minimal_timer) by extension 'colcon_meta'
[1.135s] Level 1:colcon.colcon_core.package_identification:_identify(src/examples/rclcpp/timers/minimal_timer) by extensions ['ros']
[1.135s] Level 1:colcon.colcon_core.package_identification:_identify(src/examples/rclcpp/timers/minimal_timer) by extension 'ros'
[1.137s] DEBUG:colcon.colcon_core.package_identification:Package 'src/examples/rclcpp/timers/minimal_timer' with type 'ros.ament_cmake' and name 'examples_rclcpp_minimal_timer'
[1.137s] Level 1:colcon.colcon_core.package_identification:_identify(src/examples/rclcpp/topics) by extensions ['ignore', 'ignore_ament_install']
[1.137s] Level 1:colcon.colcon_core.package_identification:_identify(src/examples/rclcpp/topics) by extension 'ignore'
[1.137s] Level 1:colcon.colcon_core.package_identification:_identify(src/examples/rclcpp/topics) by extension 'ignore_ament_install'
[1.137s] Level 1:colcon.colcon_core.package_identification:_identify(src/examples/rclcpp/topics) by extensions ['colcon_pkg']
[1.137s] Level 1:colcon.colcon_core.package_identification:_identify(src/examples/rclcpp/topics) by extension 'colcon_pkg'
[1.137s] Level 1:colcon.colcon_core.package_identification:_identify(src/examples/rclcpp/topics) by extensions ['colcon_meta']
[1.137s] Level 1:colcon.colcon_core.package_identification:_identify(src/examples/rclcpp/topics) by extension 'colcon_meta'
[1.137s] Level 1:colcon.colcon_core.package_identification:_identify(src/examples/rclcpp/topics) by extensions ['ros']
[1.137s] Level 1:colcon.colcon_core.package_identification:_identify(src/examples/rclcpp/topics) by extension 'ros'
[1.137s] Level 1:colcon.colcon_core.package_identification:_identify(src/examples/rclcpp/topics) by extensions ['cmake', 'python']
[1.137s] Level 1:colcon.colcon_core.package_identification:_identify(src/examples/rclcpp/topics) by extension 'cmake'
[1.137s] Level 1:colcon.colcon_core.package_identification:_identify(src/examples/rclcpp/topics) by extension 'python'
[1.137s] Level 1:colcon.colcon_core.package_identification:_identify(src/examples/rclcpp/topics) by extensions ['python_setup_py']
[1.137s] Level 1:colcon.colcon_core.package_identification:_identify(src/examples/rclcpp/topics) by extension 'python_setup_py'
[1.138s] Level 1:colcon.colcon_core.package_identification:_identify(src/examples/rclcpp/topics/minimal_publisher) by extensions ['ignore', 'ignore_ament_install']
[1.138s] Level 1:colcon.colcon_core.package_identification:_identify(src/examples/rclcpp/topics/minimal_publisher) by extension 'ignore'
[1.138s] Level 1:colcon.colcon_core.package_identification:_identify(src/examples/rclcpp/topics/minimal_publisher) by extension 'ignore_ament_install'
[1.138s] Level 1:colcon.colcon_core.package_identification:_identify(src/examples/rclcpp/topics/minimal_publisher) by extensions ['colcon_pkg']
[1.138s] Level 1:colcon.colcon_core.package_identification:_identify(src/examples/rclcpp/topics/minimal_publisher) by extension 'colcon_pkg'
[1.138s] Level 1:colcon.colcon_core.package_identification:_identify(src/examples/rclcpp/topics/minimal_publisher) by extensions ['colcon_meta']
[1.138s] Level 1:colcon.colcon_core.package_identification:_identify(src/examples/rclcpp/topics/minimal_publisher) by extension 'colcon_meta'
[1.138s] Level 1:colcon.colcon_core.package_identification:_identify(src/examples/rclcpp/topics/minimal_publisher) by extensions ['ros']
[1.138s] Level 1:colcon.colcon_core.package_identification:_identify(src/examples/rclcpp/topics/minimal_publisher) by extension 'ros'
[1.139s] DEBUG:colcon.colcon_core.package_identification:Package 'src/examples/rclcpp/topics/minimal_publisher' with type 'ros.ament_cmake' and name 'examples_rclcpp_minimal_publisher'
[1.139s] Level 1:colcon.colcon_core.package_identification:_identify(src/examples/rclcpp/topics/minimal_subscriber) by extensions ['ignore', 'ignore_ament_install']
[1.139s] Level 1:colcon.colcon_core.package_identification:_identify(src/examples/rclcpp/topics/minimal_subscriber) by extension 'ignore'
[1.139s] Level 1:colcon.colcon_core.package_identification:_identify(src/examples/rclcpp/topics/minimal_subscriber) by extension 'ignore_ament_install'
[1.140s] Level 1:colcon.colcon_core.package_identification:_identify(src/examples/rclcpp/topics/minimal_subscriber) by extensions ['colcon_pkg']
[1.140s] Level 1:colcon.colcon_core.package_identification:_identify(src/examples/rclcpp/topics/minimal_subscriber) by extension 'colcon_pkg'
[1.140s] Level 1:colcon.colcon_core.package_identification:_identify(src/examples/rclcpp/topics/minimal_subscriber) by extensions ['colcon_meta']
[1.140s] Level 1:colcon.colcon_core.package_identification:_identify(src/examples/rclcpp/topics/minimal_subscriber) by extension 'colcon_meta'
[1.140s] Level 1:colcon.colcon_core.package_identification:_identify(src/examples/rclcpp/topics/minimal_subscriber) by extensions ['ros']
[1.140s] Level 1:colcon.colcon_core.package_identification:_identify(src/examples/rclcpp/topics/minimal_subscriber) by extension 'ros'
[1.141s] DEBUG:colcon.colcon_core.package_identification:Package 'src/examples/rclcpp/topics/minimal_subscriber' with type 'ros.ament_cmake' and name 'examples_rclcpp_minimal_subscriber'
[1.141s] Level 1:colcon.colcon_core.package_identification:_identify(src/examples/rclcpp/wait_set) by extensions ['ignore', 'ignore_ament_install']
[1.141s] Level 1:colcon.colcon_core.package_identification:_identify(src/examples/rclcpp/wait_set) by extension 'ignore'
[1.141s] Level 1:colcon.colcon_core.package_identification:_identify(src/examples/rclcpp/wait_set) by extension 'ignore_ament_install'
[1.141s] Level 1:colcon.colcon_core.package_identification:_identify(src/examples/rclcpp/wait_set) by extensions ['colcon_pkg']
[1.141s] Level 1:colcon.colcon_core.package_identification:_identify(src/examples/rclcpp/wait_set) by extension 'colcon_pkg'
[1.141s] Level 1:colcon.colcon_core.package_identification:_identify(src/examples/rclcpp/wait_set) by extensions ['colcon_meta']
[1.141s] Level 1:colcon.colcon_core.package_identification:_identify(src/examples/rclcpp/wait_set) by extension 'colcon_meta'
[1.141s] Level 1:colcon.colcon_core.package_identification:_identify(src/examples/rclcpp/wait_set) by extensions ['ros']
[1.141s] Level 1:colcon.colcon_core.package_identification:_identify(src/examples/rclcpp/wait_set) by extension 'ros'
[1.143s] DEBUG:colcon.colcon_core.package_identification:Package 'src/examples/rclcpp/wait_set' with type 'ros.ament_cmake' and name 'examples_rclcpp_wait_set'
[1.143s] Level 1:colcon.colcon_core.package_identification:_identify(src/examples/rclpy) by extensions ['ignore', 'ignore_ament_install']
[1.144s] Level 1:colcon.colcon_core.package_identification:_identify(src/examples/rclpy) by extension 'ignore'
[1.144s] Level 1:colcon.colcon_core.package_identification:_identify(src/examples/rclpy) by extension 'ignore_ament_install'
[1.144s] Level 1:colcon.colcon_core.package_identification:_identify(src/examples/rclpy) by extensions ['colcon_pkg']
[1.144s] Level 1:colcon.colcon_core.package_identification:_identify(src/examples/rclpy) by extension 'colcon_pkg'
[1.144s] Level 1:colcon.colcon_core.package_identification:_identify(src/examples/rclpy) by extensions ['colcon_meta']
[1.144s] Level 1:colcon.colcon_core.package_identification:_identify(src/examples/rclpy) by extension 'colcon_meta'
[1.144s] Level 1:colcon.colcon_core.package_identification:_identify(src/examples/rclpy) by extensions ['ros']
[1.144s] Level 1:colcon.colcon_core.package_identification:_identify(src/examples/rclpy) by extension 'ros'
[1.144s] Level 1:colcon.colcon_core.package_identification:_identify(src/examples/rclpy) by extensions ['cmake', 'python']
[1.144s] Level 1:colcon.colcon_core.package_identification:_identify(src/examples/rclpy) by extension 'cmake'
[1.144s] Level 1:colcon.colcon_core.package_identification:_identify(src/examples/rclpy) by extension 'python'
[1.145s] Level 1:colcon.colcon_core.package_identification:_identify(src/examples/rclpy) by extensions ['python_setup_py']
[1.145s] Level 1:colcon.colcon_core.package_identification:_identify(src/examples/rclpy) by extension 'python_setup_py'
[1.145s] Level 1:colcon.colcon_core.package_identification:_identify(src/examples/rclpy/actions) by extensions ['ignore', 'ignore_ament_install']
[1.145s] Level 1:colcon.colcon_core.package_identification:_identify(src/examples/rclpy/actions) by extension 'ignore'
[1.145s] Level 1:colcon.colcon_core.package_identification:_identify(src/examples/rclpy/actions) by extension 'ignore_ament_install'
[1.145s] Level 1:colcon.colcon_core.package_identification:_identify(src/examples/rclpy/actions) by extensions ['colcon_pkg']
[1.145s] Level 1:colcon.colcon_core.package_identification:_identify(src/examples/rclpy/actions) by extension 'colcon_pkg'
[1.145s] Level 1:colcon.colcon_core.package_identification:_identify(src/examples/rclpy/actions) by extensions ['colcon_meta']
[1.145s] Level 1:colcon.colcon_core.package_identification:_identify(src/examples/rclpy/actions) by extension 'colcon_meta'
[1.145s] Level 1:colcon.colcon_core.package_identification:_identify(src/examples/rclpy/actions) by extensions ['ros']
[1.146s] Level 1:colcon.colcon_core.package_identification:_identify(src/examples/rclpy/actions) by extension 'ros'
[1.146s] Level 1:colcon.colcon_core.package_identification:_identify(src/examples/rclpy/actions) by extensions ['cmake', 'python']
[1.146s] Level 1:colcon.colcon_core.package_identification:_identify(src/examples/rclpy/actions) by extension 'cmake'
[1.146s] Level 1:colcon.colcon_core.package_identification:_identify(src/examples/rclpy/actions) by extension 'python'
[1.146s] Level 1:colcon.colcon_core.package_identification:_identify(src/examples/rclpy/actions) by extensions ['python_setup_py']
[1.146s] Level 1:colcon.colcon_core.package_identification:_identify(src/examples/rclpy/actions) by extension 'python_setup_py'
[1.146s] Level 1:colcon.colcon_core.package_identification:_identify(src/examples/rclpy/actions/minimal_action_client) by extensions ['ignore', 'ignore_ament_install']
[1.146s] Level 1:colcon.colcon_core.package_identification:_identify(src/examples/rclpy/actions/minimal_action_client) by extension 'ignore'
[1.146s] Level 1:colcon.colcon_core.package_identification:_identify(src/examples/rclpy/actions/minimal_action_client) by extension 'ignore_ament_install'
[1.146s] Level 1:colcon.colcon_core.package_identification:_identify(src/examples/rclpy/actions/minimal_action_client) by extensions ['colcon_pkg']
[1.146s] Level 1:colcon.colcon_core.package_identification:_identify(src/examples/rclpy/actions/minimal_action_client) by extension 'colcon_pkg'
[1.146s] Level 1:colcon.colcon_core.package_identification:_identify(src/examples/rclpy/actions/minimal_action_client) by extensions ['colcon_meta']
[1.146s] Level 1:colcon.colcon_core.package_identification:_identify(src/examples/rclpy/actions/minimal_action_client) by extension 'colcon_meta'
[1.146s] Level 1:colcon.colcon_core.package_identification:_identify(src/examples/rclpy/actions/minimal_action_client) by extensions ['ros']
[1.146s] Level 1:colcon.colcon_core.package_identification:_identify(src/examples/rclpy/actions/minimal_action_client) by extension 'ros'
[1.147s] DEBUG:colcon.colcon_core.package_identification:Package 'src/examples/rclpy/actions/minimal_action_client' with type 'ros.ament_python' and name 'examples_rclpy_minimal_action_client'
[1.148s] Level 1:colcon.colcon_core.package_identification:_identify(src/examples/rclpy/actions/minimal_action_server) by extensions ['ignore', 'ignore_ament_install']
[1.148s] Level 1:colcon.colcon_core.package_identification:_identify(src/examples/rclpy/actions/minimal_action_server) by extension 'ignore'
[1.148s] Level 1:colcon.colcon_core.package_identification:_identify(src/examples/rclpy/actions/minimal_action_server) by extension 'ignore_ament_install'
[1.148s] Level 1:colcon.colcon_core.package_identification:_identify(src/examples/rclpy/actions/minimal_action_server) by extensions ['colcon_pkg']
[1.148s] Level 1:colcon.colcon_core.package_identification:_identify(src/examples/rclpy/actions/minimal_action_server) by extension 'colcon_pkg'
[1.148s] Level 1:colcon.colcon_core.package_identification:_identify(src/examples/rclpy/actions/minimal_action_server) by extensions ['colcon_meta']
[1.148s] Level 1:colcon.colcon_core.package_identification:_identify(src/examples/rclpy/actions/minimal_action_server) by extension 'colcon_meta'
[1.148s] Level 1:colcon.colcon_core.package_identification:_identify(src/examples/rclpy/actions/minimal_action_server) by extensions ['ros']
[1.148s] Level 1:colcon.colcon_core.package_identification:_identify(src/examples/rclpy/actions/minimal_action_server) by extension 'ros'
[1.149s] DEBUG:colcon.colcon_core.package_identification:Package 'src/examples/rclpy/actions/minimal_action_server' with type 'ros.ament_python' and name 'examples_rclpy_minimal_action_server'
[1.149s] Level 1:colcon.colcon_core.package_identification:_identify(src/examples/rclpy/executors) by extensions ['ignore', 'ignore_ament_install']
[1.149s] Level 1:colcon.colcon_core.package_identification:_identify(src/examples/rclpy/executors) by extension 'ignore'
[1.149s] Level 1:colcon.colcon_core.package_identification:_identify(src/examples/rclpy/executors) by extension 'ignore_ament_install'
[1.150s] Level 1:colcon.colcon_core.package_identification:_identify(src/examples/rclpy/executors) by extensions ['colcon_pkg']
[1.150s] Level 1:colcon.colcon_core.package_identification:_identify(src/examples/rclpy/executors) by extension 'colcon_pkg'
[1.150s] Level 1:colcon.colcon_core.package_identification:_identify(src/examples/rclpy/executors) by extensions ['colcon_meta']
[1.150s] Level 1:colcon.colcon_core.package_identification:_identify(src/examples/rclpy/executors) by extension 'colcon_meta'
[1.150s] Level 1:colcon.colcon_core.package_identification:_identify(src/examples/rclpy/executors) by extensions ['ros']
[1.150s] Level 1:colcon.colcon_core.package_identification:_identify(src/examples/rclpy/executors) by extension 'ros'
[1.151s] DEBUG:colcon.colcon_core.package_identification:Package 'src/examples/rclpy/executors' with type 'ros.ament_python' and name 'examples_rclpy_executors'
[1.151s] Level 1:colcon.colcon_core.package_identification:_identify(src/examples/rclpy/guard_conditions) by extensions ['ignore', 'ignore_ament_install']
[1.151s] Level 1:colcon.colcon_core.package_identification:_identify(src/examples/rclpy/guard_conditions) by extension 'ignore'
[1.151s] Level 1:colcon.colcon_core.package_identification:_identify(src/examples/rclpy/guard_conditions) by extension 'ignore_ament_install'
[1.151s] Level 1:colcon.colcon_core.package_identification:_identify(src/examples/rclpy/guard_conditions) by extensions ['colcon_pkg']
[1.151s] Level 1:colcon.colcon_core.package_identification:_identify(src/examples/rclpy/guard_conditions) by extension 'colcon_pkg'
[1.151s] Level 1:colcon.colcon_core.package_identification:_identify(src/examples/rclpy/guard_conditions) by extensions ['colcon_meta']
[1.151s] Level 1:colcon.colcon_core.package_identification:_identify(src/examples/rclpy/guard_conditions) by extension 'colcon_meta'
[1.151s] Level 1:colcon.colcon_core.package_identification:_identify(src/examples/rclpy/guard_conditions) by extensions ['ros']
[1.151s] Level 1:colcon.colcon_core.package_identification:_identify(src/examples/rclpy/guard_conditions) by extension 'ros'
[1.152s] DEBUG:colcon.colcon_core.package_identification:Package 'src/examples/rclpy/guard_conditions' with type 'ros.ament_python' and name 'examples_rclpy_guard_conditions'
[1.152s] Level 1:colcon.colcon_core.package_identification:_identify(src/examples/rclpy/services) by extensions ['ignore', 'ignore_ament_install']
[1.153s] Level 1:colcon.colcon_core.package_identification:_identify(src/examples/rclpy/services) by extension 'ignore'
[1.153s] Level 1:colcon.colcon_core.package_identification:_identify(src/examples/rclpy/services) by extension 'ignore_ament_install'
[1.153s] Level 1:colcon.colcon_core.package_identification:_identify(src/examples/rclpy/services) by extensions ['colcon_pkg']
[1.153s] Level 1:colcon.colcon_core.package_identification:_identify(src/examples/rclpy/services) by extension 'colcon_pkg'
[1.153s] Level 1:colcon.colcon_core.package_identification:_identify(src/examples/rclpy/services) by extensions ['colcon_meta']
[1.153s] Level 1:colcon.colcon_core.package_identification:_identify(src/examples/rclpy/services) by extension 'colcon_meta'
[1.153s] Level 1:colcon.colcon_core.package_identification:_identify(src/examples/rclpy/services) by extensions ['ros']
[1.153s] Level 1:colcon.colcon_core.package_identification:_identify(src/examples/rclpy/services) by extension 'ros'
[1.153s] Level 1:colcon.colcon_core.package_identification:_identify(src/examples/rclpy/services) by extensions ['cmake', 'python']
[1.153s] Level 1:colcon.colcon_core.package_identification:_identify(src/examples/rclpy/services) by extension 'cmake'
[1.153s] Level 1:colcon.colcon_core.package_identification:_identify(src/examples/rclpy/services) by extension 'python'
[1.153s] Level 1:colcon.colcon_core.package_identification:_identify(src/examples/rclpy/services) by extensions ['python_setup_py']
[1.153s] Level 1:colcon.colcon_core.package_identification:_identify(src/examples/rclpy/services) by extension 'python_setup_py'
[1.153s] Level 1:colcon.colcon_core.package_identification:_identify(src/examples/rclpy/services/minimal_client) by extensions ['ignore', 'ignore_ament_install']
[1.153s] Level 1:colcon.colcon_core.package_identification:_identify(src/examples/rclpy/services/minimal_client) by extension 'ignore'
[1.154s] Level 1:colcon.colcon_core.package_identification:_identify(src/examples/rclpy/services/minimal_client) by extension 'ignore_ament_install'
[1.154s] Level 1:colcon.colcon_core.package_identification:_identify(src/examples/rclpy/services/minimal_client) by extensions ['colcon_pkg']
[1.154s] Level 1:colcon.colcon_core.package_identification:_identify(src/examples/rclpy/services/minimal_client) by extension 'colcon_pkg'
[1.154s] Level 1:colcon.colcon_core.package_identification:_identify(src/examples/rclpy/services/minimal_client) by extensions ['colcon_meta']
[1.154s] Level 1:colcon.colcon_core.package_identification:_identify(src/examples/rclpy/services/minimal_client) by extension 'colcon_meta'
[1.154s] Level 1:colcon.colcon_core.package_identification:_identify(src/examples/rclpy/services/minimal_client) by extensions ['ros']
[1.154s] Level 1:colcon.colcon_core.package_identification:_identify(src/examples/rclpy/services/minimal_client) by extension 'ros'
[1.155s] DEBUG:colcon.colcon_core.package_identification:Package 'src/examples/rclpy/services/minimal_client' with type 'ros.ament_python' and name 'examples_rclpy_minimal_client'
[1.155s] Level 1:colcon.colcon_core.package_identification:_identify(src/examples/rclpy/services/minimal_service) by extensions ['ignore', 'ignore_ament_install']
[1.155s] Level 1:colcon.colcon_core.package_identification:_identify(src/examples/rclpy/services/minimal_service) by extension 'ignore'
[1.155s] Level 1:colcon.colcon_core.package_identification:_identify(src/examples/rclpy/services/minimal_service) by extension 'ignore_ament_install'
[1.155s] Level 1:colcon.colcon_core.package_identification:_identify(src/examples/rclpy/services/minimal_service) by extensions ['colcon_pkg']
[1.155s] Level 1:colcon.colcon_core.package_identification:_identify(src/examples/rclpy/services/minimal_service) by extension 'colcon_pkg'
[1.155s] Level 1:colcon.colcon_core.package_identification:_identify(src/examples/rclpy/services/minimal_service) by extensions ['colcon_meta']
[1.155s] Level 1:colcon.colcon_core.package_identification:_identify(src/examples/rclpy/services/minimal_service) by extension 'colcon_meta'
[1.155s] Level 1:colcon.colcon_core.package_identification:_identify(src/examples/rclpy/services/minimal_service) by extensions ['ros']
[1.155s] Level 1:colcon.colcon_core.package_identification:_identify(src/examples/rclpy/services/minimal_service) by extension 'ros'
[1.157s] DEBUG:colcon.colcon_core.package_identification:Package 'src/examples/rclpy/services/minimal_service' with type 'ros.ament_python' and name 'examples_rclpy_minimal_service'
[1.157s] Level 1:colcon.colcon_core.package_identification:_identify(src/examples/rclpy/topics) by extensions ['ignore', 'ignore_ament_install']
[1.157s] Level 1:colcon.colcon_core.package_identification:_identify(src/examples/rclpy/topics) by extension 'ignore'
[1.157s] Level 1:colcon.colcon_core.package_identification:_identify(src/examples/rclpy/topics) by extension 'ignore_ament_install'
[1.157s] Level 1:colcon.colcon_core.package_identification:_identify(src/examples/rclpy/topics) by extensions ['colcon_pkg']
[1.157s] Level 1:colcon.colcon_core.package_identification:_identify(src/examples/rclpy/topics) by extension 'colcon_pkg'
[1.157s] Level 1:colcon.colcon_core.package_identification:_identify(src/examples/rclpy/topics) by extensions ['colcon_meta']
[1.157s] Level 1:colcon.colcon_core.package_identification:_identify(src/examples/rclpy/topics) by extension 'colcon_meta'
[1.157s] Level 1:colcon.colcon_core.package_identification:_identify(src/examples/rclpy/topics) by extensions ['ros']
[1.157s] Level 1:colcon.colcon_core.package_identification:_identify(src/examples/rclpy/topics) by extension 'ros'
[1.158s] Level 1:colcon.colcon_core.package_identification:_identify(src/examples/rclpy/topics) by extensions ['cmake', 'python']
[1.158s] Level 1:colcon.colcon_core.package_identification:_identify(src/examples/rclpy/topics) by extension 'cmake'
[1.158s] Level 1:colcon.colcon_core.package_identification:_identify(src/examples/rclpy/topics) by extension 'python'
[1.158s] Level 1:colcon.colcon_core.package_identification:_identify(src/examples/rclpy/topics) by extensions ['python_setup_py']
[1.158s] Level 1:colcon.colcon_core.package_identification:_identify(src/examples/rclpy/topics) by extension 'python_setup_py'
[1.158s] Level 1:colcon.colcon_core.package_identification:_identify(src/examples/rclpy/topics/minimal_publisher) by extensions ['ignore', 'ignore_ament_install']
[1.158s] Level 1:colcon.colcon_core.package_identification:_identify(src/examples/rclpy/topics/minimal_publisher) by extension 'ignore'
[1.158s] Level 1:colcon.colcon_core.package_identification:_identify(src/examples/rclpy/topics/minimal_publisher) by extension 'ignore_ament_install'
[1.158s] Level 1:colcon.colcon_core.package_identification:_identify(src/examples/rclpy/topics/minimal_publisher) by extensions ['colcon_pkg']
[1.158s] Level 1:colcon.colcon_core.package_identification:_identify(src/examples/rclpy/topics/minimal_publisher) by extension 'colcon_pkg'
[1.158s] Level 1:colcon.colcon_core.package_identification:_identify(src/examples/rclpy/topics/minimal_publisher) by extensions ['colcon_meta']
[1.158s] Level 1:colcon.colcon_core.package_identification:_identify(src/examples/rclpy/topics/minimal_publisher) by extension 'colcon_meta'
[1.158s] Level 1:colcon.colcon_core.package_identification:_identify(src/examples/rclpy/topics/minimal_publisher) by extensions ['ros']
[1.158s] Level 1:colcon.colcon_core.package_identification:_identify(src/examples/rclpy/topics/minimal_publisher) by extension 'ros'
[1.159s] DEBUG:colcon.colcon_core.package_identification:Package 'src/examples/rclpy/topics/minimal_publisher' with type 'ros.ament_python' and name 'examples_rclpy_minimal_publisher'
[1.159s] Level 1:colcon.colcon_core.package_identification:_identify(src/examples/rclpy/topics/minimal_subscriber) by extensions ['ignore', 'ignore_ament_install']
[1.160s] Level 1:colcon.colcon_core.package_identification:_identify(src/examples/rclpy/topics/minimal_subscriber) by extension 'ignore'
[1.160s] Level 1:colcon.colcon_core.package_identification:_identify(src/examples/rclpy/topics/minimal_subscriber) by extension 'ignore_ament_install'
[1.160s] Level 1:colcon.colcon_core.package_identification:_identify(src/examples/rclpy/topics/minimal_subscriber) by extensions ['colcon_pkg']
[1.160s] Level 1:colcon.colcon_core.package_identification:_identify(src/examples/rclpy/topics/minimal_subscriber) by extension 'colcon_pkg'
[1.160s] Level 1:colcon.colcon_core.package_identification:_identify(src/examples/rclpy/topics/minimal_subscriber) by extensions ['colcon_meta']
[1.160s] Level 1:colcon.colcon_core.package_identification:_identify(src/examples/rclpy/topics/minimal_subscriber) by extension 'colcon_meta'
[1.160s] Level 1:colcon.colcon_core.package_identification:_identify(src/examples/rclpy/topics/minimal_subscriber) by extensions ['ros']
[1.160s] Level 1:colcon.colcon_core.package_identification:_identify(src/examples/rclpy/topics/minimal_subscriber) by extension 'ros'
[1.161s] DEBUG:colcon.colcon_core.package_identification:Package 'src/examples/rclpy/topics/minimal_subscriber' with type 'ros.ament_python' and name 'examples_rclpy_minimal_subscriber'
[1.161s] Level 1:colcon.colcon_core.package_identification:_identify(src/examples/rclpy/topics/pointcloud_publisher) by extensions ['ignore', 'ignore_ament_install']
[1.161s] Level 1:colcon.colcon_core.package_identification:_identify(src/examples/rclpy/topics/pointcloud_publisher) by extension 'ignore'
[1.161s] Level 1:colcon.colcon_core.package_identification:_identify(src/examples/rclpy/topics/pointcloud_publisher) by extension 'ignore_ament_install'
[1.161s] Level 1:colcon.colcon_core.package_identification:_identify(src/examples/rclpy/topics/pointcloud_publisher) by extensions ['colcon_pkg']
[1.161s] Level 1:colcon.colcon_core.package_identification:_identify(src/examples/rclpy/topics/pointcloud_publisher) by extension 'colcon_pkg'
[1.161s] Level 1:colcon.colcon_core.package_identification:_identify(src/examples/rclpy/topics/pointcloud_publisher) by extensions ['colcon_meta']
[1.161s] Level 1:colcon.colcon_core.package_identification:_identify(src/examples/rclpy/topics/pointcloud_publisher) by extension 'colcon_meta'
[1.161s] Level 1:colcon.colcon_core.package_identification:_identify(src/examples/rclpy/topics/pointcloud_publisher) by extensions ['ros']
[1.161s] Level 1:colcon.colcon_core.package_identification:_identify(src/examples/rclpy/topics/pointcloud_publisher) by extension 'ros'
[1.162s] DEBUG:colcon.colcon_core.package_identification:Package 'src/examples/rclpy/topics/pointcloud_publisher' with type 'ros.ament_python' and name 'examples_rclpy_pointcloud_publisher'
[1.162s] Level 1:colcon.colcon_core.package_identification:_identify(src/full_name_pkg) by extensions ['ignore', 'ignore_ament_install']
[1.162s] Level 1:colcon.colcon_core.package_identification:_identify(src/full_name_pkg) by extension 'ignore'
[1.162s] Level 1:colcon.colcon_core.package_identification:_identify(src/full_name_pkg) by extension 'ignore_ament_install'
[1.162s] Level 1:colcon.colcon_core.package_identification:_identify(src/full_name_pkg) by extensions ['colcon_pkg']
[1.162s] Level 1:colcon.colcon_core.package_identification:_identify(src/full_name_pkg) by extension 'colcon_pkg'
[1.162s] Level 1:colcon.colcon_core.package_identification:_identify(src/full_name_pkg) by extensions ['colcon_meta']
[1.163s] Level 1:colcon.colcon_core.package_identification:_identify(src/full_name_pkg) by extension 'colcon_meta'
[1.163s] Level 1:colcon.colcon_core.package_identification:_identify(src/full_name_pkg) by extensions ['ros']
[1.163s] Level 1:colcon.colcon_core.package_identification:_identify(src/full_name_pkg) by extension 'ros'
[1.164s] DEBUG:colcon.colcon_core.package_identification:Package 'src/full_name_pkg' with type 'ros.ament_cmake' and name 'full_name_pkg'
[1.164s] Level 1:colcon.colcon_core.package_identification:_identify(src/install) by extensions ['ignore', 'ignore_ament_install']
[1.164s] Level 1:colcon.colcon_core.package_identification:_identify(src/install) by extension 'ignore'
[1.164s] Level 1:colcon.colcon_core.package_identification:_identify(src/install) ignored
[1.164s] Level 1:colcon.colcon_core.package_identification:_identify(src/log) by extensions ['ignore', 'ignore_ament_install']
[1.164s] Level 1:colcon.colcon_core.package_identification:_identify(src/log) by extension 'ignore'
[1.164s] Level 1:colcon.colcon_core.package_identification:_identify(src/log) ignored
[1.165s] Level 1:colcon.colcon_core.package_identification:_identify(src/move_to_goal) by extensions ['ignore', 'ignore_ament_install']
[1.165s] Level 1:colcon.colcon_core.package_identification:_identify(src/move_to_goal) by extension 'ignore'
[1.165s] Level 1:colcon.colcon_core.package_identification:_identify(src/move_to_goal) by extension 'ignore_ament_install'
[1.165s] Level 1:colcon.colcon_core.package_identification:_identify(src/move_to_goal) by extensions ['colcon_pkg']
[1.165s] Level 1:colcon.colcon_core.package_identification:_identify(src/move_to_goal) by extension 'colcon_pkg'
[1.165s] Level 1:colcon.colcon_core.package_identification:_identify(src/move_to_goal) by extensions ['colcon_meta']
[1.165s] Level 1:colcon.colcon_core.package_identification:_identify(src/move_to_goal) by extension 'colcon_meta'
[1.165s] Level 1:colcon.colcon_core.package_identification:_identify(src/move_to_goal) by extensions ['ros']
[1.165s] Level 1:colcon.colcon_core.package_identification:_identify(src/move_to_goal) by extension 'ros'
[1.166s] DEBUG:colcon.colcon_core.package_identification:Package 'src/move_to_goal' with type 'ros.ament_cmake' and name 'move_to_goal'
[1.166s] Level 1:colcon.colcon_core.package_identification:_identify(src/ros_tutorials) by extensions ['ignore', 'ignore_ament_install']
[1.167s] Level 1:colcon.colcon_core.package_identification:_identify(src/ros_tutorials) by extension 'ignore'
[1.167s] Level 1:colcon.colcon_core.package_identification:_identify(src/ros_tutorials) by extension 'ignore_ament_install'
[1.167s] Level 1:colcon.colcon_core.package_identification:_identify(src/ros_tutorials) by extensions ['colcon_pkg']
[1.167s] Level 1:colcon.colcon_core.package_identification:_identify(src/ros_tutorials) by extension 'colcon_pkg'
[1.167s] Level 1:colcon.colcon_core.package_identification:_identify(src/ros_tutorials) by extensions ['colcon_meta']
[1.167s] Level 1:colcon.colcon_core.package_identification:_identify(src/ros_tutorials) by extension 'colcon_meta'
[1.167s] Level 1:colcon.colcon_core.package_identification:_identify(src/ros_tutorials) by extensions ['ros']
[1.167s] Level 1:colcon.colcon_core.package_identification:_identify(src/ros_tutorials) by extension 'ros'
[1.167s] Level 1:colcon.colcon_core.package_identification:_identify(src/ros_tutorials) by extensions ['cmake', 'python']
[1.167s] Level 1:colcon.colcon_core.package_identification:_identify(src/ros_tutorials) by extension 'cmake'
[1.167s] Level 1:colcon.colcon_core.package_identification:_identify(src/ros_tutorials) by extension 'python'
[1.167s] Level 1:colcon.colcon_core.package_identification:_identify(src/ros_tutorials) by extensions ['python_setup_py']
[1.167s] Level 1:colcon.colcon_core.package_identification:_identify(src/ros_tutorials) by extension 'python_setup_py'
[1.167s] Level 1:colcon.colcon_core.package_identification:_identify(src/ros_tutorials/turtlesim) by extensions ['ignore', 'ignore_ament_install']
[1.167s] Level 1:colcon.colcon_core.package_identification:_identify(src/ros_tutorials/turtlesim) by extension 'ignore'
[1.167s] Level 1:colcon.colcon_core.package_identification:_identify(src/ros_tutorials/turtlesim) ignored
[1.168s] Level 1:colcon.colcon_core.package_identification:_identify(src/ros_tutorials/turtlesim_msgs) by extensions ['ignore', 'ignore_ament_install']
[1.168s] Level 1:colcon.colcon_core.package_identification:_identify(src/ros_tutorials/turtlesim_msgs) by extension 'ignore'
[1.168s] Level 1:colcon.colcon_core.package_identification:_identify(src/ros_tutorials/turtlesim_msgs) ignored
[1.168s] Level 1:colcon.colcon_core.package_identification:_identify(src/service_full_name) by extensions ['ignore', 'ignore_ament_install']
[1.168s] Level 1:colcon.colcon_core.package_identification:_identify(src/service_full_name) by extension 'ignore'
[1.168s] Level 1:colcon.colcon_core.package_identification:_identify(src/service_full_name) by extension 'ignore_ament_install'
[1.168s] Level 1:colcon.colcon_core.package_identification:_identify(src/service_full_name) by extensions ['colcon_pkg']
[1.168s] Level 1:colcon.colcon_core.package_identification:_identify(src/service_full_name) by extension 'colcon_pkg'
[1.168s] Level 1:colcon.colcon_core.package_identification:_identify(src/service_full_name) by extensions ['colcon_meta']
[1.168s] Level 1:colcon.colcon_core.package_identification:_identify(src/service_full_name) by extension 'colcon_meta'
[1.168s] Level 1:colcon.colcon_core.package_identification:_identify(src/service_full_name) by extensions ['ros']
[1.168s] Level 1:colcon.colcon_core.package_identification:_identify(src/service_full_name) by extension 'ros'
[1.170s] DEBUG:colcon.colcon_core.package_identification:Package 'src/service_full_name' with type 'ros.ament_cmake' and name 'service_full_name'
[1.170s] Level 1:colcon.colcon_core.package_identification:_identify(time_travel) by extensions ['ignore', 'ignore_ament_install']
[1.171s] Level 1:colcon.colcon_core.package_identification:_identify(time_travel) by extension 'ignore'
[1.171s] Level 1:colcon.colcon_core.package_identification:_identify(time_travel) by extension 'ignore_ament_install'
[1.171s] Level 1:colcon.colcon_core.package_identification:_identify(time_travel) by extensions ['colcon_pkg']
[1.171s] Level 1:colcon.colcon_core.package_identification:_identify(time_travel) by extension 'colcon_pkg'
[1.171s] Level 1:colcon.colcon_core.package_identification:_identify(time_travel) by extensions ['colcon_meta']
[1.171s] Level 1:colcon.colcon_core.package_identification:_identify(time_travel) by extension 'colcon_meta'
[1.171s] Level 1:colcon.colcon_core.package_identification:_identify(time_travel) by extensions ['ros']
[1.171s] Level 1:colcon.colcon_core.package_identification:_identify(time_travel) by extension 'ros'
[1.172s] DEBUG:colcon.colcon_core.package_identification:Package 'time_travel' with type 'ros.ament_python' and name 'time_travel'
[1.172s] Level 1:colcon.colcon_core.package_discovery:discover_packages(recursive) using defaults
[1.172s] Level 1:colcon.colcon_core.package_discovery:discover_packages(ignore) discover
[1.172s] Level 1:colcon.colcon_core.package_discovery:discover_packages(ignore) using defaults
[1.172s] Level 1:colcon.colcon_core.package_discovery:discover_packages(path) discover
[1.172s] Level 1:colcon.colcon_core.package_discovery:discover_packages(path) using defaults
[1.217s] Level 1:colcon.colcon_core.package_discovery:discover_packages(prefix_path) check parameters
[1.217s] Level 1:colcon.colcon_core.package_discovery:discover_packages(prefix_path) discover
[1.223s] DEBUG:colcon.colcon_installed_package_information.package_discovery:Found 1 installed packages in /home/capybariana/workspace/ros2_ws/install
[1.224s] DEBUG:colcon.colcon_installed_package_information.package_discovery:Found 2 installed packages in /home/capybariana/workspace/install
[1.224s] DEBUG:colcon.colcon_installed_package_information.package_discovery:Found 2 installed packages in /home/capybariana/workspace/ros2_ws/src/install
[1.225s] DEBUG:colcon.colcon_installed_package_information.package_discovery:Found 282 installed packages in /opt/ros/humble
[1.227s] Level 1:colcon.colcon_core.package_discovery:discover_packages(prefix_path) using defaults
[1.270s] WARNING:colcon.colcon_core.package_selection:Some selected packages are already built in one or more underlay workspaces:
	'examples_rclcpp_minimal_action_client' is in: /opt/ros/humble
	'examples_rclcpp_minimal_composition' is in: /opt/ros/humble
	'examples_rclcpp_minimal_subscriber' is in: /opt/ros/humble
	'examples_rclpy_minimal_action_server' is in: /opt/ros/humble
	'examples_rclpy_minimal_publisher' is in: /opt/ros/humble
	'examples_rclpy_executors' is in: /opt/ros/humble
	'examples_rclcpp_minimal_action_server' is in: /opt/ros/humble
	'examples_rclcpp_minimal_service' is in: /opt/ros/humble
	'examples_rclpy_minimal_client' is in: /opt/ros/humble
	'examples_rclpy_minimal_action_client' is in: /opt/ros/humble
	'examples_rclcpp_minimal_timer' is in: /opt/ros/humble
	'examples_rclpy_minimal_subscriber' is in: /opt/ros/humble
	'examples_rclcpp_minimal_publisher' is in: /opt/ros/humble
	'examples_rclcpp_minimal_client' is in: /opt/ros/humble
	'examples_rclcpp_multithreaded_executor' is in: /opt/ros/humble
	'examples_rclpy_minimal_service' is in: /opt/ros/humble
If a package in a merged underlay workspace is overridden and it installs headers, then all packages in the overlay must sort their include directories by workspace order. Failure to do so may result in build failures or undefined behavior at run time.
If the overridden package is used by another package in any underlay, then the overriding package in the overlay must be API and ABI compatible or undefined behavior at run time may occur.

If you understand the risks and want to override a package anyways, add the following to the command line:
	--allow-overriding examples_rclcpp_minimal_action_client examples_rclcpp_minimal_action_server examples_rclcpp_minimal_client examples_rclcpp_minimal_composition examples_rclcpp_minimal_publisher examples_rclcpp_minimal_service examples_rclcpp_minimal_subscriber examples_rclcpp_minimal_timer examples_rclcpp_multithreaded_executor examples_rclpy_executors examples_rclpy_minimal_action_client examples_rclpy_minimal_action_server examples_rclpy_minimal_client examples_rclpy_minimal_publisher examples_rclpy_minimal_service examples_rclpy_minimal_subscriber

This may be promoted to an error in a future release of colcon-override-check.
[1.271s] Level 5:colcon.colcon_core.verb:set package 'capybariana' build argument 'cmake_args' from command line to 'None'
[1.271s] Level 5:colcon.colcon_core.verb:set package 'capybariana' build argument 'cmake_target' from command line to 'None'
[1.271s] Level 5:colcon.colcon_core.verb:set package 'capybariana' build argument 'cmake_target_skip_unavailable' from command line to 'False'
[1.271s] Level 5:colcon.colcon_core.verb:set package 'capybariana' build argument 'cmake_clean_cache' from command line to 'False'
[1.271s] Level 5:colcon.colcon_core.verb:set package 'capybariana' build argument 'cmake_clean_first' from command line to 'False'
[1.271s] Level 5:colcon.colcon_core.verb:set package 'capybariana' build argument 'cmake_force_configure' from command line to 'False'
[1.271s] Level 5:colcon.colcon_core.verb:set package 'capybariana' build argument 'ament_cmake_args' from command line to 'None'
[1.271s] Level 5:colcon.colcon_core.verb:set package 'capybariana' build argument 'catkin_cmake_args' from command line to 'None'
[1.271s] Level 5:colcon.colcon_core.verb:set package 'capybariana' build argument 'catkin_skip_building_tests' from command line to 'False'
[1.271s] DEBUG:colcon.colcon_core.verb:Building package 'capybariana' with the following arguments: {'ament_cmake_args': None, 'build_base': '/home/capybariana/workspace/ros2_ws/build/capybariana', 'catkin_cmake_args': None, 'catkin_skip_building_tests': False, 'cmake_args': None, 'cmake_clean_cache': False, 'cmake_clean_first': False, 'cmake_force_configure': False, 'cmake_target': None, 'cmake_target_skip_unavailable': False, 'install_base': '/home/capybariana/workspace/ros2_ws/install/capybariana', 'merge_install': False, 'path': '/home/capybariana/workspace/ros2_ws/src/capybariana', 'symlink_install': True, 'test_result_base': None}
[1.272s] Level 5:colcon.colcon_core.verb:set package 'cleaning_robot_msgs' build argument 'cmake_args' from command line to 'None'
[1.272s] Level 5:colcon.colcon_core.verb:set package 'cleaning_robot_msgs' build argument 'cmake_target' from command line to 'None'
[1.272s] Level 5:colcon.colcon_core.verb:set package 'cleaning_robot_msgs' build argument 'cmake_target_skip_unavailable' from command line to 'False'
[1.272s] Level 5:colcon.colcon_core.verb:set package 'cleaning_robot_msgs' build argument 'cmake_clean_cache' from command line to 'False'
[1.272s] Level 5:colcon.colcon_core.verb:set package 'cleaning_robot_msgs' build argument 'cmake_clean_first' from command line to 'False'
[1.272s] Level 5:colcon.colcon_core.verb:set package 'cleaning_robot_msgs' build argument 'cmake_force_configure' from command line to 'False'
[1.272s] Level 5:colcon.colcon_core.verb:set package 'cleaning_robot_msgs' build argument 'ament_cmake_args' from command line to 'None'
[1.272s] Level 5:colcon.colcon_core.verb:set package 'cleaning_robot_msgs' build argument 'catkin_cmake_args' from command line to 'None'
[1.272s] Level 5:colcon.colcon_core.verb:set package 'cleaning_robot_msgs' build argument 'catkin_skip_building_tests' from command line to 'False'
[1.272s] DEBUG:colcon.colcon_core.verb:Building package 'cleaning_robot_msgs' with the following arguments: {'ament_cmake_args': None, 'build_base': '/home/capybariana/workspace/ros2_ws/build/cleaning_robot_msgs', 'catkin_cmake_args': None, 'catkin_skip_building_tests': False, 'cmake_args': None, 'cmake_clean_cache': False, 'cmake_clean_first': False, 'cmake_force_configure': False, 'cmake_target': None, 'cmake_target_skip_unavailable': False, 'install_base': '/home/capybariana/workspace/ros2_ws/install/cleaning_robot_msgs', 'merge_install': False, 'path': '/home/capybariana/workspace/ros2_ws/src/cleaning_robot_msgs', 'symlink_install': True, 'test_result_base': None}
[1.273s] Level 5:colcon.colcon_core.verb:set package 'ex02' build argument 'cmake_args' from command line to 'None'
[1.273s] Level 5:colcon.colcon_core.verb:set package 'ex02' build argument 'cmake_target' from command line to 'None'
[1.273s] Level 5:colcon.colcon_core.verb:set package 'ex02' build argument 'cmake_target_skip_unavailable' from command line to 'False'
[1.273s] Level 5:colcon.colcon_core.verb:set package 'ex02' build argument 'cmake_clean_cache' from command line to 'False'
[1.273s] Level 5:colcon.colcon_core.verb:set package 'ex02' build argument 'cmake_clean_first' from command line to 'False'
[1.273s] Level 5:colcon.colcon_core.verb:set package 'ex02' build argument 'cmake_force_configure' from command line to 'False'
[1.273s] Level 5:colcon.colcon_core.verb:set package 'ex02' build argument 'ament_cmake_args' from command line to 'None'
[1.273s] Level 5:colcon.colcon_core.verb:set package 'ex02' build argument 'catkin_cmake_args' from command line to 'None'
[1.273s] Level 5:colcon.colcon_core.verb:set package 'ex02' build argument 'catkin_skip_building_tests' from command line to 'False'
[1.273s] DEBUG:colcon.colcon_core.verb:Building package 'ex02' with the following arguments: {'ament_cmake_args': None, 'build_base': '/home/capybariana/workspace/ros2_ws/build/ex02', 'catkin_cmake_args': None, 'catkin_skip_building_tests': False, 'cmake_args': None, 'cmake_clean_cache': False, 'cmake_clean_first': False, 'cmake_force_configure': False, 'cmake_target': None, 'cmake_target_skip_unavailable': False, 'install_base': '/home/capybariana/workspace/ros2_ws/install/ex02', 'merge_install': False, 'path': '/home/capybariana/workspace/ros2_ws/src/ex02', 'symlink_install': True, 'test_result_base': None}
[1.274s] Level 5:colcon.colcon_core.verb:set package 'ex03' build argument 'cmake_args' from command line to 'None'
[1.274s] Level 5:colcon.colcon_core.verb:set package 'ex03' build argument 'cmake_target' from command line to 'None'
[1.274s] Level 5:colcon.colcon_core.verb:set package 'ex03' build argument 'cmake_target_skip_unavailable' from command line to 'False'
[1.274s] Level 5:colcon.colcon_core.verb:set package 'ex03' build argument 'cmake_clean_cache' from command line to 'False'
[1.274s] Level 5:colcon.colcon_core.verb:set package 'ex03' build argument 'cmake_clean_first' from command line to 'False'
[1.274s] Level 5:colcon.colcon_core.verb:set package 'ex03' build argument 'cmake_force_configure' from command line to 'False'
[1.274s] Level 5:colcon.colcon_core.verb:set package 'ex03' build argument 'ament_cmake_args' from command line to 'None'
[1.274s] Level 5:colcon.colcon_core.verb:set package 'ex03' build argument 'catkin_cmake_args' from command line to 'None'
[1.274s] Level 5:colcon.colcon_core.verb:set package 'ex03' build argument 'catkin_skip_building_tests' from command line to 'False'
[1.274s] DEBUG:colcon.colcon_core.verb:Building package 'ex03' with the following arguments: {'ament_cmake_args': None, 'build_base': '/home/capybariana/workspace/ros2_ws/build/ex03', 'catkin_cmake_args': None, 'catkin_skip_building_tests': False, 'cmake_args': None, 'cmake_clean_cache': False, 'cmake_clean_first': False, 'cmake_force_configure': False, 'cmake_target': None, 'cmake_target_skip_unavailable': False, 'install_base': '/home/capybariana/workspace/ros2_ws/install/ex03', 'merge_install': False, 'path': '/home/capybariana/workspace/ros2_ws/src/ex03', 'symlink_install': True, 'test_result_base': None}
[1.275s] Level 5:colcon.colcon_core.verb:set package 'ex10' build argument 'cmake_args' from command line to 'None'
[1.275s] Level 5:colcon.colcon_core.verb:set package 'ex10' build argument 'cmake_target' from command line to 'None'
[1.275s] Level 5:colcon.colcon_core.verb:set package 'ex10' build argument 'cmake_target_skip_unavailable' from command line to 'False'
[1.275s] Level 5:colcon.colcon_core.verb:set package 'ex10' build argument 'cmake_clean_cache' from command line to 'False'
[1.275s] Level 5:colcon.colcon_core.verb:set package 'ex10' build argument 'cmake_clean_first' from command line to 'False'
[1.275s] Level 5:colcon.colcon_core.verb:set package 'ex10' build argument 'cmake_force_configure' from command line to 'False'
[1.275s] Level 5:colcon.colcon_core.verb:set package 'ex10' build argument 'ament_cmake_args' from command line to 'None'
[1.275s] Level 5:colcon.colcon_core.verb:set package 'ex10' build argument 'catkin_cmake_args' from command line to 'None'
[1.275s] Level 5:colcon.colcon_core.verb:set package 'ex10' build argument 'catkin_skip_building_tests' from command line to 'False'
[1.275s] DEBUG:colcon.colcon_core.verb:Building package 'ex10' with the following arguments: {'ament_cmake_args': None, 'build_base': '/home/capybariana/workspace/ros2_ws/build/ex10', 'catkin_cmake_args': None, 'catkin_skip_building_tests': False, 'cmake_args': None, 'cmake_clean_cache': False, 'cmake_clean_first': False, 'cmake_force_configure': False, 'cmake_target': None, 'cmake_target_skip_unavailable': False, 'install_base': '/home/capybariana/workspace/ros2_ws/install/ex10', 'merge_install': False, 'path': '/home/capybariana/workspace/ros2_ws/src/ex10', 'symlink_install': True, 'test_result_base': None}
[1.276s] Level 5:colcon.colcon_core.verb:set package 'examples_rclcpp_async_client' build argument 'cmake_args' from command line to 'None'
[1.276s] Level 5:colcon.colcon_core.verb:set package 'examples_rclcpp_async_client' build argument 'cmake_target' from command line to 'None'
[1.276s] Level 5:colcon.colcon_core.verb:set package 'examples_rclcpp_async_client' build argument 'cmake_target_skip_unavailable' from command line to 'False'
[1.276s] Level 5:colcon.colcon_core.verb:set package 'examples_rclcpp_async_client' build argument 'cmake_clean_cache' from command line to 'False'
[1.276s] Level 5:colcon.colcon_core.verb:set package 'examples_rclcpp_async_client' build argument 'cmake_clean_first' from command line to 'False'
[1.276s] Level 5:colcon.colcon_core.verb:set package 'examples_rclcpp_async_client' build argument 'cmake_force_configure' from command line to 'False'
[1.276s] Level 5:colcon.colcon_core.verb:set package 'examples_rclcpp_async_client' build argument 'ament_cmake_args' from command line to 'None'
[1.276s] Level 5:colcon.colcon_core.verb:set package 'examples_rclcpp_async_client' build argument 'catkin_cmake_args' from command line to 'None'
[1.276s] Level 5:colcon.colcon_core.verb:set package 'examples_rclcpp_async_client' build argument 'catkin_skip_building_tests' from command line to 'False'
[1.276s] DEBUG:colcon.colcon_core.verb:Building package 'examples_rclcpp_async_client' with the following arguments: {'ament_cmake_args': None, 'build_base': '/home/capybariana/workspace/ros2_ws/build/examples_rclcpp_async_client', 'catkin_cmake_args': None, 'catkin_skip_building_tests': False, 'cmake_args': None, 'cmake_clean_cache': False, 'cmake_clean_first': False, 'cmake_force_configure': False, 'cmake_target': None, 'cmake_target_skip_unavailable': False, 'install_base': '/home/capybariana/workspace/ros2_ws/install/examples_rclcpp_async_client', 'merge_install': False, 'path': '/home/capybariana/workspace/ros2_ws/src/examples/rclcpp/services/async_client', 'symlink_install': True, 'test_result_base': None}
[1.277s] Level 5:colcon.colcon_core.verb:set package 'examples_rclcpp_cbg_executor' build argument 'cmake_args' from command line to 'None'
[1.277s] Level 5:colcon.colcon_core.verb:set package 'examples_rclcpp_cbg_executor' build argument 'cmake_target' from command line to 'None'
[1.277s] Level 5:colcon.colcon_core.verb:set package 'examples_rclcpp_cbg_executor' build argument 'cmake_target_skip_unavailable' from command line to 'False'
[1.277s] Level 5:colcon.colcon_core.verb:set package 'examples_rclcpp_cbg_executor' build argument 'cmake_clean_cache' from command line to 'False'
[1.277s] Level 5:colcon.colcon_core.verb:set package 'examples_rclcpp_cbg_executor' build argument 'cmake_clean_first' from command line to 'False'
[1.277s] Level 5:colcon.colcon_core.verb:set package 'examples_rclcpp_cbg_executor' build argument 'cmake_force_configure' from command line to 'False'
[1.277s] Level 5:colcon.colcon_core.verb:set package 'examples_rclcpp_cbg_executor' build argument 'ament_cmake_args' from command line to 'None'
[1.277s] Level 5:colcon.colcon_core.verb:set package 'examples_rclcpp_cbg_executor' build argument 'catkin_cmake_args' from command line to 'None'
[1.277s] Level 5:colcon.colcon_core.verb:set package 'examples_rclcpp_cbg_executor' build argument 'catkin_skip_building_tests' from command line to 'False'
[1.277s] DEBUG:colcon.colcon_core.verb:Building package 'examples_rclcpp_cbg_executor' with the following arguments: {'ament_cmake_args': None, 'build_base': '/home/capybariana/workspace/ros2_ws/build/examples_rclcpp_cbg_executor', 'catkin_cmake_args': None, 'catkin_skip_building_tests': False, 'cmake_args': None, 'cmake_clean_cache': False, 'cmake_clean_first': False, 'cmake_force_configure': False, 'cmake_target': None, 'cmake_target_skip_unavailable': False, 'install_base': '/home/capybariana/workspace/ros2_ws/install/examples_rclcpp_cbg_executor', 'merge_install': False, 'path': '/home/capybariana/workspace/ros2_ws/src/examples/rclcpp/executors/cbg_executor', 'symlink_install': True, 'test_result_base': None}
[1.278s] Level 5:colcon.colcon_core.verb:set package 'examples_rclcpp_minimal_action_client' build argument 'cmake_args' from command line to 'None'
[1.278s] Level 5:colcon.colcon_core.verb:set package 'examples_rclcpp_minimal_action_client' build argument 'cmake_target' from command line to 'None'
[1.278s] Level 5:colcon.colcon_core.verb:set package 'examples_rclcpp_minimal_action_client' build argument 'cmake_target_skip_unavailable' from command line to 'False'
[1.278s] Level 5:colcon.colcon_core.verb:set package 'examples_rclcpp_minimal_action_client' build argument 'cmake_clean_cache' from command line to 'False'
[1.278s] Level 5:colcon.colcon_core.verb:set package 'examples_rclcpp_minimal_action_client' build argument 'cmake_clean_first' from command line to 'False'
[1.278s] Level 5:colcon.colcon_core.verb:set package 'examples_rclcpp_minimal_action_client' build argument 'cmake_force_configure' from command line to 'False'
[1.278s] Level 5:colcon.colcon_core.verb:set package 'examples_rclcpp_minimal_action_client' build argument 'ament_cmake_args' from command line to 'None'
[1.278s] Level 5:colcon.colcon_core.verb:set package 'examples_rclcpp_minimal_action_client' build argument 'catkin_cmake_args' from command line to 'None'
[1.278s] Level 5:colcon.colcon_core.verb:set package 'examples_rclcpp_minimal_action_client' build argument 'catkin_skip_building_tests' from command line to 'False'
[1.278s] DEBUG:colcon.colcon_core.verb:Building package 'examples_rclcpp_minimal_action_client' with the following arguments: {'ament_cmake_args': None, 'build_base': '/home/capybariana/workspace/ros2_ws/build/examples_rclcpp_minimal_action_client', 'catkin_cmake_args': None, 'catkin_skip_building_tests': False, 'cmake_args': None, 'cmake_clean_cache': False, 'cmake_clean_first': False, 'cmake_force_configure': False, 'cmake_target': None, 'cmake_target_skip_unavailable': False, 'install_base': '/home/capybariana/workspace/ros2_ws/install/examples_rclcpp_minimal_action_client', 'merge_install': False, 'path': '/home/capybariana/workspace/ros2_ws/src/examples/rclcpp/actions/minimal_action_client', 'symlink_install': True, 'test_result_base': None}
[1.279s] Level 5:colcon.colcon_core.verb:set package 'examples_rclcpp_minimal_action_server' build argument 'cmake_args' from command line to 'None'
[1.280s] Level 5:colcon.colcon_core.verb:set package 'examples_rclcpp_minimal_action_server' build argument 'cmake_target' from command line to 'None'
[1.280s] Level 5:colcon.colcon_core.verb:set package 'examples_rclcpp_minimal_action_server' build argument 'cmake_target_skip_unavailable' from command line to 'False'
[1.280s] Level 5:colcon.colcon_core.verb:set package 'examples_rclcpp_minimal_action_server' build argument 'cmake_clean_cache' from command line to 'False'
[1.281s] Level 5:colcon.colcon_core.verb:set package 'examples_rclcpp_minimal_action_server' build argument 'cmake_clean_first' from command line to 'False'
[1.281s] Level 5:colcon.colcon_core.verb:set package 'examples_rclcpp_minimal_action_server' build argument 'cmake_force_configure' from command line to 'False'
[1.281s] Level 5:colcon.colcon_core.verb:set package 'examples_rclcpp_minimal_action_server' build argument 'ament_cmake_args' from command line to 'None'
[1.281s] Level 5:colcon.colcon_core.verb:set package 'examples_rclcpp_minimal_action_server' build argument 'catkin_cmake_args' from command line to 'None'
[1.281s] Level 5:colcon.colcon_core.verb:set package 'examples_rclcpp_minimal_action_server' build argument 'catkin_skip_building_tests' from command line to 'False'
[1.281s] DEBUG:colcon.colcon_core.verb:Building package 'examples_rclcpp_minimal_action_server' with the following arguments: {'ament_cmake_args': None, 'build_base': '/home/capybariana/workspace/ros2_ws/build/examples_rclcpp_minimal_action_server', 'catkin_cmake_args': None, 'catkin_skip_building_tests': False, 'cmake_args': None, 'cmake_clean_cache': False, 'cmake_clean_first': False, 'cmake_force_configure': False, 'cmake_target': None, 'cmake_target_skip_unavailable': False, 'install_base': '/home/capybariana/workspace/ros2_ws/install/examples_rclcpp_minimal_action_server', 'merge_install': False, 'path': '/home/capybariana/workspace/ros2_ws/src/examples/rclcpp/actions/minimal_action_server', 'symlink_install': True, 'test_result_base': None}
[1.281s] Level 5:colcon.colcon_core.verb:set package 'examples_rclcpp_minimal_client' build argument 'cmake_args' from command line to 'None'
[1.281s] Level 5:colcon.colcon_core.verb:set package 'examples_rclcpp_minimal_client' build argument 'cmake_target' from command line to 'None'
[1.281s] Level 5:colcon.colcon_core.verb:set package 'examples_rclcpp_minimal_client' build argument 'cmake_target_skip_unavailable' from command line to 'False'
[1.281s] Level 5:colcon.colcon_core.verb:set package 'examples_rclcpp_minimal_client' build argument 'cmake_clean_cache' from command line to 'False'
[1.281s] Level 5:colcon.colcon_core.verb:set package 'examples_rclcpp_minimal_client' build argument 'cmake_clean_first' from command line to 'False'
[1.281s] Level 5:colcon.colcon_core.verb:set package 'examples_rclcpp_minimal_client' build argument 'cmake_force_configure' from command line to 'False'
[1.281s] Level 5:colcon.colcon_core.verb:set package 'examples_rclcpp_minimal_client' build argument 'ament_cmake_args' from command line to 'None'
[1.281s] Level 5:colcon.colcon_core.verb:set package 'examples_rclcpp_minimal_client' build argument 'catkin_cmake_args' from command line to 'None'
[1.281s] Level 5:colcon.colcon_core.verb:set package 'examples_rclcpp_minimal_client' build argument 'catkin_skip_building_tests' from command line to 'False'
[1.281s] DEBUG:colcon.colcon_core.verb:Building package 'examples_rclcpp_minimal_client' with the following arguments: {'ament_cmake_args': None, 'build_base': '/home/capybariana/workspace/ros2_ws/build/examples_rclcpp_minimal_client', 'catkin_cmake_args': None, 'catkin_skip_building_tests': False, 'cmake_args': None, 'cmake_clean_cache': False, 'cmake_clean_first': False, 'cmake_force_configure': False, 'cmake_target': None, 'cmake_target_skip_unavailable': False, 'install_base': '/home/capybariana/workspace/ros2_ws/install/examples_rclcpp_minimal_client', 'merge_install': False, 'path': '/home/capybariana/workspace/ros2_ws/src/examples/rclcpp/services/minimal_client', 'symlink_install': True, 'test_result_base': None}
[1.282s] Level 5:colcon.colcon_core.verb:set package 'examples_rclcpp_minimal_composition' build argument 'cmake_args' from command line to 'None'
[1.282s] Level 5:colcon.colcon_core.verb:set package 'examples_rclcpp_minimal_composition' build argument 'cmake_target' from command line to 'None'
[1.282s] Level 5:colcon.colcon_core.verb:set package 'examples_rclcpp_minimal_composition' build argument 'cmake_target_skip_unavailable' from command line to 'False'
[1.282s] Level 5:colcon.colcon_core.verb:set package 'examples_rclcpp_minimal_composition' build argument 'cmake_clean_cache' from command line to 'False'
[1.282s] Level 5:colcon.colcon_core.verb:set package 'examples_rclcpp_minimal_composition' build argument 'cmake_clean_first' from command line to 'False'
[1.282s] Level 5:colcon.colcon_core.verb:set package 'examples_rclcpp_minimal_composition' build argument 'cmake_force_configure' from command line to 'False'
[1.282s] Level 5:colcon.colcon_core.verb:set package 'examples_rclcpp_minimal_composition' build argument 'ament_cmake_args' from command line to 'None'
[1.282s] Level 5:colcon.colcon_core.verb:set package 'examples_rclcpp_minimal_composition' build argument 'catkin_cmake_args' from command line to 'None'
[1.282s] Level 5:colcon.colcon_core.verb:set package 'examples_rclcpp_minimal_composition' build argument 'catkin_skip_building_tests' from command line to 'False'
[1.282s] DEBUG:colcon.colcon_core.verb:Building package 'examples_rclcpp_minimal_composition' with the following arguments: {'ament_cmake_args': None, 'build_base': '/home/capybariana/workspace/ros2_ws/build/examples_rclcpp_minimal_composition', 'catkin_cmake_args': None, 'catkin_skip_building_tests': False, 'cmake_args': None, 'cmake_clean_cache': False, 'cmake_clean_first': False, 'cmake_force_configure': False, 'cmake_target': None, 'cmake_target_skip_unavailable': False, 'install_base': '/home/capybariana/workspace/ros2_ws/install/examples_rclcpp_minimal_composition', 'merge_install': False, 'path': '/home/capybariana/workspace/ros2_ws/src/examples/rclcpp/composition/minimal_composition', 'symlink_install': True, 'test_result_base': None}
[1.282s] Level 5:colcon.colcon_core.verb:set package 'examples_rclcpp_minimal_publisher' build argument 'cmake_args' from command line to 'None'
[1.282s] Level 5:colcon.colcon_core.verb:set package 'examples_rclcpp_minimal_publisher' build argument 'cmake_target' from command line to 'None'
[1.282s] Level 5:colcon.colcon_core.verb:set package 'examples_rclcpp_minimal_publisher' build argument 'cmake_target_skip_unavailable' from command line to 'False'
[1.282s] Level 5:colcon.colcon_core.verb:set package 'examples_rclcpp_minimal_publisher' build argument 'cmake_clean_cache' from command line to 'False'
[1.283s] Level 5:colcon.colcon_core.verb:set package 'examples_rclcpp_minimal_publisher' build argument 'cmake_clean_first' from command line to 'False'
[1.283s] Level 5:colcon.colcon_core.verb:set package 'examples_rclcpp_minimal_publisher' build argument 'cmake_force_configure' from command line to 'False'
[1.283s] Level 5:colcon.colcon_core.verb:set package 'examples_rclcpp_minimal_publisher' build argument 'ament_cmake_args' from command line to 'None'
[1.283s] Level 5:colcon.colcon_core.verb:set package 'examples_rclcpp_minimal_publisher' build argument 'catkin_cmake_args' from command line to 'None'
[1.283s] Level 5:colcon.colcon_core.verb:set package 'examples_rclcpp_minimal_publisher' build argument 'catkin_skip_building_tests' from command line to 'False'
[1.283s] DEBUG:colcon.colcon_core.verb:Building package 'examples_rclcpp_minimal_publisher' with the following arguments: {'ament_cmake_args': None, 'build_base': '/home/capybariana/workspace/ros2_ws/build/examples_rclcpp_minimal_publisher', 'catkin_cmake_args': None, 'catkin_skip_building_tests': False, 'cmake_args': None, 'cmake_clean_cache': False, 'cmake_clean_first': False, 'cmake_force_configure': False, 'cmake_target': None, 'cmake_target_skip_unavailable': False, 'install_base': '/home/capybariana/workspace/ros2_ws/install/examples_rclcpp_minimal_publisher', 'merge_install': False, 'path': '/home/capybariana/workspace/ros2_ws/src/examples/rclcpp/topics/minimal_publisher', 'symlink_install': True, 'test_result_base': None}
[1.283s] Level 5:colcon.colcon_core.verb:set package 'examples_rclcpp_minimal_service' build argument 'cmake_args' from command line to 'None'
[1.283s] Level 5:colcon.colcon_core.verb:set package 'examples_rclcpp_minimal_service' build argument 'cmake_target' from command line to 'None'
[1.283s] Level 5:colcon.colcon_core.verb:set package 'examples_rclcpp_minimal_service' build argument 'cmake_target_skip_unavailable' from command line to 'False'
[1.283s] Level 5:colcon.colcon_core.verb:set package 'examples_rclcpp_minimal_service' build argument 'cmake_clean_cache' from command line to 'False'
[1.283s] Level 5:colcon.colcon_core.verb:set package 'examples_rclcpp_minimal_service' build argument 'cmake_clean_first' from command line to 'False'
[1.283s] Level 5:colcon.colcon_core.verb:set package 'examples_rclcpp_minimal_service' build argument 'cmake_force_configure' from command line to 'False'
[1.283s] Level 5:colcon.colcon_core.verb:set package 'examples_rclcpp_minimal_service' build argument 'ament_cmake_args' from command line to 'None'
[1.283s] Level 5:colcon.colcon_core.verb:set package 'examples_rclcpp_minimal_service' build argument 'catkin_cmake_args' from command line to 'None'
[1.283s] Level 5:colcon.colcon_core.verb:set package 'examples_rclcpp_minimal_service' build argument 'catkin_skip_building_tests' from command line to 'False'
[1.283s] DEBUG:colcon.colcon_core.verb:Building package 'examples_rclcpp_minimal_service' with the following arguments: {'ament_cmake_args': None, 'build_base': '/home/capybariana/workspace/ros2_ws/build/examples_rclcpp_minimal_service', 'catkin_cmake_args': None, 'catkin_skip_building_tests': False, 'cmake_args': None, 'cmake_clean_cache': False, 'cmake_clean_first': False, 'cmake_force_configure': False, 'cmake_target': None, 'cmake_target_skip_unavailable': False, 'install_base': '/home/capybariana/workspace/ros2_ws/install/examples_rclcpp_minimal_service', 'merge_install': False, 'path': '/home/capybariana/workspace/ros2_ws/src/examples/rclcpp/services/minimal_service', 'symlink_install': True, 'test_result_base': None}
[1.284s] Level 5:colcon.colcon_core.verb:set package 'examples_rclcpp_minimal_subscriber' build argument 'cmake_args' from command line to 'None'
[1.284s] Level 5:colcon.colcon_core.verb:set package 'examples_rclcpp_minimal_subscriber' build argument 'cmake_target' from command line to 'None'
[1.284s] Level 5:colcon.colcon_core.verb:set package 'examples_rclcpp_minimal_subscriber' build argument 'cmake_target_skip_unavailable' from command line to 'False'
[1.284s] Level 5:colcon.colcon_core.verb:set package 'examples_rclcpp_minimal_subscriber' build argument 'cmake_clean_cache' from command line to 'False'
[1.284s] Level 5:colcon.colcon_core.verb:set package 'examples_rclcpp_minimal_subscriber' build argument 'cmake_clean_first' from command line to 'False'
[1.284s] Level 5:colcon.colcon_core.verb:set package 'examples_rclcpp_minimal_subscriber' build argument 'cmake_force_configure' from command line to 'False'
[1.284s] Level 5:colcon.colcon_core.verb:set package 'examples_rclcpp_minimal_subscriber' build argument 'ament_cmake_args' from command line to 'None'
[1.284s] Level 5:colcon.colcon_core.verb:set package 'examples_rclcpp_minimal_subscriber' build argument 'catkin_cmake_args' from command line to 'None'
[1.284s] Level 5:colcon.colcon_core.verb:set package 'examples_rclcpp_minimal_subscriber' build argument 'catkin_skip_building_tests' from command line to 'False'
[1.284s] DEBUG:colcon.colcon_core.verb:Building package 'examples_rclcpp_minimal_subscriber' with the following arguments: {'ament_cmake_args': None, 'build_base': '/home/capybariana/workspace/ros2_ws/build/examples_rclcpp_minimal_subscriber', 'catkin_cmake_args': None, 'catkin_skip_building_tests': False, 'cmake_args': None, 'cmake_clean_cache': False, 'cmake_clean_first': False, 'cmake_force_configure': False, 'cmake_target': None, 'cmake_target_skip_unavailable': False, 'install_base': '/home/capybariana/workspace/ros2_ws/install/examples_rclcpp_minimal_subscriber', 'merge_install': False, 'path': '/home/capybariana/workspace/ros2_ws/src/examples/rclcpp/topics/minimal_subscriber', 'symlink_install': True, 'test_result_base': None}
[1.284s] Level 5:colcon.colcon_core.verb:set package 'examples_rclcpp_minimal_timer' build argument 'cmake_args' from command line to 'None'
[1.284s] Level 5:colcon.colcon_core.verb:set package 'examples_rclcpp_minimal_timer' build argument 'cmake_target' from command line to 'None'
[1.284s] Level 5:colcon.colcon_core.verb:set package 'examples_rclcpp_minimal_timer' build argument 'cmake_target_skip_unavailable' from command line to 'False'
[1.284s] Level 5:colcon.colcon_core.verb:set package 'examples_rclcpp_minimal_timer' build argument 'cmake_clean_cache' from command line to 'False'
[1.284s] Level 5:colcon.colcon_core.verb:set package 'examples_rclcpp_minimal_timer' build argument 'cmake_clean_first' from command line to 'False'
[1.284s] Level 5:colcon.colcon_core.verb:set package 'examples_rclcpp_minimal_timer' build argument 'cmake_force_configure' from command line to 'False'
[1.284s] Level 5:colcon.colcon_core.verb:set package 'examples_rclcpp_minimal_timer' build argument 'ament_cmake_args' from command line to 'None'
[1.284s] Level 5:colcon.colcon_core.verb:set package 'examples_rclcpp_minimal_timer' build argument 'catkin_cmake_args' from command line to 'None'
[1.284s] Level 5:colcon.colcon_core.verb:set package 'examples_rclcpp_minimal_timer' build argument 'catkin_skip_building_tests' from command line to 'False'
[1.284s] DEBUG:colcon.colcon_core.verb:Building package 'examples_rclcpp_minimal_timer' with the following arguments: {'ament_cmake_args': None, 'build_base': '/home/capybariana/workspace/ros2_ws/build/examples_rclcpp_minimal_timer', 'catkin_cmake_args': None, 'catkin_skip_building_tests': False, 'cmake_args': None, 'cmake_clean_cache': False, 'cmake_clean_first': False, 'cmake_force_configure': False, 'cmake_target': None, 'cmake_target_skip_unavailable': False, 'install_base': '/home/capybariana/workspace/ros2_ws/install/examples_rclcpp_minimal_timer', 'merge_install': False, 'path': '/home/capybariana/workspace/ros2_ws/src/examples/rclcpp/timers/minimal_timer', 'symlink_install': True, 'test_result_base': None}
[1.285s] Level 5:colcon.colcon_core.verb:set package 'examples_rclcpp_multithreaded_executor' build argument 'cmake_args' from command line to 'None'
[1.285s] Level 5:colcon.colcon_core.verb:set package 'examples_rclcpp_multithreaded_executor' build argument 'cmake_target' from command line to 'None'
[1.285s] Level 5:colcon.colcon_core.verb:set package 'examples_rclcpp_multithreaded_executor' build argument 'cmake_target_skip_unavailable' from command line to 'False'
[1.285s] Level 5:colcon.colcon_core.verb:set package 'examples_rclcpp_multithreaded_executor' build argument 'cmake_clean_cache' from command line to 'False'
[1.285s] Level 5:colcon.colcon_core.verb:set package 'examples_rclcpp_multithreaded_executor' build argument 'cmake_clean_first' from command line to 'False'
[1.285s] Level 5:colcon.colcon_core.verb:set package 'examples_rclcpp_multithreaded_executor' build argument 'cmake_force_configure' from command line to 'False'
[1.285s] Level 5:colcon.colcon_core.verb:set package 'examples_rclcpp_multithreaded_executor' build argument 'ament_cmake_args' from command line to 'None'
[1.285s] Level 5:colcon.colcon_core.verb:set package 'examples_rclcpp_multithreaded_executor' build argument 'catkin_cmake_args' from command line to 'None'
[1.285s] Level 5:colcon.colcon_core.verb:set package 'examples_rclcpp_multithreaded_executor' build argument 'catkin_skip_building_tests' from command line to 'False'
[1.285s] DEBUG:colcon.colcon_core.verb:Building package 'examples_rclcpp_multithreaded_executor' with the following arguments: {'ament_cmake_args': None, 'build_base': '/home/capybariana/workspace/ros2_ws/build/examples_rclcpp_multithreaded_executor', 'catkin_cmake_args': None, 'catkin_skip_building_tests': False, 'cmake_args': None, 'cmake_clean_cache': False, 'cmake_clean_first': False, 'cmake_force_configure': False, 'cmake_target': None, 'cmake_target_skip_unavailable': False, 'install_base': '/home/capybariana/workspace/ros2_ws/install/examples_rclcpp_multithreaded_executor', 'merge_install': False, 'path': '/home/capybariana/workspace/ros2_ws/src/examples/rclcpp/executors/multithreaded_executor', 'symlink_install': True, 'test_result_base': None}
[1.285s] Level 5:colcon.colcon_core.verb:set package 'examples_rclcpp_wait_set' build argument 'cmake_args' from command line to 'None'
[1.285s] Level 5:colcon.colcon_core.verb:set package 'examples_rclcpp_wait_set' build argument 'cmake_target' from command line to 'None'
[1.285s] Level 5:colcon.colcon_core.verb:set package 'examples_rclcpp_wait_set' build argument 'cmake_target_skip_unavailable' from command line to 'False'
[1.285s] Level 5:colcon.colcon_core.verb:set package 'examples_rclcpp_wait_set' build argument 'cmake_clean_cache' from command line to 'False'
[1.285s] Level 5:colcon.colcon_core.verb:set package 'examples_rclcpp_wait_set' build argument 'cmake_clean_first' from command line to 'False'
[1.285s] Level 5:colcon.colcon_core.verb:set package 'examples_rclcpp_wait_set' build argument 'cmake_force_configure' from command line to 'False'
[1.285s] Level 5:colcon.colcon_core.verb:set package 'examples_rclcpp_wait_set' build argument 'ament_cmake_args' from command line to 'None'
[1.285s] Level 5:colcon.colcon_core.verb:set package 'examples_rclcpp_wait_set' build argument 'catkin_cmake_args' from command line to 'None'
[1.285s] Level 5:colcon.colcon_core.verb:set package 'examples_rclcpp_wait_set' build argument 'catkin_skip_building_tests' from command line to 'False'
[1.285s] DEBUG:colcon.colcon_core.verb:Building package 'examples_rclcpp_wait_set' with the following arguments: {'ament_cmake_args': None, 'build_base': '/home/capybariana/workspace/ros2_ws/build/examples_rclcpp_wait_set', 'catkin_cmake_args': None, 'catkin_skip_building_tests': False, 'cmake_args': None, 'cmake_clean_cache': False, 'cmake_clean_first': False, 'cmake_force_configure': False, 'cmake_target': None, 'cmake_target_skip_unavailable': False, 'install_base': '/home/capybariana/workspace/ros2_ws/install/examples_rclcpp_wait_set', 'merge_install': False, 'path': '/home/capybariana/workspace/ros2_ws/src/examples/rclcpp/wait_set', 'symlink_install': True, 'test_result_base': None}
[1.286s] Level 5:colcon.colcon_core.verb:set package 'examples_rclpy_executors' build argument 'cmake_args' from command line to 'None'
[1.286s] Level 5:colcon.colcon_core.verb:set package 'examples_rclpy_executors' build argument 'cmake_target' from command line to 'None'
[1.286s] Level 5:colcon.colcon_core.verb:set package 'examples_rclpy_executors' build argument 'cmake_target_skip_unavailable' from command line to 'False'
[1.286s] Level 5:colcon.colcon_core.verb:set package 'examples_rclpy_executors' build argument 'cmake_clean_cache' from command line to 'False'
[1.286s] Level 5:colcon.colcon_core.verb:set package 'examples_rclpy_executors' build argument 'cmake_clean_first' from command line to 'False'
[1.286s] Level 5:colcon.colcon_core.verb:set package 'examples_rclpy_executors' build argument 'cmake_force_configure' from command line to 'False'
[1.286s] Level 5:colcon.colcon_core.verb:set package 'examples_rclpy_executors' build argument 'ament_cmake_args' from command line to 'None'
[1.286s] Level 5:colcon.colcon_core.verb:set package 'examples_rclpy_executors' build argument 'catkin_cmake_args' from command line to 'None'
[1.286s] Level 5:colcon.colcon_core.verb:set package 'examples_rclpy_executors' build argument 'catkin_skip_building_tests' from command line to 'False'
[1.286s] DEBUG:colcon.colcon_core.verb:Building package 'examples_rclpy_executors' with the following arguments: {'ament_cmake_args': None, 'build_base': '/home/capybariana/workspace/ros2_ws/build/examples_rclpy_executors', 'catkin_cmake_args': None, 'catkin_skip_building_tests': False, 'cmake_args': None, 'cmake_clean_cache': False, 'cmake_clean_first': False, 'cmake_force_configure': False, 'cmake_target': None, 'cmake_target_skip_unavailable': False, 'install_base': '/home/capybariana/workspace/ros2_ws/install/examples_rclpy_executors', 'merge_install': False, 'path': '/home/capybariana/workspace/ros2_ws/src/examples/rclpy/executors', 'symlink_install': True, 'test_result_base': None}
[1.286s] Level 5:colcon.colcon_core.verb:set package 'examples_rclpy_guard_conditions' build argument 'cmake_args' from command line to 'None'
[1.286s] Level 5:colcon.colcon_core.verb:set package 'examples_rclpy_guard_conditions' build argument 'cmake_target' from command line to 'None'
[1.286s] Level 5:colcon.colcon_core.verb:set package 'examples_rclpy_guard_conditions' build argument 'cmake_target_skip_unavailable' from command line to 'False'
[1.286s] Level 5:colcon.colcon_core.verb:set package 'examples_rclpy_guard_conditions' build argument 'cmake_clean_cache' from command line to 'False'
[1.286s] Level 5:colcon.colcon_core.verb:set package 'examples_rclpy_guard_conditions' build argument 'cmake_clean_first' from command line to 'False'
[1.286s] Level 5:colcon.colcon_core.verb:set package 'examples_rclpy_guard_conditions' build argument 'cmake_force_configure' from command line to 'False'
[1.286s] Level 5:colcon.colcon_core.verb:set package 'examples_rclpy_guard_conditions' build argument 'ament_cmake_args' from command line to 'None'
[1.286s] Level 5:colcon.colcon_core.verb:set package 'examples_rclpy_guard_conditions' build argument 'catkin_cmake_args' from command line to 'None'
[1.286s] Level 5:colcon.colcon_core.verb:set package 'examples_rclpy_guard_conditions' build argument 'catkin_skip_building_tests' from command line to 'False'
[1.287s] DEBUG:colcon.colcon_core.verb:Building package 'examples_rclpy_guard_conditions' with the following arguments: {'ament_cmake_args': None, 'build_base': '/home/capybariana/workspace/ros2_ws/build/examples_rclpy_guard_conditions', 'catkin_cmake_args': None, 'catkin_skip_building_tests': False, 'cmake_args': None, 'cmake_clean_cache': False, 'cmake_clean_first': False, 'cmake_force_configure': False, 'cmake_target': None, 'cmake_target_skip_unavailable': False, 'install_base': '/home/capybariana/workspace/ros2_ws/install/examples_rclpy_guard_conditions', 'merge_install': False, 'path': '/home/capybariana/workspace/ros2_ws/src/examples/rclpy/guard_conditions', 'symlink_install': True, 'test_result_base': None}
[1.287s] Level 5:colcon.colcon_core.verb:set package 'examples_rclpy_minimal_action_client' build argument 'cmake_args' from command line to 'None'
[1.287s] Level 5:colcon.colcon_core.verb:set package 'examples_rclpy_minimal_action_client' build argument 'cmake_target' from command line to 'None'
[1.287s] Level 5:colcon.colcon_core.verb:set package 'examples_rclpy_minimal_action_client' build argument 'cmake_target_skip_unavailable' from command line to 'False'
[1.287s] Level 5:colcon.colcon_core.verb:set package 'examples_rclpy_minimal_action_client' build argument 'cmake_clean_cache' from command line to 'False'
[1.287s] Level 5:colcon.colcon_core.verb:set package 'examples_rclpy_minimal_action_client' build argument 'cmake_clean_first' from command line to 'False'
[1.287s] Level 5:colcon.colcon_core.verb:set package 'examples_rclpy_minimal_action_client' build argument 'cmake_force_configure' from command line to 'False'
[1.287s] Level 5:colcon.colcon_core.verb:set package 'examples_rclpy_minimal_action_client' build argument 'ament_cmake_args' from command line to 'None'
[1.287s] Level 5:colcon.colcon_core.verb:set package 'examples_rclpy_minimal_action_client' build argument 'catkin_cmake_args' from command line to 'None'
[1.287s] Level 5:colcon.colcon_core.verb:set package 'examples_rclpy_minimal_action_client' build argument 'catkin_skip_building_tests' from command line to 'False'
[1.287s] DEBUG:colcon.colcon_core.verb:Building package 'examples_rclpy_minimal_action_client' with the following arguments: {'ament_cmake_args': None, 'build_base': '/home/capybariana/workspace/ros2_ws/build/examples_rclpy_minimal_action_client', 'catkin_cmake_args': None, 'catkin_skip_building_tests': False, 'cmake_args': None, 'cmake_clean_cache': False, 'cmake_clean_first': False, 'cmake_force_configure': False, 'cmake_target': None, 'cmake_target_skip_unavailable': False, 'install_base': '/home/capybariana/workspace/ros2_ws/install/examples_rclpy_minimal_action_client', 'merge_install': False, 'path': '/home/capybariana/workspace/ros2_ws/src/examples/rclpy/actions/minimal_action_client', 'symlink_install': True, 'test_result_base': None}
[1.287s] Level 5:colcon.colcon_core.verb:set package 'examples_rclpy_minimal_action_server' build argument 'cmake_args' from command line to 'None'
[1.287s] Level 5:colcon.colcon_core.verb:set package 'examples_rclpy_minimal_action_server' build argument 'cmake_target' from command line to 'None'
[1.287s] Level 5:colcon.colcon_core.verb:set package 'examples_rclpy_minimal_action_server' build argument 'cmake_target_skip_unavailable' from command line to 'False'
[1.287s] Level 5:colcon.colcon_core.verb:set package 'examples_rclpy_minimal_action_server' build argument 'cmake_clean_cache' from command line to 'False'
[1.287s] Level 5:colcon.colcon_core.verb:set package 'examples_rclpy_minimal_action_server' build argument 'cmake_clean_first' from command line to 'False'
[1.287s] Level 5:colcon.colcon_core.verb:set package 'examples_rclpy_minimal_action_server' build argument 'cmake_force_configure' from command line to 'False'
[1.287s] Level 5:colcon.colcon_core.verb:set package 'examples_rclpy_minimal_action_server' build argument 'ament_cmake_args' from command line to 'None'
[1.287s] Level 5:colcon.colcon_core.verb:set package 'examples_rclpy_minimal_action_server' build argument 'catkin_cmake_args' from command line to 'None'
[1.287s] Level 5:colcon.colcon_core.verb:set package 'examples_rclpy_minimal_action_server' build argument 'catkin_skip_building_tests' from command line to 'False'
[1.287s] DEBUG:colcon.colcon_core.verb:Building package 'examples_rclpy_minimal_action_server' with the following arguments: {'ament_cmake_args': None, 'build_base': '/home/capybariana/workspace/ros2_ws/build/examples_rclpy_minimal_action_server', 'catkin_cmake_args': None, 'catkin_skip_building_tests': False, 'cmake_args': None, 'cmake_clean_cache': False, 'cmake_clean_first': False, 'cmake_force_configure': False, 'cmake_target': None, 'cmake_target_skip_unavailable': False, 'install_base': '/home/capybariana/workspace/ros2_ws/install/examples_rclpy_minimal_action_server', 'merge_install': False, 'path': '/home/capybariana/workspace/ros2_ws/src/examples/rclpy/actions/minimal_action_server', 'symlink_install': True, 'test_result_base': None}
[1.288s] Level 5:colcon.colcon_core.verb:set package 'examples_rclpy_minimal_client' build argument 'cmake_args' from command line to 'None'
[1.288s] Level 5:colcon.colcon_core.verb:set package 'examples_rclpy_minimal_client' build argument 'cmake_target' from command line to 'None'
[1.288s] Level 5:colcon.colcon_core.verb:set package 'examples_rclpy_minimal_client' build argument 'cmake_target_skip_unavailable' from command line to 'False'
[1.288s] Level 5:colcon.colcon_core.verb:set package 'examples_rclpy_minimal_client' build argument 'cmake_clean_cache' from command line to 'False'
[1.288s] Level 5:colcon.colcon_core.verb:set package 'examples_rclpy_minimal_client' build argument 'cmake_clean_first' from command line to 'False'
[1.288s] Level 5:colcon.colcon_core.verb:set package 'examples_rclpy_minimal_client' build argument 'cmake_force_configure' from command line to 'False'
[1.288s] Level 5:colcon.colcon_core.verb:set package 'examples_rclpy_minimal_client' build argument 'ament_cmake_args' from command line to 'None'
[1.288s] Level 5:colcon.colcon_core.verb:set package 'examples_rclpy_minimal_client' build argument 'catkin_cmake_args' from command line to 'None'
[1.288s] Level 5:colcon.colcon_core.verb:set package 'examples_rclpy_minimal_client' build argument 'catkin_skip_building_tests' from command line to 'False'
[1.288s] DEBUG:colcon.colcon_core.verb:Building package 'examples_rclpy_minimal_client' with the following arguments: {'ament_cmake_args': None, 'build_base': '/home/capybariana/workspace/ros2_ws/build/examples_rclpy_minimal_client', 'catkin_cmake_args': None, 'catkin_skip_building_tests': False, 'cmake_args': None, 'cmake_clean_cache': False, 'cmake_clean_first': False, 'cmake_force_configure': False, 'cmake_target': None, 'cmake_target_skip_unavailable': False, 'install_base': '/home/capybariana/workspace/ros2_ws/install/examples_rclpy_minimal_client', 'merge_install': False, 'path': '/home/capybariana/workspace/ros2_ws/src/examples/rclpy/services/minimal_client', 'symlink_install': True, 'test_result_base': None}
[1.288s] Level 5:colcon.colcon_core.verb:set package 'examples_rclpy_minimal_publisher' build argument 'cmake_args' from command line to 'None'
[1.288s] Level 5:colcon.colcon_core.verb:set package 'examples_rclpy_minimal_publisher' build argument 'cmake_target' from command line to 'None'
[1.288s] Level 5:colcon.colcon_core.verb:set package 'examples_rclpy_minimal_publisher' build argument 'cmake_target_skip_unavailable' from command line to 'False'
[1.288s] Level 5:colcon.colcon_core.verb:set package 'examples_rclpy_minimal_publisher' build argument 'cmake_clean_cache' from command line to 'False'
[1.288s] Level 5:colcon.colcon_core.verb:set package 'examples_rclpy_minimal_publisher' build argument 'cmake_clean_first' from command line to 'False'
[1.288s] Level 5:colcon.colcon_core.verb:set package 'examples_rclpy_minimal_publisher' build argument 'cmake_force_configure' from command line to 'False'
[1.288s] Level 5:colcon.colcon_core.verb:set package 'examples_rclpy_minimal_publisher' build argument 'ament_cmake_args' from command line to 'None'
[1.288s] Level 5:colcon.colcon_core.verb:set package 'examples_rclpy_minimal_publisher' build argument 'catkin_cmake_args' from command line to 'None'
[1.288s] Level 5:colcon.colcon_core.verb:set package 'examples_rclpy_minimal_publisher' build argument 'catkin_skip_building_tests' from command line to 'False'
[1.289s] DEBUG:colcon.colcon_core.verb:Building package 'examples_rclpy_minimal_publisher' with the following arguments: {'ament_cmake_args': None, 'build_base': '/home/capybariana/workspace/ros2_ws/build/examples_rclpy_minimal_publisher', 'catkin_cmake_args': None, 'catkin_skip_building_tests': False, 'cmake_args': None, 'cmake_clean_cache': False, 'cmake_clean_first': False, 'cmake_force_configure': False, 'cmake_target': None, 'cmake_target_skip_unavailable': False, 'install_base': '/home/capybariana/workspace/ros2_ws/install/examples_rclpy_minimal_publisher', 'merge_install': False, 'path': '/home/capybariana/workspace/ros2_ws/src/examples/rclpy/topics/minimal_publisher', 'symlink_install': True, 'test_result_base': None}
[1.289s] Level 5:colcon.colcon_core.verb:set package 'examples_rclpy_minimal_service' build argument 'cmake_args' from command line to 'None'
[1.289s] Level 5:colcon.colcon_core.verb:set package 'examples_rclpy_minimal_service' build argument 'cmake_target' from command line to 'None'
[1.289s] Level 5:colcon.colcon_core.verb:set package 'examples_rclpy_minimal_service' build argument 'cmake_target_skip_unavailable' from command line to 'False'
[1.289s] Level 5:colcon.colcon_core.verb:set package 'examples_rclpy_minimal_service' build argument 'cmake_clean_cache' from command line to 'False'
[1.289s] Level 5:colcon.colcon_core.verb:set package 'examples_rclpy_minimal_service' build argument 'cmake_clean_first' from command line to 'False'
[1.289s] Level 5:colcon.colcon_core.verb:set package 'examples_rclpy_minimal_service' build argument 'cmake_force_configure' from command line to 'False'
[1.289s] Level 5:colcon.colcon_core.verb:set package 'examples_rclpy_minimal_service' build argument 'ament_cmake_args' from command line to 'None'
[1.289s] Level 5:colcon.colcon_core.verb:set package 'examples_rclpy_minimal_service' build argument 'catkin_cmake_args' from command line to 'None'
[1.289s] Level 5:colcon.colcon_core.verb:set package 'examples_rclpy_minimal_service' build argument 'catkin_skip_building_tests' from command line to 'False'
[1.289s] DEBUG:colcon.colcon_core.verb:Building package 'examples_rclpy_minimal_service' with the following arguments: {'ament_cmake_args': None, 'build_base': '/home/capybariana/workspace/ros2_ws/build/examples_rclpy_minimal_service', 'catkin_cmake_args': None, 'catkin_skip_building_tests': False, 'cmake_args': None, 'cmake_clean_cache': False, 'cmake_clean_first': False, 'cmake_force_configure': False, 'cmake_target': None, 'cmake_target_skip_unavailable': False, 'install_base': '/home/capybariana/workspace/ros2_ws/install/examples_rclpy_minimal_service', 'merge_install': False, 'path': '/home/capybariana/workspace/ros2_ws/src/examples/rclpy/services/minimal_service', 'symlink_install': True, 'test_result_base': None}
[1.289s] Level 5:colcon.colcon_core.verb:set package 'examples_rclpy_minimal_subscriber' build argument 'cmake_args' from command line to 'None'
[1.289s] Level 5:colcon.colcon_core.verb:set package 'examples_rclpy_minimal_subscriber' build argument 'cmake_target' from command line to 'None'
[1.289s] Level 5:colcon.colcon_core.verb:set package 'examples_rclpy_minimal_subscriber' build argument 'cmake_target_skip_unavailable' from command line to 'False'
[1.289s] Level 5:colcon.colcon_core.verb:set package 'examples_rclpy_minimal_subscriber' build argument 'cmake_clean_cache' from command line to 'False'
[1.289s] Level 5:colcon.colcon_core.verb:set package 'examples_rclpy_minimal_subscriber' build argument 'cmake_clean_first' from command line to 'False'
[1.289s] Level 5:colcon.colcon_core.verb:set package 'examples_rclpy_minimal_subscriber' build argument 'cmake_force_configure' from command line to 'False'
[1.289s] Level 5:colcon.colcon_core.verb:set package 'examples_rclpy_minimal_subscriber' build argument 'ament_cmake_args' from command line to 'None'
[1.289s] Level 5:colcon.colcon_core.verb:set package 'examples_rclpy_minimal_subscriber' build argument 'catkin_cmake_args' from command line to 'None'
[1.290s] Level 5:colcon.colcon_core.verb:set package 'examples_rclpy_minimal_subscriber' build argument 'catkin_skip_building_tests' from command line to 'False'
[1.290s] DEBUG:colcon.colcon_core.verb:Building package 'examples_rclpy_minimal_subscriber' with the following arguments: {'ament_cmake_args': None, 'build_base': '/home/capybariana/workspace/ros2_ws/build/examples_rclpy_minimal_subscriber', 'catkin_cmake_args': None, 'catkin_skip_building_tests': False, 'cmake_args': None, 'cmake_clean_cache': False, 'cmake_clean_first': False, 'cmake_force_configure': False, 'cmake_target': None, 'cmake_target_skip_unavailable': False, 'install_base': '/home/capybariana/workspace/ros2_ws/install/examples_rclpy_minimal_subscriber', 'merge_install': False, 'path': '/home/capybariana/workspace/ros2_ws/src/examples/rclpy/topics/minimal_subscriber', 'symlink_install': True, 'test_result_base': None}
[1.290s] Level 5:colcon.colcon_core.verb:set package 'examples_rclpy_pointcloud_publisher' build argument 'cmake_args' from command line to 'None'
[1.290s] Level 5:colcon.colcon_core.verb:set package 'examples_rclpy_pointcloud_publisher' build argument 'cmake_target' from command line to 'None'
[1.290s] Level 5:colcon.colcon_core.verb:set package 'examples_rclpy_pointcloud_publisher' build argument 'cmake_target_skip_unavailable' from command line to 'False'
[1.290s] Level 5:colcon.colcon_core.verb:set package 'examples_rclpy_pointcloud_publisher' build argument 'cmake_clean_cache' from command line to 'False'
[1.290s] Level 5:colcon.colcon_core.verb:set package 'examples_rclpy_pointcloud_publisher' build argument 'cmake_clean_first' from command line to 'False'
[1.290s] Level 5:colcon.colcon_core.verb:set package 'examples_rclpy_pointcloud_publisher' build argument 'cmake_force_configure' from command line to 'False'
[1.290s] Level 5:colcon.colcon_core.verb:set package 'examples_rclpy_pointcloud_publisher' build argument 'ament_cmake_args' from command line to 'None'
[1.290s] Level 5:colcon.colcon_core.verb:set package 'examples_rclpy_pointcloud_publisher' build argument 'catkin_cmake_args' from command line to 'None'
[1.290s] Level 5:colcon.colcon_core.verb:set package 'examples_rclpy_pointcloud_publisher' build argument 'catkin_skip_building_tests' from command line to 'False'
[1.290s] DEBUG:colcon.colcon_core.verb:Building package 'examples_rclpy_pointcloud_publisher' with the following arguments: {'ament_cmake_args': None, 'build_base': '/home/capybariana/workspace/ros2_ws/build/examples_rclpy_pointcloud_publisher', 'catkin_cmake_args': None, 'catkin_skip_building_tests': False, 'cmake_args': None, 'cmake_clean_cache': False, 'cmake_clean_first': False, 'cmake_force_configure': False, 'cmake_target': None, 'cmake_target_skip_unavailable': False, 'install_base': '/home/capybariana/workspace/ros2_ws/install/examples_rclpy_pointcloud_publisher', 'merge_install': False, 'path': '/home/capybariana/workspace/ros2_ws/src/examples/rclpy/topics/pointcloud_publisher', 'symlink_install': True, 'test_result_base': None}
[1.290s] Level 5:colcon.colcon_core.verb:set package 'full_name_pkg' build argument 'cmake_args' from command line to 'None'
[1.290s] Level 5:colcon.colcon_core.verb:set package 'full_name_pkg' build argument 'cmake_target' from command line to 'None'
[1.290s] Level 5:colcon.colcon_core.verb:set package 'full_name_pkg' build argument 'cmake_target_skip_unavailable' from command line to 'False'
[1.290s] Level 5:colcon.colcon_core.verb:set package 'full_name_pkg' build argument 'cmake_clean_cache' from command line to 'False'
[1.290s] Level 5:colcon.colcon_core.verb:set package 'full_name_pkg' build argument 'cmake_clean_first' from command line to 'False'
[1.290s] Level 5:colcon.colcon_core.verb:set package 'full_name_pkg' build argument 'cmake_force_configure' from command line to 'False'
[1.290s] Level 5:colcon.colcon_core.verb:set package 'full_name_pkg' build argument 'ament_cmake_args' from command line to 'None'
[1.291s] Level 5:colcon.colcon_core.verb:set package 'full_name_pkg' build argument 'catkin_cmake_args' from command line to 'None'
[1.291s] Level 5:colcon.colcon_core.verb:set package 'full_name_pkg' build argument 'catkin_skip_building_tests' from command line to 'False'
[1.291s] DEBUG:colcon.colcon_core.verb:Building package 'full_name_pkg' with the following arguments: {'ament_cmake_args': None, 'build_base': '/home/capybariana/workspace/ros2_ws/build/full_name_pkg', 'catkin_cmake_args': None, 'catkin_skip_building_tests': False, 'cmake_args': None, 'cmake_clean_cache': False, 'cmake_clean_first': False, 'cmake_force_configure': False, 'cmake_target': None, 'cmake_target_skip_unavailable': False, 'install_base': '/home/capybariana/workspace/ros2_ws/install/full_name_pkg', 'merge_install': False, 'path': '/home/capybariana/workspace/ros2_ws/src/full_name_pkg', 'symlink_install': True, 'test_result_base': None}
[1.291s] Level 5:colcon.colcon_core.verb:set package 'launch_testing_examples' build argument 'cmake_args' from command line to 'None'
[1.291s] Level 5:colcon.colcon_core.verb:set package 'launch_testing_examples' build argument 'cmake_target' from command line to 'None'
[1.291s] Level 5:colcon.colcon_core.verb:set package 'launch_testing_examples' build argument 'cmake_target_skip_unavailable' from command line to 'False'
[1.291s] Level 5:colcon.colcon_core.verb:set package 'launch_testing_examples' build argument 'cmake_clean_cache' from command line to 'False'
[1.291s] Level 5:colcon.colcon_core.verb:set package 'launch_testing_examples' build argument 'cmake_clean_first' from command line to 'False'
[1.291s] Level 5:colcon.colcon_core.verb:set package 'launch_testing_examples' build argument 'cmake_force_configure' from command line to 'False'
[1.291s] Level 5:colcon.colcon_core.verb:set package 'launch_testing_examples' build argument 'ament_cmake_args' from command line to 'None'
[1.291s] Level 5:colcon.colcon_core.verb:set package 'launch_testing_examples' build argument 'catkin_cmake_args' from command line to 'None'
[1.291s] Level 5:colcon.colcon_core.verb:set package 'launch_testing_examples' build argument 'catkin_skip_building_tests' from command line to 'False'
[1.291s] DEBUG:colcon.colcon_core.verb:Building package 'launch_testing_examples' with the following arguments: {'ament_cmake_args': None, 'build_base': '/home/capybariana/workspace/ros2_ws/build/launch_testing_examples', 'catkin_cmake_args': None, 'catkin_skip_building_tests': False, 'cmake_args': None, 'cmake_clean_cache': False, 'cmake_clean_first': False, 'cmake_force_configure': False, 'cmake_target': None, 'cmake_target_skip_unavailable': False, 'install_base': '/home/capybariana/workspace/ros2_ws/install/launch_testing_examples', 'merge_install': False, 'path': '/home/capybariana/workspace/ros2_ws/src/examples/launch_testing/launch_testing_examples', 'symlink_install': True, 'test_result_base': None}
[1.293s] Level 5:colcon.colcon_core.verb:set package 'move_to_goal' build argument 'cmake_args' from command line to 'None'
[1.293s] Level 5:colcon.colcon_core.verb:set package 'move_to_goal' build argument 'cmake_target' from command line to 'None'
[1.293s] Level 5:colcon.colcon_core.verb:set package 'move_to_goal' build argument 'cmake_target_skip_unavailable' from command line to 'False'
[1.293s] Level 5:colcon.colcon_core.verb:set package 'move_to_goal' build argument 'cmake_clean_cache' from command line to 'False'
[1.293s] Level 5:colcon.colcon_core.verb:set package 'move_to_goal' build argument 'cmake_clean_first' from command line to 'False'
[1.293s] Level 5:colcon.colcon_core.verb:set package 'move_to_goal' build argument 'cmake_force_configure' from command line to 'False'
[1.293s] Level 5:colcon.colcon_core.verb:set package 'move_to_goal' build argument 'ament_cmake_args' from command line to 'None'
[1.293s] Level 5:colcon.colcon_core.verb:set package 'move_to_goal' build argument 'catkin_cmake_args' from command line to 'None'
[1.293s] Level 5:colcon.colcon_core.verb:set package 'move_to_goal' build argument 'catkin_skip_building_tests' from command line to 'False'
[1.293s] DEBUG:colcon.colcon_core.verb:Building package 'move_to_goal' with the following arguments: {'ament_cmake_args': None, 'build_base': '/home/capybariana/workspace/ros2_ws/build/move_to_goal', 'catkin_cmake_args': None, 'catkin_skip_building_tests': False, 'cmake_args': None, 'cmake_clean_cache': False, 'cmake_clean_first': False, 'cmake_force_configure': False, 'cmake_target': None, 'cmake_target_skip_unavailable': False, 'install_base': '/home/capybariana/workspace/ros2_ws/install/move_to_goal', 'merge_install': False, 'path': '/home/capybariana/workspace/ros2_ws/src/move_to_goal', 'symlink_install': True, 'test_result_base': None}
[1.294s] Level 5:colcon.colcon_core.verb:set package 'service_full_name' build argument 'cmake_args' from command line to 'None'
[1.295s] Level 5:colcon.colcon_core.verb:set package 'service_full_name' build argument 'cmake_target' from command line to 'None'
[1.295s] Level 5:colcon.colcon_core.verb:set package 'service_full_name' build argument 'cmake_target_skip_unavailable' from command line to 'False'
[1.295s] Level 5:colcon.colcon_core.verb:set package 'service_full_name' build argument 'cmake_clean_cache' from command line to 'False'
[1.295s] Level 5:colcon.colcon_core.verb:set package 'service_full_name' build argument 'cmake_clean_first' from command line to 'False'
[1.296s] Level 5:colcon.colcon_core.verb:set package 'service_full_name' build argument 'cmake_force_configure' from command line to 'False'
[1.296s] Level 5:colcon.colcon_core.verb:set package 'service_full_name' build argument 'ament_cmake_args' from command line to 'None'
[1.296s] Level 5:colcon.colcon_core.verb:set package 'service_full_name' build argument 'catkin_cmake_args' from command line to 'None'
[1.296s] Level 5:colcon.colcon_core.verb:set package 'service_full_name' build argument 'catkin_skip_building_tests' from command line to 'False'
[1.296s] DEBUG:colcon.colcon_core.verb:Building package 'service_full_name' with the following arguments: {'ament_cmake_args': None, 'build_base': '/home/capybariana/workspace/ros2_ws/build/service_full_name', 'catkin_cmake_args': None, 'catkin_skip_building_tests': False, 'cmake_args': None, 'cmake_clean_cache': False, 'cmake_clean_first': False, 'cmake_force_configure': False, 'cmake_target': None, 'cmake_target_skip_unavailable': False, 'install_base': '/home/capybariana/workspace/ros2_ws/install/service_full_name', 'merge_install': False, 'path': '/home/capybariana/workspace/ros2_ws/src/service_full_name', 'symlink_install': True, 'test_result_base': None}
[1.297s] Level 5:colcon.colcon_core.verb:set package 'time_travel' build argument 'cmake_args' from command line to 'None'
[1.297s] Level 5:colcon.colcon_core.verb:set package 'time_travel' build argument 'cmake_target' from command line to 'None'
[1.297s] Level 5:colcon.colcon_core.verb:set package 'time_travel' build argument 'cmake_target_skip_unavailable' from command line to 'False'
[1.297s] Level 5:colcon.colcon_core.verb:set package 'time_travel' build argument 'cmake_clean_cache' from command line to 'False'
[1.297s] Level 5:colcon.colcon_core.verb:set package 'time_travel' build argument 'cmake_clean_first' from command line to 'False'
[1.298s] Level 5:colcon.colcon_core.verb:set package 'time_travel' build argument 'cmake_force_configure' from command line to 'False'
[1.298s] Level 5:colcon.colcon_core.verb:set package 'time_travel' build argument 'ament_cmake_args' from command line to 'None'
[1.298s] Level 5:colcon.colcon_core.verb:set package 'time_travel' build argument 'catkin_cmake_args' from command line to 'None'
[1.298s] Level 5:colcon.colcon_core.verb:set package 'time_travel' build argument 'catkin_skip_building_tests' from command line to 'False'
[1.298s] DEBUG:colcon.colcon_core.verb:Building package 'time_travel' with the following arguments: {'ament_cmake_args': None, 'build_base': '/home/capybariana/workspace/ros2_ws/build/time_travel', 'catkin_cmake_args': None, 'catkin_skip_building_tests': False, 'cmake_args': None, 'cmake_clean_cache': False, 'cmake_clean_first': False, 'cmake_force_configure': False, 'cmake_target': None, 'cmake_target_skip_unavailable': False, 'install_base': '/home/capybariana/workspace/ros2_ws/install/time_travel', 'merge_install': False, 'path': '/home/capybariana/workspace/ros2_ws/time_travel', 'symlink_install': True, 'test_result_base': None}
[1.300s] Level 5:colcon.colcon_core.verb:set package 'cleaning_robot' build argument 'cmake_args' from command line to 'None'
[1.301s] Level 5:colcon.colcon_core.verb:set package 'cleaning_robot' build argument 'cmake_target' from command line to 'None'
[1.301s] Level 5:colcon.colcon_core.verb:set package 'cleaning_robot' build argument 'cmake_target_skip_unavailable' from command line to 'False'
[1.301s] Level 5:colcon.colcon_core.verb:set package 'cleaning_robot' build argument 'cmake_clean_cache' from command line to 'False'
[1.301s] Level 5:colcon.colcon_core.verb:set package 'cleaning_robot' build argument 'cmake_clean_first' from command line to 'False'
[1.301s] Level 5:colcon.colcon_core.verb:set package 'cleaning_robot' build argument 'cmake_force_configure' from command line to 'False'
[1.301s] Level 5:colcon.colcon_core.verb:set package 'cleaning_robot' build argument 'ament_cmake_args' from command line to 'None'
[1.301s] Level 5:colcon.colcon_core.verb:set package 'cleaning_robot' build argument 'catkin_cmake_args' from command line to 'None'
[1.301s] Level 5:colcon.colcon_core.verb:set package 'cleaning_robot' build argument 'catkin_skip_building_tests' from command line to 'False'
[1.301s] DEBUG:colcon.colcon_core.verb:Building package 'cleaning_robot' with the following arguments: {'ament_cmake_args': None, 'build_base': '/home/capybariana/workspace/ros2_ws/build/cleaning_robot', 'catkin_cmake_args': None, 'catkin_skip_building_tests': False, 'cmake_args': None, 'cmake_clean_cache': False, 'cmake_clean_first': False, 'cmake_force_configure': False, 'cmake_target': None, 'cmake_target_skip_unavailable': False, 'install_base': '/home/capybariana/workspace/ros2_ws/install/cleaning_robot', 'merge_install': False, 'path': '/home/capybariana/workspace/ros2_ws/src/cleaning_robot', 'symlink_install': True, 'test_result_base': None}
[1.301s] INFO:colcon.colcon_core.executor:Executing jobs using 'parallel' executor
[1.303s] DEBUG:colcon.colcon_parallel_executor.executor.parallel:run_until_complete
[1.305s] INFO:colcon.colcon_ros.task.ament_cmake.build:Building ROS package in '/home/capybariana/workspace/ros2_ws/src/cleaning_robot_msgs' with build type 'ament_cmake'
[1.306s] INFO:colcon.colcon_cmake.task.cmake.build:Building CMake package in '/home/capybariana/workspace/ros2_ws/src/cleaning_robot_msgs'
[1.316s] INFO:colcon.colcon_core.plugin_system:Skipping extension 'colcon_core.shell.bat': Not used on non-Windows systems
[1.317s] INFO:colcon.colcon_core.shell:Skip shell extension 'powershell' for command environment: Not usable outside of PowerShell
[1.317s] DEBUG:colcon.colcon_core.shell:Skip shell extension 'dsv' for command environment
[1.323s] INFO:colcon.colcon_ros.task.ament_cmake.build:Building ROS package in '/home/capybariana/workspace/ros2_ws/src/capybariana' with build type 'ament_cmake'
[1.323s] INFO:colcon.colcon_cmake.task.cmake.build:Building CMake package in '/home/capybariana/workspace/ros2_ws/src/capybariana'
[1.324s] INFO:colcon.colcon_core.shell:Skip shell extension 'powershell' for command environment: Not usable outside of PowerShell
[1.324s] DEBUG:colcon.colcon_core.shell:Skip shell extension 'dsv' for command environment
[1.329s] INFO:colcon.colcon_core.task.python.build:Building Python package in '/home/capybariana/workspace/ros2_ws/src/ex02'
[1.329s] INFO:colcon.colcon_core.shell:Skip shell extension 'powershell' for command environment: Not usable outside of PowerShell
[1.329s] DEBUG:colcon.colcon_core.shell:Skip shell extension 'dsv' for command environment
[1.335s] INFO:colcon.colcon_ros.task.ament_python.build:Building ROS package in '/home/capybariana/workspace/ros2_ws/src/ex03' with build type 'ament_python'
[1.336s] Level 1:colcon.colcon_core.shell:create_environment_hook('ex03', 'ament_prefix_path')
[1.336s] INFO:colcon.colcon_core.shell:Creating environment hook '/home/capybariana/workspace/ros2_ws/install/ex03/share/ex03/hook/ament_prefix_path.ps1'
[1.338s] INFO:colcon.colcon_core.shell:Creating environment descriptor '/home/capybariana/workspace/ros2_ws/install/ex03/share/ex03/hook/ament_prefix_path.dsv'
[1.339s] INFO:colcon.colcon_core.shell:Creating environment hook '/home/capybariana/workspace/ros2_ws/install/ex03/share/ex03/hook/ament_prefix_path.sh'
[1.340s] INFO:colcon.colcon_core.shell:Skip shell extension 'powershell' for command environment: Not usable outside of PowerShell
[1.340s] DEBUG:colcon.colcon_core.shell:Skip shell extension 'dsv' for command environment
[1.344s] INFO:colcon.colcon_ros.task.ament_python.build:Building ROS package in '/home/capybariana/workspace/ros2_ws/src/ex10' with build type 'ament_python'
[1.344s] Level 1:colcon.colcon_core.shell:create_environment_hook('ex10', 'ament_prefix_path')
[1.344s] INFO:colcon.colcon_core.shell:Creating environment hook '/home/capybariana/workspace/ros2_ws/install/ex10/share/ex10/hook/ament_prefix_path.ps1'
[1.346s] INFO:colcon.colcon_core.shell:Creating environment descriptor '/home/capybariana/workspace/ros2_ws/install/ex10/share/ex10/hook/ament_prefix_path.dsv'
[1.346s] INFO:colcon.colcon_core.shell:Creating environment hook '/home/capybariana/workspace/ros2_ws/install/ex10/share/ex10/hook/ament_prefix_path.sh'
[1.347s] INFO:colcon.colcon_core.shell:Skip shell extension 'powershell' for command environment: Not usable outside of PowerShell
[1.347s] DEBUG:colcon.colcon_core.shell:Skip shell extension 'dsv' for command environment
[1.351s] INFO:colcon.colcon_ros.task.ament_cmake.build:Building ROS package in '/home/capybariana/workspace/ros2_ws/src/examples/rclcpp/services/async_client' with build type 'ament_cmake'
[1.351s] INFO:colcon.colcon_cmake.task.cmake.build:Building CMake package in '/home/capybariana/workspace/ros2_ws/src/examples/rclcpp/services/async_client'
[1.352s] INFO:colcon.colcon_core.shell:Skip shell extension 'powershell' for command environment: Not usable outside of PowerShell
[1.352s] DEBUG:colcon.colcon_core.shell:Skip shell extension 'dsv' for command environment
[1.359s] INFO:colcon.colcon_ros.task.ament_cmake.build:Building ROS package in '/home/capybariana/workspace/ros2_ws/src/examples/rclcpp/executors/cbg_executor' with build type 'ament_cmake'
[1.360s] INFO:colcon.colcon_cmake.task.cmake.build:Building CMake package in '/home/capybariana/workspace/ros2_ws/src/examples/rclcpp/executors/cbg_executor'
[1.360s] INFO:colcon.colcon_core.shell:Skip shell extension 'powershell' for command environment: Not usable outside of PowerShell
[1.361s] DEBUG:colcon.colcon_core.shell:Skip shell extension 'dsv' for command environment
[1.365s] INFO:colcon.colcon_ros.task.ament_cmake.build:Building ROS package in '/home/capybariana/workspace/ros2_ws/src/examples/rclcpp/actions/minimal_action_client' with build type 'ament_cmake'
[1.366s] INFO:colcon.colcon_cmake.task.cmake.build:Building CMake package in '/home/capybariana/workspace/ros2_ws/src/examples/rclcpp/actions/minimal_action_client'
[1.366s] INFO:colcon.colcon_core.shell:Skip shell extension 'powershell' for command environment: Not usable outside of PowerShell
[1.366s] DEBUG:colcon.colcon_core.shell:Skip shell extension 'dsv' for command environment
[1.372s] INFO:colcon.colcon_ros.task.ament_cmake.build:Building ROS package in '/home/capybariana/workspace/ros2_ws/src/examples/rclcpp/actions/minimal_action_server' with build type 'ament_cmake'
[1.372s] INFO:colcon.colcon_cmake.task.cmake.build:Building CMake package in '/home/capybariana/workspace/ros2_ws/src/examples/rclcpp/actions/minimal_action_server'
[1.372s] INFO:colcon.colcon_core.shell:Skip shell extension 'powershell' for command environment: Not usable outside of PowerShell
[1.372s] DEBUG:colcon.colcon_core.shell:Skip shell extension 'dsv' for command environment
[1.377s] INFO:colcon.colcon_ros.task.ament_cmake.build:Building ROS package in '/home/capybariana/workspace/ros2_ws/src/examples/rclcpp/services/minimal_client' with build type 'ament_cmake'
[1.377s] INFO:colcon.colcon_cmake.task.cmake.build:Building CMake package in '/home/capybariana/workspace/ros2_ws/src/examples/rclcpp/services/minimal_client'
[1.378s] INFO:colcon.colcon_core.shell:Skip shell extension 'powershell' for command environment: Not usable outside of PowerShell
[1.378s] DEBUG:colcon.colcon_core.shell:Skip shell extension 'dsv' for command environment
[1.383s] INFO:colcon.colcon_ros.task.ament_cmake.build:Building ROS package in '/home/capybariana/workspace/ros2_ws/src/examples/rclcpp/composition/minimal_composition' with build type 'ament_cmake'
[1.383s] INFO:colcon.colcon_cmake.task.cmake.build:Building CMake package in '/home/capybariana/workspace/ros2_ws/src/examples/rclcpp/composition/minimal_composition'
[1.384s] INFO:colcon.colcon_core.shell:Skip shell extension 'powershell' for command environment: Not usable outside of PowerShell
[1.384s] DEBUG:colcon.colcon_core.shell:Skip shell extension 'dsv' for command environment
[1.389s] INFO:colcon.colcon_ros.task.ament_cmake.build:Building ROS package in '/home/capybariana/workspace/ros2_ws/src/examples/rclcpp/topics/minimal_publisher' with build type 'ament_cmake'
[1.390s] INFO:colcon.colcon_cmake.task.cmake.build:Building CMake package in '/home/capybariana/workspace/ros2_ws/src/examples/rclcpp/topics/minimal_publisher'
[1.391s] INFO:colcon.colcon_core.shell:Skip shell extension 'powershell' for command environment: Not usable outside of PowerShell
[1.391s] DEBUG:colcon.colcon_core.shell:Skip shell extension 'dsv' for command environment
[1.411s] INFO:colcon.colcon_ros.task.ament_cmake.build:Building ROS package in '/home/capybariana/workspace/ros2_ws/src/examples/rclcpp/services/minimal_service' with build type 'ament_cmake'
[1.411s] INFO:colcon.colcon_cmake.task.cmake.build:Building CMake package in '/home/capybariana/workspace/ros2_ws/src/examples/rclcpp/services/minimal_service'
[1.411s] INFO:colcon.colcon_core.shell:Skip shell extension 'powershell' for command environment: Not usable outside of PowerShell
[1.412s] DEBUG:colcon.colcon_core.shell:Skip shell extension 'dsv' for command environment
[1.416s] INFO:colcon.colcon_ros.task.ament_cmake.build:Building ROS package in '/home/capybariana/workspace/ros2_ws/src/examples/rclcpp/topics/minimal_subscriber' with build type 'ament_cmake'
[1.417s] INFO:colcon.colcon_cmake.task.cmake.build:Building CMake package in '/home/capybariana/workspace/ros2_ws/src/examples/rclcpp/topics/minimal_subscriber'
[1.417s] INFO:colcon.colcon_core.shell:Skip shell extension 'powershell' for command environment: Not usable outside of PowerShell
[1.417s] DEBUG:colcon.colcon_core.shell:Skip shell extension 'dsv' for command environment
[1.422s] INFO:colcon.colcon_ros.task.ament_cmake.build:Building ROS package in '/home/capybariana/workspace/ros2_ws/src/examples/rclcpp/timers/minimal_timer' with build type 'ament_cmake'
[1.423s] INFO:colcon.colcon_cmake.task.cmake.build:Building CMake package in '/home/capybariana/workspace/ros2_ws/src/examples/rclcpp/timers/minimal_timer'
[1.423s] INFO:colcon.colcon_core.shell:Skip shell extension 'powershell' for command environment: Not usable outside of PowerShell
[1.423s] DEBUG:colcon.colcon_core.shell:Skip shell extension 'dsv' for command environment
[1.428s] INFO:colcon.colcon_ros.task.ament_cmake.build:Building ROS package in '/home/capybariana/workspace/ros2_ws/src/examples/rclcpp/executors/multithreaded_executor' with build type 'ament_cmake'
[1.428s] INFO:colcon.colcon_cmake.task.cmake.build:Building CMake package in '/home/capybariana/workspace/ros2_ws/src/examples/rclcpp/executors/multithreaded_executor'
[1.429s] INFO:colcon.colcon_core.shell:Skip shell extension 'powershell' for command environment: Not usable outside of PowerShell
[1.429s] DEBUG:colcon.colcon_core.shell:Skip shell extension 'dsv' for command environment
[1.442s] DEBUG:colcon.colcon_core.event_handler.log_command:Invoking command in '/home/capybariana/workspace/ros2_ws/build/cleaning_robot_msgs': CMAKE_PREFIX_PATH=${CMAKE_PREFIX_PATH}:/home/capybariana/workspace/ros2_ws/install/ex03:/home/capybariana/workspace/install/ex10:/home/capybariana/workspace/install/ex02:/home/capybariana/workspace/ros2_ws/src/install/cleaning_robot:/opt/ros/humble /usr/bin/cmake /home/capybariana/workspace/ros2_ws/src/cleaning_robot_msgs -DAMENT_CMAKE_SYMLINK_INSTALL=1 -DCMAKE_INSTALL_PREFIX=/home/capybariana/workspace/ros2_ws/install/cleaning_robot_msgs
[1.450s] DEBUG:colcon.colcon_core.event_handler.log_command:Invoking command in '/home/capybariana/workspace/ros2_ws/build/capybariana': CMAKE_PREFIX_PATH=${CMAKE_PREFIX_PATH}:/home/capybariana/workspace/ros2_ws/install/ex03:/home/capybariana/workspace/install/ex10:/home/capybariana/workspace/install/ex02:/home/capybariana/workspace/ros2_ws/src/install/cleaning_robot:/opt/ros/humble /usr/bin/cmake /home/capybariana/workspace/ros2_ws/src/capybariana -DAMENT_CMAKE_SYMLINK_INSTALL=1 -DCMAKE_INSTALL_PREFIX=/home/capybariana/workspace/ros2_ws/install/capybariana
[1.966s] INFO:colcon.colcon_core.task.python.build:Building Python package in '/home/capybariana/workspace/ros2_ws/src/ex03'
[1.967s] INFO:colcon.colcon_core.shell:Skip shell extension 'powershell' for command environment: Not usable outside of PowerShell
[1.967s] DEBUG:colcon.colcon_core.shell:Skip shell extension 'dsv' for command environment
[2.261s] INFO:colcon.colcon_core.task.python.build:Building Python package in '/home/capybariana/workspace/ros2_ws/src/ex10'
[2.261s] INFO:colcon.colcon_core.shell:Skip shell extension 'powershell' for command environment: Not usable outside of PowerShell
[2.261s] DEBUG:colcon.colcon_core.shell:Skip shell extension 'dsv' for command environment
[2.270s] DEBUG:colcon.colcon_core.event_handler.log_command:Invoking command in '/home/capybariana/workspace/ros2_ws/build/examples_rclcpp_async_client': CMAKE_PREFIX_PATH=${CMAKE_PREFIX_PATH}:/home/capybariana/workspace/ros2_ws/install/ex03:/home/capybariana/workspace/install/ex10:/home/capybariana/workspace/install/ex02:/home/capybariana/workspace/ros2_ws/src/install/cleaning_robot:/opt/ros/humble /usr/bin/cmake /home/capybariana/workspace/ros2_ws/src/examples/rclcpp/services/async_client -DAMENT_CMAKE_SYMLINK_INSTALL=1 -DCMAKE_INSTALL_PREFIX=/home/capybariana/workspace/ros2_ws/install/examples_rclcpp_async_client
[2.275s] DEBUG:colcon.colcon_core.event_handler.log_command:Invoking command in '/home/capybariana/workspace/ros2_ws/build/examples_rclcpp_cbg_executor': CMAKE_PREFIX_PATH=${CMAKE_PREFIX_PATH}:/home/capybariana/workspace/ros2_ws/install/ex03:/home/capybariana/workspace/install/ex10:/home/capybariana/workspace/install/ex02:/home/capybariana/workspace/ros2_ws/src/install/cleaning_robot:/opt/ros/humble /usr/bin/cmake /home/capybariana/workspace/ros2_ws/src/examples/rclcpp/executors/cbg_executor -DAMENT_CMAKE_SYMLINK_INSTALL=1 -DCMAKE_INSTALL_PREFIX=/home/capybariana/workspace/ros2_ws/install/examples_rclcpp_cbg_executor
[2.281s] DEBUG:colcon.colcon_core.event_handler.log_command:Invoking command in '/home/capybariana/workspace/ros2_ws/build/examples_rclcpp_minimal_action_client': CMAKE_PREFIX_PATH=${CMAKE_PREFIX_PATH}:/home/capybariana/workspace/ros2_ws/install/ex03:/home/capybariana/workspace/install/ex10:/home/capybariana/workspace/install/ex02:/home/capybariana/workspace/ros2_ws/src/install/cleaning_robot:/opt/ros/humble /usr/bin/cmake /home/capybariana/workspace/ros2_ws/src/examples/rclcpp/actions/minimal_action_client -DAMENT_CMAKE_SYMLINK_INSTALL=1 -DCMAKE_INSTALL_PREFIX=/home/capybariana/workspace/ros2_ws/install/examples_rclcpp_minimal_action_client
[2.285s] DEBUG:colcon.colcon_core.event_handler.log_command:Invoking command in '/home/capybariana/workspace/ros2_ws/build/examples_rclcpp_minimal_action_server': CMAKE_PREFIX_PATH=${CMAKE_PREFIX_PATH}:/home/capybariana/workspace/ros2_ws/install/ex03:/home/capybariana/workspace/install/ex10:/home/capybariana/workspace/install/ex02:/home/capybariana/workspace/ros2_ws/src/install/cleaning_robot:/opt/ros/humble /usr/bin/cmake /home/capybariana/workspace/ros2_ws/src/examples/rclcpp/actions/minimal_action_server -DAMENT_CMAKE_SYMLINK_INSTALL=1 -DCMAKE_INSTALL_PREFIX=/home/capybariana/workspace/ros2_ws/install/examples_rclcpp_minimal_action_server
[2.290s] DEBUG:colcon.colcon_core.event_handler.log_command:Invoking command in '/home/capybariana/workspace/ros2_ws/build/examples_rclcpp_minimal_client': CMAKE_PREFIX_PATH=${CMAKE_PREFIX_PATH}:/home/capybariana/workspace/ros2_ws/install/ex03:/home/capybariana/workspace/install/ex10:/home/capybariana/workspace/install/ex02:/home/capybariana/workspace/ros2_ws/src/install/cleaning_robot:/opt/ros/humble /usr/bin/cmake /home/capybariana/workspace/ros2_ws/src/examples/rclcpp/services/minimal_client -DAMENT_CMAKE_SYMLINK_INSTALL=1 -DCMAKE_INSTALL_PREFIX=/home/capybariana/workspace/ros2_ws/install/examples_rclcpp_minimal_client
[2.308s] DEBUG:colcon.colcon_core.event_handler.log_command:Invoking command in '/home/capybariana/workspace/ros2_ws/build/examples_rclcpp_minimal_composition': CMAKE_PREFIX_PATH=${CMAKE_PREFIX_PATH}:/home/capybariana/workspace/ros2_ws/install/ex03:/home/capybariana/workspace/install/ex10:/home/capybariana/workspace/install/ex02:/home/capybariana/workspace/ros2_ws/src/install/cleaning_robot:/opt/ros/humble /usr/bin/cmake /home/capybariana/workspace/ros2_ws/src/examples/rclcpp/composition/minimal_composition -DAMENT_CMAKE_SYMLINK_INSTALL=1 -DCMAKE_INSTALL_PREFIX=/home/capybariana/workspace/ros2_ws/install/examples_rclcpp_minimal_composition
[2.314s] DEBUG:colcon.colcon_core.event_handler.log_command:Invoking command in '/home/capybariana/workspace/ros2_ws/build/examples_rclcpp_minimal_publisher': CMAKE_PREFIX_PATH=${CMAKE_PREFIX_PATH}:/home/capybariana/workspace/ros2_ws/install/ex03:/home/capybariana/workspace/install/ex10:/home/capybariana/workspace/install/ex02:/home/capybariana/workspace/ros2_ws/src/install/cleaning_robot:/opt/ros/humble /usr/bin/cmake /home/capybariana/workspace/ros2_ws/src/examples/rclcpp/topics/minimal_publisher -DAMENT_CMAKE_SYMLINK_INSTALL=1 -DCMAKE_INSTALL_PREFIX=/home/capybariana/workspace/ros2_ws/install/examples_rclcpp_minimal_publisher
[2.318s] DEBUG:colcon.colcon_core.event_handler.log_command:Invoking command in '/home/capybariana/workspace/ros2_ws/build/examples_rclcpp_minimal_service': CMAKE_PREFIX_PATH=${CMAKE_PREFIX_PATH}:/home/capybariana/workspace/ros2_ws/install/ex03:/home/capybariana/workspace/install/ex10:/home/capybariana/workspace/install/ex02:/home/capybariana/workspace/ros2_ws/src/install/cleaning_robot:/opt/ros/humble /usr/bin/cmake /home/capybariana/workspace/ros2_ws/src/examples/rclcpp/services/minimal_service -DAMENT_CMAKE_SYMLINK_INSTALL=1 -DCMAKE_INSTALL_PREFIX=/home/capybariana/workspace/ros2_ws/install/examples_rclcpp_minimal_service
[2.331s] DEBUG:colcon.colcon_core.event_handler.log_command:Invoking command in '/home/capybariana/workspace/ros2_ws/build/examples_rclcpp_minimal_subscriber': CMAKE_PREFIX_PATH=${CMAKE_PREFIX_PATH}:/home/capybariana/workspace/ros2_ws/install/ex03:/home/capybariana/workspace/install/ex10:/home/capybariana/workspace/install/ex02:/home/capybariana/workspace/ros2_ws/src/install/cleaning_robot:/opt/ros/humble /usr/bin/cmake /home/capybariana/workspace/ros2_ws/src/examples/rclcpp/topics/minimal_subscriber -DAMENT_CMAKE_SYMLINK_INSTALL=1 -DCMAKE_INSTALL_PREFIX=/home/capybariana/workspace/ros2_ws/install/examples_rclcpp_minimal_subscriber
[2.339s] DEBUG:colcon.colcon_core.event_handler.log_command:Invoking command in '/home/capybariana/workspace/ros2_ws/build/examples_rclcpp_minimal_timer': CMAKE_PREFIX_PATH=${CMAKE_PREFIX_PATH}:/home/capybariana/workspace/ros2_ws/install/ex03:/home/capybariana/workspace/install/ex10:/home/capybariana/workspace/install/ex02:/home/capybariana/workspace/ros2_ws/src/install/cleaning_robot:/opt/ros/humble /usr/bin/cmake /home/capybariana/workspace/ros2_ws/src/examples/rclcpp/timers/minimal_timer -DAMENT_CMAKE_SYMLINK_INSTALL=1 -DCMAKE_INSTALL_PREFIX=/home/capybariana/workspace/ros2_ws/install/examples_rclcpp_minimal_timer
[2.356s] DEBUG:colcon.colcon_core.event_handler.log_command:Invoking command in '/home/capybariana/workspace/ros2_ws/build/examples_rclcpp_multithreaded_executor': CMAKE_PREFIX_PATH=${CMAKE_PREFIX_PATH}:/home/capybariana/workspace/ros2_ws/install/ex03:/home/capybariana/workspace/install/ex10:/home/capybariana/workspace/install/ex02:/home/capybariana/workspace/ros2_ws/src/install/cleaning_robot:/opt/ros/humble /usr/bin/cmake /home/capybariana/workspace/ros2_ws/src/examples/rclcpp/executors/multithreaded_executor -DAMENT_CMAKE_SYMLINK_INSTALL=1 -DCMAKE_INSTALL_PREFIX=/home/capybariana/workspace/ros2_ws/install/examples_rclcpp_multithreaded_executor
[2.942s] DEBUG:colcon.colcon_core.event_handler.log_command:Invoking command in '/home/capybariana/workspace/ros2_ws/build/ex02': PYTHONPATH=/home/capybariana/workspace/ros2_ws/build/ex02/prefix_override:/usr/lib/python3/dist-packages/colcon_core/task/python/colcon_distutils_commands:/home/capybariana/workspace/ros2_ws/install/ex02/lib/python3.10/site-packages:${PYTHONPATH} /usr/bin/python3 -W ignore:setup.py install is deprecated -W ignore:easy_install command is deprecated setup.py develop --editable --build-directory /home/capybariana/workspace/ros2_ws/build/ex02/build --no-deps symlink_data
[3.319s] DEBUG:colcon.colcon_core.event_handler.log_command:Invoking command in '/home/capybariana/workspace/ros2_ws/build/ex10': PYTHONPATH=/home/capybariana/workspace/ros2_ws/build/ex10/prefix_override:/usr/lib/python3/dist-packages/colcon_core/task/python/colcon_distutils_commands:/home/capybariana/workspace/ros2_ws/install/ex10/lib/python3.10/site-packages:${PYTHONPATH} /usr/bin/python3 -W ignore:setup.py install is deprecated -W ignore:easy_install command is deprecated setup.py develop --editable --build-directory /home/capybariana/workspace/ros2_ws/build/ex10/build --no-deps symlink_data
[3.371s] DEBUG:colcon.colcon_core.task.python.build:While undoing a previous installation files outside the Python library path are being ignored: /home/capybariana/workspace/ros2_ws/install/ex03/share/ament_index/resource_index/packages/ex03
[3.371s] DEBUG:colcon.colcon_core.task.python.build:While undoing a previous installation files outside the Python library path are being ignored: /home/capybariana/workspace/ros2_ws/install/ex03/share/ex03/package.xml
[3.371s] DEBUG:colcon.colcon_core.task.python.build:While undoing a previous installation files outside the Python library path are being ignored: /home/capybariana/workspace/ros2_ws/install/ex03/share/ex03/launch/turtle_tf2_demo.launch.py
[3.373s] DEBUG:colcon.colcon_core.task.python.build:While undoing a previous installation files outside the Python library path are being ignored: /home/capybariana/workspace/ros2_ws/install/ex03/lib/ex03/spawn_turtle
[3.373s] DEBUG:colcon.colcon_core.task.python.build:While undoing a previous installation files outside the Python library path are being ignored: /home/capybariana/workspace/ros2_ws/install/ex03/lib/ex03/turtle_tf2_broadcaster
[3.373s] DEBUG:colcon.colcon_core.task.python.build:While undoing a previous installation files outside the Python library path are being ignored: /home/capybariana/workspace/ros2_ws/install/ex03/lib/ex03/turtle_tf2_broadcaster2
[3.374s] DEBUG:colcon.colcon_core.task.python.build:While undoing a previous installation files outside the Python library path are being ignored: /home/capybariana/workspace/ros2_ws/install/ex03/lib/ex03/turtle_tf2_listener_delay
[3.384s] DEBUG:colcon.colcon_core.event_handler.log_command:Invoking command in '/home/capybariana/workspace/ros2_ws/build/ex03': PYTHONPATH=/home/capybariana/workspace/ros2_ws/build/ex03/prefix_override:/usr/lib/python3/dist-packages/colcon_core/task/python/colcon_distutils_commands:/home/capybariana/workspace/ros2_ws/install/ex03/lib/python3.10/site-packages:${PYTHONPATH} /usr/bin/python3 -W ignore:setup.py install is deprecated -W ignore:easy_install command is deprecated setup.py develop --editable --build-directory /home/capybariana/workspace/ros2_ws/build/ex03/build --no-deps symlink_data --force
[6.350s] DEBUG:colcon.colcon_parallel_executor.executor.parallel:run_until_complete was interrupted
[6.351s] DEBUG:colcon.colcon_parallel_executor.executor.parallel:run_until_complete again
[6.372s] Level 1:colcon.colcon_core.environment:create_environment_scripts_only(examples_rclcpp_minimal_action_server)
[6.397s] DEBUG:colcon.colcon_core.event_handler.log_command:Invoked command in '/home/capybariana/workspace/ros2_ws/build/examples_rclcpp_minimal_action_server' returned '-2': CMAKE_PREFIX_PATH=${CMAKE_PREFIX_PATH}:/home/capybariana/workspace/ros2_ws/install/ex03:/home/capybariana/workspace/install/ex10:/home/capybariana/workspace/install/ex02:/home/capybariana/workspace/ros2_ws/src/install/cleaning_robot:/opt/ros/humble /usr/bin/cmake /home/capybariana/workspace/ros2_ws/src/examples/rclcpp/actions/minimal_action_server -DAMENT_CMAKE_SYMLINK_INSTALL=1 -DCMAKE_INSTALL_PREFIX=/home/capybariana/workspace/ros2_ws/install/examples_rclcpp_minimal_action_server
[6.402s] Level 1:colcon.colcon_core.environment:checking '/home/capybariana/workspace/ros2_ws/install/examples_rclcpp_minimal_action_server' for CMake module files
[6.402s] Level 1:colcon.colcon_core.environment:checking '/home/capybariana/workspace/ros2_ws/install/examples_rclcpp_minimal_action_server' for CMake config files
[6.403s] Level 1:colcon.colcon_core.environment:checking '/home/capybariana/workspace/ros2_ws/install/examples_rclcpp_minimal_action_server/bin'
[6.403s] Level 1:colcon.colcon_core.environment:checking '/home/capybariana/workspace/ros2_ws/install/examples_rclcpp_minimal_action_server/lib/pkgconfig/examples_rclcpp_minimal_action_server.pc'
[6.403s] Level 1:colcon.colcon_core.environment:checking '/home/capybariana/workspace/ros2_ws/install/examples_rclcpp_minimal_action_server/lib/python3.10/site-packages'
[6.404s] Level 1:colcon.colcon_core.environment:checking '/home/capybariana/workspace/ros2_ws/install/examples_rclcpp_minimal_action_server/bin'
[6.404s] INFO:colcon.colcon_core.shell:Creating package script '/home/capybariana/workspace/ros2_ws/install/examples_rclcpp_minimal_action_server/share/examples_rclcpp_minimal_action_server/package.ps1'
[6.406s] INFO:colcon.colcon_core.shell:Creating package descriptor '/home/capybariana/workspace/ros2_ws/install/examples_rclcpp_minimal_action_server/share/examples_rclcpp_minimal_action_server/package.dsv'
[6.408s] INFO:colcon.colcon_core.shell:Creating package script '/home/capybariana/workspace/ros2_ws/install/examples_rclcpp_minimal_action_server/share/examples_rclcpp_minimal_action_server/package.sh'
[6.410s] INFO:colcon.colcon_core.shell:Creating package script '/home/capybariana/workspace/ros2_ws/install/examples_rclcpp_minimal_action_server/share/examples_rclcpp_minimal_action_server/package.bash'
[6.412s] INFO:colcon.colcon_core.shell:Creating package script '/home/capybariana/workspace/ros2_ws/install/examples_rclcpp_minimal_action_server/share/examples_rclcpp_minimal_action_server/package.zsh'
[6.413s] Level 1:colcon.colcon_core.environment:create_file_with_runtime_dependencies(/home/capybariana/workspace/ros2_ws/install/examples_rclcpp_minimal_action_server/share/colcon-core/packages/examples_rclcpp_minimal_action_server)
[6.435s] DEBUG:colcon.colcon_parallel_executor.executor.parallel:run_until_complete finished
[6.435s] DEBUG:colcon.colcon_parallel_executor.executor.parallel:closing loop
[6.435s] DEBUG:colcon.colcon_parallel_executor.executor.parallel:loop closed
[6.435s] DEBUG:colcon.colcon_core.event_reactor:joining thread
[6.534s] INFO:colcon.colcon_core.plugin_system:Skipping extension 'colcon_notification.desktop_notification.notify_send': Could not find 'notify-send'
[6.534s] INFO:colcon.colcon_core.plugin_system:Skipping extension 'colcon_notification.desktop_notification.terminal_notifier': Not used on non-Darwin systems
[6.534s] INFO:colcon.colcon_core.plugin_system:Skipping extension 'colcon_notification.desktop_notification.win32': Not used on non-Windows systems
[6.534s] INFO:colcon.colcon_notification.desktop_notification:Sending desktop notification using 'notify2'
[6.535s] DEBUG:colcon.colcon_notification.desktop_notification.notify2:Failed to initialize notify2: org.freedesktop.DBus.Error.FileNotFound: Failed to connect to socket /run/user/1000/bus: No such file or directory
[6.535s] DEBUG:colcon.colcon_core.event_reactor:joined thread
[6.536s] INFO:colcon.colcon_core.shell:Creating prefix script '/home/capybariana/workspace/ros2_ws/install/local_setup.ps1'
[6.538s] INFO:colcon.colcon_core.shell:Creating prefix util module '/home/capybariana/workspace/ros2_ws/install/_local_setup_util_ps1.py'
[6.540s] INFO:colcon.colcon_core.shell:Creating prefix chain script '/home/capybariana/workspace/ros2_ws/install/setup.ps1'
[6.541s] INFO:colcon.colcon_core.shell:Creating prefix script '/home/capybariana/workspace/ros2_ws/install/local_setup.sh'
[6.542s] INFO:colcon.colcon_core.shell:Creating prefix util module '/home/capybariana/workspace/ros2_ws/install/_local_setup_util_sh.py'
[6.543s] INFO:colcon.colcon_core.shell:Creating prefix chain script '/home/capybariana/workspace/ros2_ws/install/setup.sh'
[6.545s] INFO:colcon.colcon_core.shell:Creating prefix script '/home/capybariana/workspace/ros2_ws/install/local_setup.bash'
[6.545s] INFO:colcon.colcon_core.shell:Creating prefix chain script '/home/capybariana/workspace/ros2_ws/install/setup.bash'
[6.547s] INFO:colcon.colcon_core.shell:Creating prefix script '/home/capybariana/workspace/ros2_ws/install/local_setup.zsh'
[6.548s] INFO:colcon.colcon_core.shell:Creating prefix chain script '/home/capybariana/workspace/ros2_ws/install/setup.zsh'
